; Bambu Companion compact demo preview
G21
G90
M83
;TYPE:External perimeter
G0 X5.3 Y66.535 Z0.3
G1 X5.3 Y113.465 Z0.3 E1
G1 X174.7 Y113.465 Z0.3 E1
G1 X174.7 Y66.535 Z0.3 E1
G1 X5.36 Y66.535 Z0.3 E1
G0 X5.225 Y66.46 Z0.6
G1 X5.225 Y113.54 Z0.6 E1
G1 X174.775 Y113.54 Z0.6 E1
G1 X174.775 Y66.46 Z0.6 E1
G1 X5.285 Y66.46 Z0.6 E1
G0 X5.225 Y66.46 Z0.9
G1 X5.225 Y113.54 Z0.9 E1
G1 X174.775 Y113.54 Z0.9 E1
G1 X174.775 Y66.46 Z0.9 E1
G1 X5.285 Y66.46 Z0.9 E1
G0 X5.225 Y66.46 Z1.2
G1 X5.225 Y113.54 Z1.2 E1
G1 X174.775 Y113.54 Z1.2 E1
G1 X174.775 Y66.46 Z1.2 E1
G1 X5.285 Y66.46 Z1.2 E1
G0 X5.225 Y66.46 Z1.5
G1 X5.225 Y113.54 Z1.5 E1
G1 X174.775 Y113.54 Z1.5 E1
G1 X174.775 Y66.46 Z1.5 E1
G1 X5.285 Y66.46 Z1.5 E1
G0 X5.225 Y66.46 Z1.8
G1 X5.225 Y113.54 Z1.8 E1
G1 X174.775 Y113.54 Z1.8 E1
G1 X174.775 Y66.46 Z1.8 E1
G1 X5.285 Y66.46 Z1.8 E1
G0 X5.225 Y66.46 Z2.1
G1 X5.225 Y113.54 Z2.1 E1
G1 X174.775 Y113.54 Z2.1 E1
G1 X174.775 Y66.46 Z2.1 E1
G1 X5.285 Y66.46 Z2.1 E1
G0 X15.768 Y76.994 Z2.4
G1 X15.746 Y77.005 Z2.4 E1
G1 X15.701 Y77.193 Z2.4 E1
G1 X15.701 Y100.896 Z2.4 E1
G1 X15.77 Y101.044 Z2.4 E1
G1 X15.926 Y101.089 Z2.4 E1
G1 X21.884 Y101.089 Z2.4 E1
G1 X22.032 Y101.02 Z2.4 E1
G1 X22.077 Y100.832 Z2.4 E1
G1 X22.077 Y77.129 Z2.4 E1
G1 X22.008 Y76.981 Z2.4 E1
G1 X21.852 Y76.936 Z2.4 E1
G1 X15.894 Y76.936 Z2.4 E1
G1 X15.823 Y76.969 Z2.4 E1
G0 X25.638 Y77.319 Z2.4
G1 X25.577 Y77.193 Z2.4 E1
G1 X25.577 Y75.41 Z2.4 E1
G1 X23.827 Y75.41 Z2.4 E1
G1 X23.671 Y75.365 Z2.4 E1
G1 X23.602 Y75.218 Z2.4 E1
G1 X23.602 Y73.435 Z2.4 E1
G1 X14.176 Y73.435 Z2.4 E1
G1 X14.176 Y75.185 Z2.4 E1
G1 X14.13 Y75.342 Z2.4 E1
G1 X13.983 Y75.41 Z2.4 E1
G1 X12.2 Y75.41 Z2.4 E1
G1 X12.2 Y77.193 Z2.4 E1
G1 X12.129 Y77.342 Z2.4 E1
G1 X12.007 Y77.385 Z2.4 E1
G1 X10.225 Y77.385 Z2.4 E1
G1 X10.225 Y100.639 Z2.4 E1
G1 X12.007 Y100.639 Z2.4 E1
G1 X12.129 Y100.683 Z2.4 E1
G1 X12.2 Y100.832 Z2.4 E1
G1 X12.2 Y102.615 Z2.4 E1
G1 X13.951 Y102.615 Z2.4 E1
G1 X14.107 Y102.66 Z2.4 E1
G1 X14.176 Y102.807 Z2.4 E1
G1 X14.176 Y104.59 Z2.4 E1
G1 X23.602 Y104.59 Z2.4 E1
G1 X23.602 Y102.84 Z2.4 E1
G1 X23.647 Y102.683 Z2.4 E1
G1 X23.795 Y102.615 Z2.4 E1
G1 X25.577 Y102.615 Z2.4 E1
G1 X25.577 Y100.832 Z2.4 E1
G1 X25.649 Y100.683 Z2.4 E1
G1 X25.77 Y100.639 Z2.4 E1
G1 X27.553 Y100.639 Z2.4 E1
G1 X27.553 Y77.385 Z2.4 E1
G1 X25.77 Y77.385 Z2.4 E1
G1 X25.681 Y77.354 Z2.4 E1
G0 X49.346 Y76.994 Z2.4
G1 X49.474 Y76.936 Z2.4 E1
G1 X55.432 Y76.936 Z2.4 E1
G1 X55.588 Y76.981 Z2.4 E1
G1 X55.657 Y77.129 Z2.4 E1
G1 X55.657 Y104.59 Z2.4 E1
G1 X57.182 Y104.59 Z2.4 E1
G1 X57.182 Y102.807 Z2.4 E1
G1 X57.26 Y102.653 Z2.4 E1
G1 X57.375 Y102.615 Z2.4 E1
G1 X59.158 Y102.615 Z2.4 E1
G1 X59.158 Y100.832 Z2.4 E1
G1 X59.229 Y100.683 Z2.4 E1
G1 X59.351 Y100.639 Z2.4 E1
G1 X61.133 Y100.639 Z2.4 E1
G1 X61.133 Y77.385 Z2.4 E1
G1 X59.351 Y77.385 Z2.4 E1
G1 X59.229 Y77.342 Z2.4 E1
G1 X59.158 Y77.193 Z2.4 E1
G1 X59.158 Y75.41 Z2.4 E1
G1 X57.407 Y75.41 Z2.4 E1
G1 X57.251 Y75.365 Z2.4 E1
G1 X57.182 Y75.217 Z2.4 E1
G1 X57.182 Y73.435 Z2.4 E1
G1 X49.474 Y73.435 Z2.4 E1
G1 X49.358 Y73.396 Z2.4 E1
G1 X49.281 Y73.242 Z2.4 E1
G1 X49.281 Y71.46 Z2.4 E1
G1 X43.805 Y71.46 Z2.4 E1
G1 X43.805 Y73.242 Z2.4 E1
G1 X43.757 Y73.37 Z2.4 E1
G1 X43.612 Y73.435 Z2.4 E1
G1 X35.904 Y73.435 Z2.4 E1
G1 X35.904 Y75.185 Z2.4 E1
G1 X35.859 Y75.341 Z2.4 E1
G1 X35.711 Y75.41 Z2.4 E1
G1 X33.929 Y75.41 Z2.4 E1
G1 X33.929 Y77.193 Z2.4 E1
G1 X33.858 Y77.342 Z2.4 E1
G1 X33.736 Y77.385 Z2.4 E1
G1 X31.954 Y77.385 Z2.4 E1
G1 X31.954 Y100.639 Z2.4 E1
G1 X33.736 Y100.639 Z2.4 E1
G1 X33.858 Y100.683 Z2.4 E1
G1 X33.929 Y100.832 Z2.4 E1
G1 X33.929 Y102.615 Z2.4 E1
G1 X35.679 Y102.615 Z2.4 E1
G1 X35.827 Y102.653 Z2.4 E1
G1 X35.904 Y102.807 Z2.4 E1
G1 X35.904 Y104.59 Z2.4 E1
G1 X37.429 Y104.59 Z2.4 E1
G1 X37.43 Y77.193 Z2.4 E1
G1 X37.475 Y77.005 Z2.4 E1
G1 X37.622 Y76.936 Z2.4 E1
G1 X43.612 Y76.936 Z2.4 E1
G1 X43.757 Y77.001 Z2.4 E1
G1 X43.805 Y77.129 Z2.4 E1
G1 X43.805 Y104.59 Z2.4 E1
G1 X49.281 Y104.59 Z2.4 E1
G1 X49.281 Y77.129 Z2.4 E1
G1 X49.315 Y77.04 Z2.4 E1
G0 X77.323 Y87.208 Z2.4
G1 X77.329 Y87.205 Z2.4 E1
G1 X77.386 Y87.069 Z2.4 E1
G1 X77.386 Y77.129 Z2.4 E1
G1 X77.318 Y76.982 Z2.4 E1
G1 X77.193 Y76.936 Z2.4 E1
G1 X71.203 Y76.936 Z2.4 E1
G1 X71.055 Y77.005 Z2.4 E1
G1 X71.01 Y77.193 Z2.4 E1
G1 X71.01 Y87.069 Z2.4 E1
G1 X71.058 Y87.197 Z2.4 E1
G1 X71.203 Y87.262 Z2.4 E1
G1 X77.193 Y87.262 Z2.4 E1
G1 X77.267 Y87.231 Z2.4 E1
G0 X65.469 Y87.204 Z2.4
G1 X65.341 Y87.262 Z2.4 E1
G1 X63.558 Y87.262 Z2.4 E1
G1 X63.558 Y90.763 Z2.4 E1
G1 X65.341 Y90.763 Z2.4 E1
G1 X65.485 Y90.828 Z2.4 E1
G1 X65.534 Y90.955 Z2.4 E1
G1 X65.534 Y104.59 Z2.4 E1
G1 X71.01 Y104.59 Z2.4 E1
G1 X71.01 Y90.955 Z2.4 E1
G1 X71.058 Y90.828 Z2.4 E1
G1 X71.203 Y90.763 Z2.4 E1
G1 X77.193 Y90.763 Z2.4 E1
G1 X77.329 Y90.819 Z2.4 E1
G1 X77.386 Y90.955 Z2.4 E1
G1 X77.386 Y104.59 Z2.4 E1
G1 X78.911 Y104.59 Z2.4 E1
G1 X78.911 Y102.807 Z2.4 E1
G1 X78.988 Y102.653 Z2.4 E1
G1 X79.104 Y102.615 Z2.4 E1
G1 X80.886 Y102.615 Z2.4 E1
G1 X80.886 Y100.832 Z2.4 E1
G1 X80.957 Y100.683 Z2.4 E1
G1 X81.079 Y100.639 Z2.4 E1
G1 X82.861 Y100.639 Z2.4 E1
G1 X82.862 Y73.435 Z2.4 E1
G1 X69.485 Y73.435 Z2.4 E1
G1 X69.485 Y75.185 Z2.4 E1
G1 X69.439 Y75.342 Z2.4 E1
G1 X69.292 Y75.41 Z2.4 E1
G1 X67.509 Y75.41 Z2.4 E1
G1 X67.509 Y77.193 Z2.4 E1
G1 X67.438 Y77.342 Z2.4 E1
G1 X67.316 Y77.385 Z2.4 E1
G1 X65.534 Y77.385 Z2.4 E1
G1 X65.534 Y87.069 Z2.4 E1
G1 X65.5 Y87.158 Z2.4 E1
G0 X99.055 Y77.001 Z2.4
G1 X99.046 Y76.982 Z2.4 E1
G1 X98.921 Y76.936 Z2.4 E1
G1 X92.931 Y76.936 Z2.4 E1
G1 X92.783 Y77.005 Z2.4 E1
G1 X92.738 Y77.193 Z2.4 E1
G1 X92.738 Y87.069 Z2.4 E1
G1 X92.786 Y87.197 Z2.4 E1
G1 X92.931 Y87.262 Z2.4 E1
G1 X98.921 Y87.262 Z2.4 E1
G1 X99.069 Y87.193 Z2.4 E1
G1 X99.114 Y87.005 Z2.4 E1
G1 X99.114 Y77.129 Z2.4 E1
G1 X99.08 Y77.056 Z2.4 E1
G0 X92.803 Y93.131 Z2.4
G1 X92.786 Y93.123 Z2.4 E1
G1 X92.738 Y92.995 Z2.4 E1
G1 X92.738 Y90.955 Z2.4 E1
G1 X92.786 Y90.828 Z2.4 E1
G1 X92.931 Y90.763 Z2.4 E1
G1 X100.64 Y90.763 Z2.4 E1
G1 X100.64 Y89.012 Z2.4 E1
G1 X100.685 Y88.856 Z2.4 E1
G1 X100.832 Y88.787 Z2.4 E1
G1 X102.615 Y88.787 Z2.4 E1
G1 X102.615 Y87.005 Z2.4 E1
G1 X102.686 Y86.855 Z2.4 E1
G1 X102.807 Y86.812 Z2.4 E1
G1 X104.59 Y86.812 Z2.4 E1
G1 X104.59 Y73.435 Z2.4 E1
G1 X91.213 Y73.435 Z2.4 E1
G1 X91.213 Y75.185 Z2.4 E1
G1 X91.168 Y75.342 Z2.4 E1
G1 X91.02 Y75.41 Z2.4 E1
G1 X89.237 Y75.41 Z2.4 E1
G1 X89.237 Y77.193 Z2.4 E1
G1 X89.166 Y77.342 Z2.4 E1
G1 X89.045 Y77.385 Z2.4 E1
G1 X87.262 Y77.385 Z2.4 E1
G1 X87.262 Y87.069 Z2.4 E1
G1 X87.214 Y87.197 Z2.4 E1
G1 X87.069 Y87.262 Z2.4 E1
G1 X85.287 Y87.262 Z2.4 E1
G1 X85.287 Y90.763 Z2.4 E1
G1 X87.069 Y90.763 Z2.4 E1
G1 X87.214 Y90.828 Z2.4 E1
G1 X87.262 Y90.955 Z2.4 E1
G1 X87.262 Y92.995 Z2.4 E1
G1 X87.214 Y93.123 Z2.4 E1
G1 X87.069 Y93.188 Z2.4 E1
G1 X85.287 Y93.188 Z2.4 E1
G1 X85.287 Y96.689 Z2.4 E1
G1 X87.069 Y96.689 Z2.4 E1
G1 X87.214 Y96.754 Z2.4 E1
G1 X87.262 Y96.882 Z2.4 E1
G1 X87.262 Y108.54 Z2.4 E1
G1 X92.738 Y108.541 Z2.4 E1
G1 X92.738 Y96.882 Z2.4 E1
G1 X92.786 Y96.754 Z2.4 E1
G1 X92.931 Y96.689 Z2.4 E1
G1 X98.921 Y96.689 Z2.4 E1
G1 X99.046 Y96.735 Z2.4 E1
G1 X99.114 Y96.882 Z2.4 E1
G1 X99.114 Y108.54 Z2.4 E1
G1 X100.903 Y108.54 Z2.4 E1
G1 X100.903 Y106.758 Z2.4 E1
G1 X100.966 Y106.615 Z2.4 E1
G1 X101.095 Y106.565 Z2.4 E1
G1 X102.615 Y106.565 Z2.4 E1
G1 X102.615 Y104.783 Z2.4 E1
G1 X102.686 Y104.633 Z2.4 E1
G1 X102.807 Y104.59 Z2.4 E1
G1 X104.59 Y104.59 Z2.4 E1
G1 X104.59 Y93.188 Z2.4 E1
G1 X92.931 Y93.188 Z2.4 E1
G1 X92.857 Y93.155 Z2.4 E1
G0 X124.403 Y80.952 Z2.4
G1 X124.414 Y80.929 Z2.4 E1
G1 X124.536 Y80.886 Z2.4 E1
G1 X126.318 Y80.886 Z2.4 E1
G1 X126.318 Y73.435 Z2.4 E1
G1 X112.941 Y73.435 Z2.4 E1
G1 X112.941 Y75.185 Z2.4 E1
G1 X112.896 Y75.342 Z2.4 E1
G1 X112.748 Y75.41 Z2.4 E1
G1 X110.966 Y75.41 Z2.4 E1
G1 X110.966 Y77.193 Z2.4 E1
G1 X110.894 Y77.342 Z2.4 E1
G1 X110.773 Y77.385 Z2.4 E1
G1 X108.99 Y77.385 Z2.4 E1
G1 X108.99 Y104.59 Z2.4 E1
G1 X122.368 Y104.59 Z2.4 E1
G1 X122.368 Y102.84 Z2.4 E1
G1 X122.413 Y102.683 Z2.4 E1
G1 X122.56 Y102.615 Z2.4 E1
G1 X124.343 Y102.614 Z2.4 E1
G1 X124.343 Y100.832 Z2.4 E1
G1 X124.42 Y100.678 Z2.4 E1
G1 X124.536 Y100.639 Z2.4 E1
G1 X126.318 Y100.639 Z2.4 E1
G1 X126.318 Y97.139 Z2.4 E1
G1 X124.568 Y97.139 Z2.4 E1
G1 X124.42 Y97.1 Z2.4 E1
G1 X124.343 Y96.946 Z2.4 E1
G1 X124.343 Y95.163 Z2.4 E1
G1 X122.593 Y95.163 Z2.4 E1
G1 X122.445 Y95.125 Z2.4 E1
G1 X122.368 Y94.97 Z2.4 E1
G1 X122.368 Y93.188 Z2.4 E1
G1 X120.842 Y93.188 Z2.4 E1
G1 X120.842 Y100.832 Z2.4 E1
G1 X120.797 Y101.02 Z2.4 E1
G1 X120.649 Y101.089 Z2.4 E1
G1 X114.659 Y101.089 Z2.4 E1
G1 X114.534 Y101.043 Z2.4 E1
G1 X114.466 Y100.896 Z2.4 E1
G1 X114.466 Y77.193 Z2.4 E1
G1 X114.512 Y77.005 Z2.4 E1
G1 X114.659 Y76.936 Z2.4 E1
G1 X120.649 Y76.936 Z2.4 E1
G1 X120.775 Y76.982 Z2.4 E1
G1 X120.842 Y77.129 Z2.4 E1
G1 X120.842 Y84.837 Z2.4 E1
G1 X122.368 Y84.837 Z2.4 E1
G1 X122.368 Y83.054 Z2.4 E1
G1 X122.445 Y82.9 Z2.4 E1
G1 X122.56 Y82.861 Z2.4 E1
G1 X124.343 Y82.861 Z2.4 E1
G1 X124.343 Y81.079 Z2.4 E1
G1 X124.377 Y81.006 Z2.4 E1
G0 X148.109 Y88.855 Z2.4
G1 X148.122 Y88.827 Z2.4 E1
G1 X148.239 Y88.787 Z2.4 E1
G1 X150.022 Y88.787 Z2.4 E1
G1 X150.022 Y87.262 Z2.4 E1
G1 X148.239 Y87.262 Z2.4 E1
G1 X148.122 Y87.222 Z2.4 E1
G1 X148.047 Y87.069 Z2.4 E1
G1 X148.047 Y77.385 Z2.4 E1
G1 X146.264 Y77.385 Z2.4 E1
G1 X146.142 Y77.342 Z2.4 E1
G1 X146.071 Y77.193 Z2.4 E1
G1 X146.071 Y75.41 Z2.4 E1
G1 X144.321 Y75.41 Z2.4 E1
G1 X144.173 Y75.372 Z2.4 E1
G1 X144.096 Y75.217 Z2.4 E1
G1 X144.096 Y73.435 Z2.4 E1
G1 X142.571 Y73.435 Z2.4 E1
G1 X142.571 Y87.069 Z2.4 E1
G1 X142.515 Y87.205 Z2.4 E1
G1 X142.378 Y87.262 Z2.4 E1
G1 X136.388 Y87.262 Z2.4 E1
G1 X136.243 Y87.197 Z2.4 E1
G1 X136.195 Y87.069 Z2.4 E1
G1 X136.195 Y73.435 Z2.4 E1
G1 X134.669 Y73.435 Z2.4 E1
G1 X134.669 Y75.218 Z2.4 E1
G1 X134.592 Y75.372 Z2.4 E1
G1 X134.477 Y75.41 Z2.4 E1
G1 X132.694 Y75.41 Z2.4 E1
G1 X132.694 Y77.193 Z2.4 E1
G1 X132.623 Y77.342 Z2.4 E1
G1 X132.501 Y77.385 Z2.4 E1
G1 X130.719 Y77.385 Z2.4 E1
G1 X130.719 Y87.069 Z2.4 E1
G1 X130.67 Y87.197 Z2.4 E1
G1 X130.526 Y87.262 Z2.4 E1
G1 X128.744 Y87.262 Z2.4 E1
G1 X128.744 Y89.012 Z2.4 E1
G1 X128.705 Y89.16 Z2.4 E1
G1 X128.551 Y89.237 Z2.4 E1
G1 X126.768 Y89.237 Z2.4 E1
G1 X126.768 Y90.763 Z2.4 E1
G1 X130.526 Y90.763 Z2.4 E1
G1 X130.67 Y90.828 Z2.4 E1
G1 X130.719 Y90.955 Z2.4 E1
G1 X130.719 Y104.59 Z2.4 E1
G1 X136.195 Y104.59 Z2.4 E1
G1 X136.195 Y90.955 Z2.4 E1
G1 X136.243 Y90.828 Z2.4 E1
G1 X136.388 Y90.763 Z2.4 E1
G1 X142.378 Y90.763 Z2.4 E1
G1 X142.515 Y90.82 Z2.4 E1
G1 X142.571 Y90.955 Z2.4 E1
G1 X142.571 Y104.59 Z2.4 E1
G1 X144.096 Y104.59 Z2.4 E1
G1 X144.096 Y102.807 Z2.4 E1
G1 X144.173 Y102.653 Z2.4 E1
G1 X144.289 Y102.615 Z2.4 E1
G1 X146.071 Y102.615 Z2.4 E1
G1 X146.071 Y100.832 Z2.4 E1
G1 X146.142 Y100.683 Z2.4 E1
G1 X146.264 Y100.639 Z2.4 E1
G1 X148.047 Y100.639 Z2.4 E1
G1 X148.047 Y88.98 Z2.4 E1
G1 X148.082 Y88.908 Z2.4 E1
G0 X157.982 Y101.023 Z2.4
G1 X157.923 Y100.896 Z2.4 E1
G1 X157.923 Y93.188 Z2.4 E1
G1 X154.423 Y93.188 Z2.4 E1
G1 X154.423 Y94.97 Z2.4 E1
G1 X154.351 Y95.12 Z2.4 E1
G1 X154.23 Y95.163 Z2.4 E1
G1 X152.447 Y95.163 Z2.4 E1
G1 X152.447 Y100.639 Z2.4 E1
G1 X154.23 Y100.639 Z2.4 E1
G1 X154.351 Y100.683 Z2.4 E1
G1 X154.423 Y100.832 Z2.4 E1
G1 X154.423 Y102.614 Z2.4 E1
G1 X156.173 Y102.614 Z2.4 E1
G1 X156.329 Y102.66 Z2.4 E1
G1 X156.398 Y102.807 Z2.4 E1
G1 X156.398 Y104.59 Z2.4 E1
G1 X165.824 Y104.59 Z2.4 E1
G1 X165.824 Y102.84 Z2.4 E1
G1 X165.87 Y102.683 Z2.4 E1
G1 X166.017 Y102.615 Z2.4 E1
G1 X167.8 Y102.615 Z2.4 E1
G1 X167.8 Y100.832 Z2.4 E1
G1 X167.871 Y100.683 Z2.4 E1
G1 X167.993 Y100.639 Z2.4 E1
G1 X169.775 Y100.639 Z2.4 E1
G1 X169.775 Y77.386 Z2.4 E1
G1 X167.993 Y77.386 Z2.4 E1
G1 X167.871 Y77.342 Z2.4 E1
G1 X167.8 Y77.193 Z2.4 E1
G1 X167.8 Y75.41 Z2.4 E1
G1 X166.049 Y75.41 Z2.4 E1
G1 X165.902 Y75.372 Z2.4 E1
G1 X165.824 Y75.217 Z2.4 E1
G1 X165.824 Y73.435 Z2.4 E1
G1 X164.299 Y73.435 Z2.4 E1
G1 X164.299 Y87.069 Z2.4 E1
G1 X164.243 Y87.205 Z2.4 E1
G1 X164.106 Y87.262 Z2.4 E1
G1 X158.116 Y87.262 Z2.4 E1
G1 X157.991 Y87.216 Z2.4 E1
G1 X157.923 Y87.069 Z2.4 E1
G1 X157.923 Y73.435 Z2.4 E1
G1 X156.398 Y73.435 Z2.4 E1
G1 X156.398 Y75.218 Z2.4 E1
G1 X156.321 Y75.372 Z2.4 E1
G1 X156.205 Y75.41 Z2.4 E1
G1 X154.423 Y75.41 Z2.4 E1
G1 X154.423 Y77.193 Z2.4 E1
G1 X154.351 Y77.342 Z2.4 E1
G1 X154.23 Y77.385 Z2.4 E1
G1 X152.447 Y77.385 Z2.4 E1
G1 X152.447 Y90.763 Z2.4 E1
G1 X164.106 Y90.763 Z2.4 E1
G1 X164.243 Y90.82 Z2.4 E1
G1 X164.299 Y90.955 Z2.4 E1
G1 X164.299 Y100.832 Z2.4 E1
G1 X164.254 Y101.02 Z2.4 E1
G1 X164.106 Y101.089 Z2.4 E1
G1 X158.148 Y101.089 Z2.4 E1
G1 X158.027 Y101.054 Z2.4 E1
G0 X15.768 Y76.994 Z2.7
G1 X15.746 Y77.005 Z2.7 E1
G1 X15.701 Y77.193 Z2.7 E1
G1 X15.701 Y100.896 Z2.7 E1
G1 X15.77 Y101.044 Z2.7 E1
G1 X15.926 Y101.089 Z2.7 E1
G1 X21.884 Y101.089 Z2.7 E1
G1 X22.032 Y101.02 Z2.7 E1
G1 X22.077 Y100.832 Z2.7 E1
G1 X22.077 Y77.129 Z2.7 E1
G1 X22.008 Y76.981 Z2.7 E1
G1 X21.852 Y76.936 Z2.7 E1
G1 X15.894 Y76.936 Z2.7 E1
G1 X15.823 Y76.969 Z2.7 E1
G0 X25.638 Y77.319 Z2.7
G1 X25.577 Y77.193 Z2.7 E1
G1 X25.577 Y75.41 Z2.7 E1
G1 X23.827 Y75.41 Z2.7 E1
G1 X23.671 Y75.365 Z2.7 E1
G1 X23.602 Y75.218 Z2.7 E1
G1 X23.602 Y73.435 Z2.7 E1
G1 X14.176 Y73.435 Z2.7 E1
G1 X14.176 Y75.185 Z2.7 E1
G1 X14.13 Y75.342 Z2.7 E1
G1 X13.983 Y75.41 Z2.7 E1
G1 X12.2 Y75.41 Z2.7 E1
G1 X12.2 Y77.193 Z2.7 E1
G1 X12.129 Y77.342 Z2.7 E1
G1 X12.007 Y77.385 Z2.7 E1
G1 X10.225 Y77.385 Z2.7 E1
G1 X10.225 Y100.639 Z2.7 E1
G1 X12.007 Y100.639 Z2.7 E1
G1 X12.129 Y100.683 Z2.7 E1
G1 X12.2 Y100.832 Z2.7 E1
G1 X12.2 Y102.615 Z2.7 E1
G1 X13.951 Y102.615 Z2.7 E1
G1 X14.107 Y102.66 Z2.7 E1
G1 X14.176 Y102.807 Z2.7 E1
G1 X14.176 Y104.59 Z2.7 E1
G1 X23.602 Y104.59 Z2.7 E1
G1 X23.602 Y102.84 Z2.7 E1
G1 X23.647 Y102.683 Z2.7 E1
G1 X23.795 Y102.615 Z2.7 E1
G1 X25.577 Y102.615 Z2.7 E1
G1 X25.577 Y100.832 Z2.7 E1
G1 X25.649 Y100.683 Z2.7 E1
G1 X25.77 Y100.639 Z2.7 E1
G1 X27.553 Y100.639 Z2.7 E1
G1 X27.553 Y77.385 Z2.7 E1
G1 X25.77 Y77.385 Z2.7 E1
G1 X25.681 Y77.354 Z2.7 E1
G0 X49.346 Y76.994 Z2.7
G1 X49.474 Y76.936 Z2.7 E1
G1 X55.432 Y76.936 Z2.7 E1
G1 X55.588 Y76.981 Z2.7 E1
G1 X55.657 Y77.129 Z2.7 E1
G1 X55.657 Y104.59 Z2.7 E1
G1 X57.182 Y104.59 Z2.7 E1
G1 X57.182 Y102.807 Z2.7 E1
G1 X57.26 Y102.653 Z2.7 E1
G1 X57.375 Y102.615 Z2.7 E1
G1 X59.158 Y102.615 Z2.7 E1
G1 X59.158 Y100.832 Z2.7 E1
G1 X59.229 Y100.683 Z2.7 E1
G1 X59.351 Y100.639 Z2.7 E1
G1 X61.133 Y100.639 Z2.7 E1
G1 X61.133 Y77.385 Z2.7 E1
G1 X59.351 Y77.385 Z2.7 E1
G1 X59.229 Y77.342 Z2.7 E1
G1 X59.158 Y77.193 Z2.7 E1
G1 X59.158 Y75.41 Z2.7 E1
G1 X57.407 Y75.41 Z2.7 E1
G1 X57.251 Y75.365 Z2.7 E1
G1 X57.182 Y75.217 Z2.7 E1
G1 X57.182 Y73.435 Z2.7 E1
G1 X49.474 Y73.435 Z2.7 E1
G1 X49.358 Y73.396 Z2.7 E1
G1 X49.281 Y73.242 Z2.7 E1
G1 X49.281 Y71.46 Z2.7 E1
G1 X43.805 Y71.46 Z2.7 E1
G1 X43.805 Y73.242 Z2.7 E1
G1 X43.757 Y73.37 Z2.7 E1
G1 X43.612 Y73.435 Z2.7 E1
G1 X35.904 Y73.435 Z2.7 E1
G1 X35.904 Y75.185 Z2.7 E1
G1 X35.859 Y75.341 Z2.7 E1
G1 X35.711 Y75.41 Z2.7 E1
G1 X33.929 Y75.41 Z2.7 E1
G1 X33.929 Y77.193 Z2.7 E1
G1 X33.858 Y77.342 Z2.7 E1
G1 X33.736 Y77.385 Z2.7 E1
G1 X31.954 Y77.385 Z2.7 E1
G1 X31.954 Y100.639 Z2.7 E1
G1 X33.736 Y100.639 Z2.7 E1
G1 X33.858 Y100.683 Z2.7 E1
G1 X33.929 Y100.832 Z2.7 E1
G1 X33.929 Y102.615 Z2.7 E1
G1 X35.679 Y102.615 Z2.7 E1
G1 X35.827 Y102.653 Z2.7 E1
G1 X35.904 Y102.807 Z2.7 E1
G1 X35.904 Y104.59 Z2.7 E1
G1 X37.429 Y104.59 Z2.7 E1
G1 X37.43 Y77.193 Z2.7 E1
G1 X37.475 Y77.005 Z2.7 E1
G1 X37.622 Y76.936 Z2.7 E1
G1 X43.612 Y76.936 Z2.7 E1
G1 X43.757 Y77.001 Z2.7 E1
G1 X43.805 Y77.129 Z2.7 E1
G1 X43.805 Y104.59 Z2.7 E1
G1 X49.281 Y104.59 Z2.7 E1
G1 X49.281 Y77.129 Z2.7 E1
G1 X49.315 Y77.04 Z2.7 E1
G0 X77.323 Y87.208 Z2.7
G1 X77.329 Y87.205 Z2.7 E1
G1 X77.386 Y87.069 Z2.7 E1
G1 X77.386 Y77.129 Z2.7 E1
G1 X77.318 Y76.982 Z2.7 E1
G1 X77.193 Y76.936 Z2.7 E1
G1 X71.203 Y76.936 Z2.7 E1
G1 X71.055 Y77.005 Z2.7 E1
G1 X71.01 Y77.193 Z2.7 E1
G1 X71.01 Y87.069 Z2.7 E1
G1 X71.058 Y87.197 Z2.7 E1
G1 X71.203 Y87.262 Z2.7 E1
G1 X77.193 Y87.262 Z2.7 E1
G1 X77.267 Y87.231 Z2.7 E1
G0 X65.469 Y87.204 Z2.7
G1 X65.341 Y87.262 Z2.7 E1
G1 X63.558 Y87.262 Z2.7 E1
G1 X63.558 Y90.763 Z2.7 E1
G1 X65.341 Y90.763 Z2.7 E1
G1 X65.485 Y90.828 Z2.7 E1
G1 X65.534 Y90.955 Z2.7 E1
G1 X65.534 Y104.59 Z2.7 E1
G1 X71.01 Y104.59 Z2.7 E1
G1 X71.01 Y90.955 Z2.7 E1
G1 X71.058 Y90.828 Z2.7 E1
G1 X71.203 Y90.763 Z2.7 E1
G1 X77.193 Y90.763 Z2.7 E1
G1 X77.329 Y90.819 Z2.7 E1
G1 X77.386 Y90.955 Z2.7 E1
G1 X77.386 Y104.59 Z2.7 E1
G1 X78.911 Y104.59 Z2.7 E1
G1 X78.911 Y102.807 Z2.7 E1
G1 X78.988 Y102.653 Z2.7 E1
G1 X79.104 Y102.615 Z2.7 E1
G1 X80.886 Y102.615 Z2.7 E1
G1 X80.886 Y100.832 Z2.7 E1
G1 X80.957 Y100.683 Z2.7 E1
G1 X81.079 Y100.639 Z2.7 E1
G1 X82.861 Y100.639 Z2.7 E1
G1 X82.862 Y73.435 Z2.7 E1
G1 X69.485 Y73.435 Z2.7 E1
G1 X69.485 Y75.185 Z2.7 E1
G1 X69.439 Y75.342 Z2.7 E1
G1 X69.292 Y75.41 Z2.7 E1
G1 X67.509 Y75.41 Z2.7 E1
G1 X67.509 Y77.193 Z2.7 E1
G1 X67.438 Y77.342 Z2.7 E1
G1 X67.316 Y77.385 Z2.7 E1
G1 X65.534 Y77.385 Z2.7 E1
G1 X65.534 Y87.069 Z2.7 E1
G1 X65.5 Y87.158 Z2.7 E1
G0 X99.055 Y77.001 Z2.7
G1 X99.046 Y76.982 Z2.7 E1
G1 X98.921 Y76.936 Z2.7 E1
G1 X92.931 Y76.936 Z2.7 E1
G1 X92.783 Y77.005 Z2.7 E1
G1 X92.738 Y77.193 Z2.7 E1
G1 X92.738 Y87.069 Z2.7 E1
G1 X92.786 Y87.197 Z2.7 E1
G1 X92.931 Y87.262 Z2.7 E1
G1 X98.921 Y87.262 Z2.7 E1
G1 X99.069 Y87.193 Z2.7 E1
G1 X99.114 Y87.005 Z2.7 E1
G1 X99.114 Y77.129 Z2.7 E1
G1 X99.08 Y77.056 Z2.7 E1
G0 X92.803 Y93.131 Z2.7
G1 X92.786 Y93.123 Z2.7 E1
G1 X92.738 Y92.995 Z2.7 E1
G1 X92.738 Y90.955 Z2.7 E1
G1 X92.786 Y90.828 Z2.7 E1
G1 X92.931 Y90.763 Z2.7 E1
G1 X100.64 Y90.763 Z2.7 E1
G1 X100.64 Y89.012 Z2.7 E1
G1 X100.685 Y88.856 Z2.7 E1
G1 X100.832 Y88.787 Z2.7 E1
G1 X102.615 Y88.787 Z2.7 E1
G1 X102.615 Y87.005 Z2.7 E1
G1 X102.686 Y86.855 Z2.7 E1
G1 X102.807 Y86.812 Z2.7 E1
G1 X104.59 Y86.812 Z2.7 E1
G1 X104.59 Y73.435 Z2.7 E1
G1 X91.213 Y73.435 Z2.7 E1
G1 X91.213 Y75.185 Z2.7 E1
G1 X91.168 Y75.342 Z2.7 E1
G1 X91.02 Y75.41 Z2.7 E1
G1 X89.237 Y75.41 Z2.7 E1
G1 X89.237 Y77.193 Z2.7 E1
G1 X89.166 Y77.342 Z2.7 E1
G1 X89.045 Y77.385 Z2.7 E1
G1 X87.262 Y77.385 Z2.7 E1
G1 X87.262 Y87.069 Z2.7 E1
G1 X87.214 Y87.197 Z2.7 E1
G1 X87.069 Y87.262 Z2.7 E1
G1 X85.287 Y87.262 Z2.7 E1
G1 X85.287 Y90.763 Z2.7 E1
G1 X87.069 Y90.763 Z2.7 E1
G1 X87.214 Y90.828 Z2.7 E1
G1 X87.262 Y90.955 Z2.7 E1
G1 X87.262 Y92.995 Z2.7 E1
G1 X87.214 Y93.123 Z2.7 E1
G1 X87.069 Y93.188 Z2.7 E1
G1 X85.287 Y93.188 Z2.7 E1
G1 X85.287 Y96.689 Z2.7 E1
G1 X87.069 Y96.689 Z2.7 E1
G1 X87.214 Y96.754 Z2.7 E1
G1 X87.262 Y96.882 Z2.7 E1
G1 X87.262 Y108.54 Z2.7 E1
G1 X92.738 Y108.541 Z2.7 E1
G1 X92.738 Y96.882 Z2.7 E1
G1 X92.786 Y96.754 Z2.7 E1
G1 X92.931 Y96.689 Z2.7 E1
G1 X98.921 Y96.689 Z2.7 E1
G1 X99.046 Y96.735 Z2.7 E1
G1 X99.114 Y96.882 Z2.7 E1
G1 X99.114 Y108.54 Z2.7 E1
G1 X100.903 Y108.54 Z2.7 E1
G1 X100.903 Y106.758 Z2.7 E1
G1 X100.966 Y106.615 Z2.7 E1
G1 X101.095 Y106.565 Z2.7 E1
G1 X102.615 Y106.565 Z2.7 E1
G1 X102.615 Y104.783 Z2.7 E1
G1 X102.686 Y104.633 Z2.7 E1
G1 X102.807 Y104.59 Z2.7 E1
G1 X104.59 Y104.59 Z2.7 E1
G1 X104.59 Y93.188 Z2.7 E1
G1 X92.931 Y93.188 Z2.7 E1
G1 X92.857 Y93.155 Z2.7 E1
G0 X124.403 Y80.952 Z2.7
G1 X124.414 Y80.929 Z2.7 E1
G1 X124.536 Y80.886 Z2.7 E1
G1 X126.318 Y80.886 Z2.7 E1
G1 X126.318 Y73.435 Z2.7 E1
G1 X112.941 Y73.435 Z2.7 E1
G1 X112.941 Y75.185 Z2.7 E1
G1 X112.896 Y75.342 Z2.7 E1
G1 X112.748 Y75.41 Z2.7 E1
G1 X110.966 Y75.41 Z2.7 E1
G1 X110.966 Y77.193 Z2.7 E1
G1 X110.894 Y77.342 Z2.7 E1
G1 X110.773 Y77.385 Z2.7 E1
G1 X108.99 Y77.385 Z2.7 E1
G1 X108.99 Y104.59 Z2.7 E1
G1 X122.368 Y104.59 Z2.7 E1
G1 X122.368 Y102.84 Z2.7 E1
G1 X122.413 Y102.683 Z2.7 E1
G1 X122.56 Y102.615 Z2.7 E1
G1 X124.343 Y102.614 Z2.7 E1
G1 X124.343 Y100.832 Z2.7 E1
G1 X124.42 Y100.678 Z2.7 E1
G1 X124.536 Y100.639 Z2.7 E1
G1 X126.318 Y100.639 Z2.7 E1
G1 X126.318 Y97.139 Z2.7 E1
G1 X124.568 Y97.139 Z2.7 E1
G1 X124.42 Y97.1 Z2.7 E1
G1 X124.343 Y96.946 Z2.7 E1
G1 X124.343 Y95.163 Z2.7 E1
G1 X122.593 Y95.163 Z2.7 E1
G1 X122.445 Y95.125 Z2.7 E1
G1 X122.368 Y94.97 Z2.7 E1
G1 X122.368 Y93.188 Z2.7 E1
G1 X120.842 Y93.188 Z2.7 E1
G1 X120.842 Y100.832 Z2.7 E1
G1 X120.797 Y101.02 Z2.7 E1
G1 X120.649 Y101.089 Z2.7 E1
G1 X114.659 Y101.089 Z2.7 E1
G1 X114.534 Y101.043 Z2.7 E1
G1 X114.466 Y100.896 Z2.7 E1
G1 X114.466 Y77.193 Z2.7 E1
G1 X114.512 Y77.005 Z2.7 E1
G1 X114.659 Y76.936 Z2.7 E1
G1 X120.649 Y76.936 Z2.7 E1
G1 X120.775 Y76.982 Z2.7 E1
G1 X120.842 Y77.129 Z2.7 E1
G1 X120.842 Y84.837 Z2.7 E1
G1 X122.368 Y84.837 Z2.7 E1
G1 X122.368 Y83.054 Z2.7 E1
G1 X122.445 Y82.9 Z2.7 E1
G1 X122.56 Y82.861 Z2.7 E1
G1 X124.343 Y82.861 Z2.7 E1
G1 X124.343 Y81.079 Z2.7 E1
G1 X124.377 Y81.006 Z2.7 E1
G0 X148.109 Y88.855 Z2.7
G1 X148.122 Y88.827 Z2.7 E1
G1 X148.239 Y88.787 Z2.7 E1
G1 X150.022 Y88.787 Z2.7 E1
G1 X150.022 Y87.262 Z2.7 E1
G1 X148.239 Y87.262 Z2.7 E1
G1 X148.122 Y87.222 Z2.7 E1
G1 X148.047 Y87.069 Z2.7 E1
G1 X148.047 Y77.385 Z2.7 E1
G1 X146.264 Y77.385 Z2.7 E1
G1 X146.142 Y77.342 Z2.7 E1
G1 X146.071 Y77.193 Z2.7 E1
G1 X146.071 Y75.41 Z2.7 E1
G1 X144.321 Y75.41 Z2.7 E1
G1 X144.173 Y75.372 Z2.7 E1
G1 X144.096 Y75.217 Z2.7 E1
G1 X144.096 Y73.435 Z2.7 E1
G1 X142.571 Y73.435 Z2.7 E1
G1 X142.571 Y87.069 Z2.7 E1
G1 X142.515 Y87.205 Z2.7 E1
G1 X142.378 Y87.262 Z2.7 E1
G1 X136.388 Y87.262 Z2.7 E1
G1 X136.243 Y87.197 Z2.7 E1
G1 X136.195 Y87.069 Z2.7 E1
G1 X136.195 Y73.435 Z2.7 E1
G1 X134.669 Y73.435 Z2.7 E1
G1 X134.669 Y75.218 Z2.7 E1
G1 X134.592 Y75.372 Z2.7 E1
G1 X134.477 Y75.41 Z2.7 E1
G1 X132.694 Y75.41 Z2.7 E1
G1 X132.694 Y77.193 Z2.7 E1
G1 X132.623 Y77.342 Z2.7 E1
G1 X132.501 Y77.385 Z2.7 E1
G1 X130.719 Y77.385 Z2.7 E1
G1 X130.719 Y87.069 Z2.7 E1
G1 X130.67 Y87.197 Z2.7 E1
G1 X130.526 Y87.262 Z2.7 E1
G1 X128.744 Y87.262 Z2.7 E1
G1 X128.744 Y89.012 Z2.7 E1
G1 X128.705 Y89.16 Z2.7 E1
G1 X128.551 Y89.237 Z2.7 E1
G1 X126.768 Y89.237 Z2.7 E1
G1 X126.768 Y90.763 Z2.7 E1
G1 X130.526 Y90.763 Z2.7 E1
G1 X130.67 Y90.828 Z2.7 E1
G1 X130.719 Y90.955 Z2.7 E1
G1 X130.719 Y104.59 Z2.7 E1
G1 X136.195 Y104.59 Z2.7 E1
G1 X136.195 Y90.955 Z2.7 E1
G1 X136.243 Y90.828 Z2.7 E1
G1 X136.388 Y90.763 Z2.7 E1
G1 X142.378 Y90.763 Z2.7 E1
G1 X142.515 Y90.82 Z2.7 E1
G1 X142.571 Y90.955 Z2.7 E1
G1 X142.571 Y104.59 Z2.7 E1
G1 X144.096 Y104.59 Z2.7 E1
G1 X144.096 Y102.807 Z2.7 E1
G1 X144.173 Y102.653 Z2.7 E1
G1 X144.289 Y102.615 Z2.7 E1
G1 X146.071 Y102.615 Z2.7 E1
G1 X146.071 Y100.832 Z2.7 E1
G1 X146.142 Y100.683 Z2.7 E1
G1 X146.264 Y100.639 Z2.7 E1
G1 X148.047 Y100.639 Z2.7 E1
G1 X148.047 Y88.98 Z2.7 E1
G1 X148.082 Y88.908 Z2.7 E1
G0 X157.982 Y101.023 Z2.7
G1 X157.923 Y100.896 Z2.7 E1
G1 X157.923 Y93.188 Z2.7 E1
G1 X154.423 Y93.188 Z2.7 E1
G1 X154.423 Y94.97 Z2.7 E1
G1 X154.351 Y95.12 Z2.7 E1
G1 X154.23 Y95.163 Z2.7 E1
G1 X152.447 Y95.163 Z2.7 E1
G1 X152.447 Y100.639 Z2.7 E1
G1 X154.23 Y100.639 Z2.7 E1
G1 X154.351 Y100.683 Z2.7 E1
G1 X154.423 Y100.832 Z2.7 E1
G1 X154.423 Y102.614 Z2.7 E1
G1 X156.173 Y102.614 Z2.7 E1
G1 X156.329 Y102.66 Z2.7 E1
G1 X156.398 Y102.807 Z2.7 E1
G1 X156.398 Y104.59 Z2.7 E1
G1 X165.824 Y104.59 Z2.7 E1
G1 X165.824 Y102.84 Z2.7 E1
G1 X165.87 Y102.683 Z2.7 E1
G1 X166.017 Y102.615 Z2.7 E1
G1 X167.8 Y102.615 Z2.7 E1
G1 X167.8 Y100.832 Z2.7 E1
G1 X167.871 Y100.683 Z2.7 E1
G1 X167.993 Y100.639 Z2.7 E1
G1 X169.775 Y100.639 Z2.7 E1
G1 X169.775 Y77.386 Z2.7 E1
G1 X167.993 Y77.386 Z2.7 E1
G1 X167.871 Y77.342 Z2.7 E1
G1 X167.8 Y77.193 Z2.7 E1
G1 X167.8 Y75.41 Z2.7 E1
G1 X166.049 Y75.41 Z2.7 E1
G1 X165.902 Y75.372 Z2.7 E1
G1 X165.824 Y75.217 Z2.7 E1
G1 X165.824 Y73.435 Z2.7 E1
G1 X164.299 Y73.435 Z2.7 E1
G1 X164.299 Y87.069 Z2.7 E1
G1 X164.243 Y87.205 Z2.7 E1
G1 X164.106 Y87.262 Z2.7 E1
G1 X158.116 Y87.262 Z2.7 E1
G1 X157.991 Y87.216 Z2.7 E1
G1 X157.923 Y87.069 Z2.7 E1
G1 X157.923 Y73.435 Z2.7 E1
G1 X156.398 Y73.435 Z2.7 E1
G1 X156.398 Y75.218 Z2.7 E1
G1 X156.321 Y75.372 Z2.7 E1
G1 X156.205 Y75.41 Z2.7 E1
G1 X154.423 Y75.41 Z2.7 E1
G1 X154.423 Y77.193 Z2.7 E1
G1 X154.351 Y77.342 Z2.7 E1
G1 X154.23 Y77.385 Z2.7 E1
G1 X152.447 Y77.385 Z2.7 E1
G1 X152.447 Y90.763 Z2.7 E1
G1 X164.106 Y90.763 Z2.7 E1
G1 X164.243 Y90.82 Z2.7 E1
G1 X164.299 Y90.955 Z2.7 E1
G1 X164.299 Y100.832 Z2.7 E1
G1 X164.254 Y101.02 Z2.7 E1
G1 X164.106 Y101.089 Z2.7 E1
G1 X158.148 Y101.089 Z2.7 E1
G1 X158.027 Y101.054 Z2.7 E1
G0 X15.768 Y76.994 Z3.0
G1 X15.746 Y77.005 Z3.0 E1
G1 X15.701 Y77.193 Z3.0 E1
G1 X15.701 Y100.896 Z3.0 E1
G1 X15.77 Y101.044 Z3.0 E1
G1 X15.926 Y101.089 Z3.0 E1
G1 X21.884 Y101.089 Z3.0 E1
G1 X22.032 Y101.02 Z3.0 E1
G1 X22.077 Y100.832 Z3.0 E1
G1 X22.077 Y77.129 Z3.0 E1
G1 X22.008 Y76.981 Z3.0 E1
G1 X21.852 Y76.936 Z3.0 E1
G1 X15.894 Y76.936 Z3.0 E1
G1 X15.823 Y76.969 Z3.0 E1
G0 X25.638 Y77.319 Z3.0
G1 X25.577 Y77.193 Z3.0 E1
G1 X25.577 Y75.41 Z3.0 E1
G1 X23.827 Y75.41 Z3.0 E1
G1 X23.671 Y75.365 Z3.0 E1
G1 X23.602 Y75.218 Z3.0 E1
G1 X23.602 Y73.435 Z3.0 E1
G1 X14.176 Y73.435 Z3.0 E1
G1 X14.176 Y75.185 Z3.0 E1
G1 X14.13 Y75.342 Z3.0 E1
G1 X13.983 Y75.41 Z3.0 E1
G1 X12.2 Y75.41 Z3.0 E1
G1 X12.2 Y77.193 Z3.0 E1
G1 X12.129 Y77.342 Z3.0 E1
G1 X12.007 Y77.385 Z3.0 E1
G1 X10.225 Y77.385 Z3.0 E1
G1 X10.225 Y100.639 Z3.0 E1
G1 X12.007 Y100.639 Z3.0 E1
G1 X12.129 Y100.683 Z3.0 E1
G1 X12.2 Y100.832 Z3.0 E1
G1 X12.2 Y102.615 Z3.0 E1
G1 X13.951 Y102.615 Z3.0 E1
G1 X14.107 Y102.66 Z3.0 E1
G1 X14.176 Y102.807 Z3.0 E1
G1 X14.176 Y104.59 Z3.0 E1
G1 X23.602 Y104.59 Z3.0 E1
G1 X23.602 Y102.84 Z3.0 E1
G1 X23.647 Y102.683 Z3.0 E1
G1 X23.795 Y102.615 Z3.0 E1
G1 X25.577 Y102.615 Z3.0 E1
G1 X25.577 Y100.832 Z3.0 E1
G1 X25.649 Y100.683 Z3.0 E1
G1 X25.77 Y100.639 Z3.0 E1
G1 X27.553 Y100.639 Z3.0 E1
G1 X27.553 Y77.385 Z3.0 E1
G1 X25.77 Y77.385 Z3.0 E1
G1 X25.681 Y77.354 Z3.0 E1
G0 X49.346 Y76.994 Z3.0
G1 X49.474 Y76.936 Z3.0 E1
G1 X55.432 Y76.936 Z3.0 E1
G1 X55.588 Y76.981 Z3.0 E1
G1 X55.657 Y77.129 Z3.0 E1
G1 X55.657 Y104.59 Z3.0 E1
G1 X57.182 Y104.59 Z3.0 E1
G1 X57.182 Y102.807 Z3.0 E1
G1 X57.26 Y102.653 Z3.0 E1
G1 X57.375 Y102.615 Z3.0 E1
G1 X59.158 Y102.615 Z3.0 E1
G1 X59.158 Y100.832 Z3.0 E1
G1 X59.229 Y100.683 Z3.0 E1
G1 X59.351 Y100.639 Z3.0 E1
G1 X61.133 Y100.639 Z3.0 E1
G1 X61.133 Y77.385 Z3.0 E1
G1 X59.351 Y77.385 Z3.0 E1
G1 X59.229 Y77.342 Z3.0 E1
G1 X59.158 Y77.193 Z3.0 E1
G1 X59.158 Y75.41 Z3.0 E1
G1 X57.407 Y75.41 Z3.0 E1
G1 X57.251 Y75.365 Z3.0 E1
G1 X57.182 Y75.217 Z3.0 E1
G1 X57.182 Y73.435 Z3.0 E1
G1 X49.474 Y73.435 Z3.0 E1
G1 X49.358 Y73.396 Z3.0 E1
G1 X49.281 Y73.242 Z3.0 E1
G1 X49.281 Y71.46 Z3.0 E1
G1 X43.805 Y71.46 Z3.0 E1
G1 X43.805 Y73.242 Z3.0 E1
G1 X43.757 Y73.37 Z3.0 E1
G1 X43.612 Y73.435 Z3.0 E1
G1 X35.904 Y73.435 Z3.0 E1
G1 X35.904 Y75.185 Z3.0 E1
G1 X35.859 Y75.341 Z3.0 E1
G1 X35.711 Y75.41 Z3.0 E1
G1 X33.929 Y75.41 Z3.0 E1
G1 X33.929 Y77.193 Z3.0 E1
G1 X33.858 Y77.342 Z3.0 E1
G1 X33.736 Y77.385 Z3.0 E1
G1 X31.954 Y77.385 Z3.0 E1
G1 X31.954 Y100.639 Z3.0 E1
G1 X33.736 Y100.639 Z3.0 E1
G1 X33.858 Y100.683 Z3.0 E1
G1 X33.929 Y100.832 Z3.0 E1
G1 X33.929 Y102.615 Z3.0 E1
G1 X35.679 Y102.615 Z3.0 E1
G1 X35.827 Y102.653 Z3.0 E1
G1 X35.904 Y102.807 Z3.0 E1
G1 X35.904 Y104.59 Z3.0 E1
G1 X37.429 Y104.59 Z3.0 E1
G1 X37.43 Y77.193 Z3.0 E1
G1 X37.475 Y77.005 Z3.0 E1
G1 X37.622 Y76.936 Z3.0 E1
G1 X43.612 Y76.936 Z3.0 E1
G1 X43.757 Y77.001 Z3.0 E1
G1 X43.805 Y77.129 Z3.0 E1
G1 X43.805 Y104.59 Z3.0 E1
G1 X49.281 Y104.59 Z3.0 E1
G1 X49.281 Y77.129 Z3.0 E1
G1 X49.315 Y77.04 Z3.0 E1
G0 X77.323 Y87.208 Z3.0
G1 X77.329 Y87.205 Z3.0 E1
G1 X77.386 Y87.069 Z3.0 E1
G1 X77.386 Y77.129 Z3.0 E1
G1 X77.318 Y76.982 Z3.0 E1
G1 X77.193 Y76.936 Z3.0 E1
G1 X71.203 Y76.936 Z3.0 E1
G1 X71.055 Y77.005 Z3.0 E1
G1 X71.01 Y77.193 Z3.0 E1
G1 X71.01 Y87.069 Z3.0 E1
G1 X71.058 Y87.197 Z3.0 E1
G1 X71.203 Y87.262 Z3.0 E1
G1 X77.193 Y87.262 Z3.0 E1
G1 X77.267 Y87.231 Z3.0 E1
G0 X65.469 Y87.204 Z3.0
G1 X65.341 Y87.262 Z3.0 E1
G1 X63.558 Y87.262 Z3.0 E1
G1 X63.558 Y90.763 Z3.0 E1
G1 X65.341 Y90.763 Z3.0 E1
G1 X65.485 Y90.828 Z3.0 E1
G1 X65.534 Y90.955 Z3.0 E1
G1 X65.534 Y104.59 Z3.0 E1
G1 X71.01 Y104.59 Z3.0 E1
G1 X71.01 Y90.955 Z3.0 E1
G1 X71.058 Y90.828 Z3.0 E1
G1 X71.203 Y90.763 Z3.0 E1
G1 X77.193 Y90.763 Z3.0 E1
G1 X77.329 Y90.819 Z3.0 E1
G1 X77.386 Y90.955 Z3.0 E1
G1 X77.386 Y104.59 Z3.0 E1
G1 X78.911 Y104.59 Z3.0 E1
G1 X78.911 Y102.807 Z3.0 E1
G1 X78.988 Y102.653 Z3.0 E1
G1 X79.104 Y102.615 Z3.0 E1
G1 X80.886 Y102.615 Z3.0 E1
G1 X80.886 Y100.832 Z3.0 E1
G1 X80.957 Y100.683 Z3.0 E1
G1 X81.079 Y100.639 Z3.0 E1
G1 X82.861 Y100.639 Z3.0 E1
G1 X82.862 Y73.435 Z3.0 E1
G1 X69.485 Y73.435 Z3.0 E1
G1 X69.485 Y75.185 Z3.0 E1
G1 X69.439 Y75.342 Z3.0 E1
G1 X69.292 Y75.41 Z3.0 E1
G1 X67.509 Y75.41 Z3.0 E1
G1 X67.509 Y77.193 Z3.0 E1
G1 X67.438 Y77.342 Z3.0 E1
G1 X67.316 Y77.385 Z3.0 E1
G1 X65.534 Y77.385 Z3.0 E1
G1 X65.534 Y87.069 Z3.0 E1
G1 X65.5 Y87.158 Z3.0 E1
G0 X99.055 Y77.001 Z3.0
G1 X99.046 Y76.982 Z3.0 E1
G1 X98.921 Y76.936 Z3.0 E1
G1 X92.931 Y76.936 Z3.0 E1
G1 X92.783 Y77.005 Z3.0 E1
G1 X92.738 Y77.193 Z3.0 E1
G1 X92.738 Y87.069 Z3.0 E1
G1 X92.786 Y87.197 Z3.0 E1
G1 X92.931 Y87.262 Z3.0 E1
G1 X98.921 Y87.262 Z3.0 E1
G1 X99.069 Y87.193 Z3.0 E1
G1 X99.114 Y87.005 Z3.0 E1
G1 X99.114 Y77.129 Z3.0 E1
G1 X99.08 Y77.056 Z3.0 E1
G0 X92.803 Y93.131 Z3.0
G1 X92.786 Y93.123 Z3.0 E1
G1 X92.738 Y92.995 Z3.0 E1
G1 X92.738 Y90.955 Z3.0 E1
G1 X92.786 Y90.828 Z3.0 E1
G1 X92.931 Y90.763 Z3.0 E1
G1 X100.64 Y90.763 Z3.0 E1
G1 X100.64 Y89.012 Z3.0 E1
G1 X100.685 Y88.856 Z3.0 E1
G1 X100.832 Y88.787 Z3.0 E1
G1 X102.615 Y88.787 Z3.0 E1
G1 X102.615 Y87.005 Z3.0 E1
G1 X102.686 Y86.855 Z3.0 E1
G1 X102.807 Y86.812 Z3.0 E1
G1 X104.59 Y86.812 Z3.0 E1
G1 X104.59 Y73.435 Z3.0 E1
G1 X91.213 Y73.435 Z3.0 E1
G1 X91.213 Y75.185 Z3.0 E1
G1 X91.168 Y75.342 Z3.0 E1
G1 X91.02 Y75.41 Z3.0 E1
G1 X89.237 Y75.41 Z3.0 E1
G1 X89.237 Y77.193 Z3.0 E1
G1 X89.166 Y77.342 Z3.0 E1
G1 X89.045 Y77.385 Z3.0 E1
G1 X87.262 Y77.385 Z3.0 E1
G1 X87.262 Y87.069 Z3.0 E1
G1 X87.214 Y87.197 Z3.0 E1
G1 X87.069 Y87.262 Z3.0 E1
G1 X85.287 Y87.262 Z3.0 E1
G1 X85.287 Y90.763 Z3.0 E1
G1 X87.069 Y90.763 Z3.0 E1
G1 X87.214 Y90.828 Z3.0 E1
G1 X87.262 Y90.955 Z3.0 E1
G1 X87.262 Y92.995 Z3.0 E1
G1 X87.214 Y93.123 Z3.0 E1
G1 X87.069 Y93.188 Z3.0 E1
G1 X85.287 Y93.188 Z3.0 E1
G1 X85.287 Y96.689 Z3.0 E1
G1 X87.069 Y96.689 Z3.0 E1
G1 X87.214 Y96.754 Z3.0 E1
G1 X87.262 Y96.882 Z3.0 E1
G1 X87.262 Y108.54 Z3.0 E1
G1 X92.738 Y108.541 Z3.0 E1
G1 X92.738 Y96.882 Z3.0 E1
G1 X92.786 Y96.754 Z3.0 E1
G1 X92.931 Y96.689 Z3.0 E1
G1 X98.921 Y96.689 Z3.0 E1
G1 X99.046 Y96.735 Z3.0 E1
G1 X99.114 Y96.882 Z3.0 E1
G1 X99.114 Y108.54 Z3.0 E1
G1 X100.903 Y108.54 Z3.0 E1
G1 X100.903 Y106.758 Z3.0 E1
G1 X100.966 Y106.615 Z3.0 E1
G1 X101.095 Y106.565 Z3.0 E1
G1 X102.615 Y106.565 Z3.0 E1
G1 X102.615 Y104.783 Z3.0 E1
G1 X102.686 Y104.633 Z3.0 E1
G1 X102.807 Y104.59 Z3.0 E1
G1 X104.59 Y104.59 Z3.0 E1
G1 X104.59 Y93.188 Z3.0 E1
G1 X92.931 Y93.188 Z3.0 E1
G1 X92.857 Y93.155 Z3.0 E1
G0 X124.403 Y80.952 Z3.0
G1 X124.414 Y80.929 Z3.0 E1
G1 X124.536 Y80.886 Z3.0 E1
G1 X126.318 Y80.886 Z3.0 E1
G1 X126.318 Y73.435 Z3.0 E1
G1 X112.941 Y73.435 Z3.0 E1
G1 X112.941 Y75.185 Z3.0 E1
G1 X112.896 Y75.342 Z3.0 E1
G1 X112.748 Y75.41 Z3.0 E1
G1 X110.966 Y75.41 Z3.0 E1
G1 X110.966 Y77.193 Z3.0 E1
G1 X110.894 Y77.342 Z3.0 E1
G1 X110.773 Y77.385 Z3.0 E1
G1 X108.99 Y77.385 Z3.0 E1
G1 X108.99 Y104.59 Z3.0 E1
G1 X122.368 Y104.59 Z3.0 E1
G1 X122.368 Y102.84 Z3.0 E1
G1 X122.413 Y102.683 Z3.0 E1
G1 X122.56 Y102.615 Z3.0 E1
G1 X124.343 Y102.614 Z3.0 E1
G1 X124.343 Y100.832 Z3.0 E1
G1 X124.42 Y100.678 Z3.0 E1
G1 X124.536 Y100.639 Z3.0 E1
G1 X126.318 Y100.639 Z3.0 E1
G1 X126.318 Y97.139 Z3.0 E1
G1 X124.568 Y97.139 Z3.0 E1
G1 X124.42 Y97.1 Z3.0 E1
G1 X124.343 Y96.946 Z3.0 E1
G1 X124.343 Y95.163 Z3.0 E1
G1 X122.593 Y95.163 Z3.0 E1
G1 X122.445 Y95.125 Z3.0 E1
G1 X122.368 Y94.97 Z3.0 E1
G1 X122.368 Y93.188 Z3.0 E1
G1 X120.842 Y93.188 Z3.0 E1
G1 X120.842 Y100.832 Z3.0 E1
G1 X120.797 Y101.02 Z3.0 E1
G1 X120.649 Y101.089 Z3.0 E1
G1 X114.659 Y101.089 Z3.0 E1
G1 X114.534 Y101.043 Z3.0 E1
G1 X114.466 Y100.896 Z3.0 E1
G1 X114.466 Y77.193 Z3.0 E1
G1 X114.512 Y77.005 Z3.0 E1
G1 X114.659 Y76.936 Z3.0 E1
G1 X120.649 Y76.936 Z3.0 E1
G1 X120.775 Y76.982 Z3.0 E1
G1 X120.842 Y77.129 Z3.0 E1
G1 X120.842 Y84.837 Z3.0 E1
G1 X122.368 Y84.837 Z3.0 E1
G1 X122.368 Y83.054 Z3.0 E1
G1 X122.445 Y82.9 Z3.0 E1
G1 X122.56 Y82.861 Z3.0 E1
G1 X124.343 Y82.861 Z3.0 E1
G1 X124.343 Y81.079 Z3.0 E1
G1 X124.377 Y81.006 Z3.0 E1
G0 X148.109 Y88.855 Z3.0
G1 X148.122 Y88.827 Z3.0 E1
G1 X148.239 Y88.787 Z3.0 E1
G1 X150.022 Y88.787 Z3.0 E1
G1 X150.022 Y87.262 Z3.0 E1
G1 X148.239 Y87.262 Z3.0 E1
G1 X148.122 Y87.222 Z3.0 E1
G1 X148.047 Y87.069 Z3.0 E1
G1 X148.047 Y77.385 Z3.0 E1
G1 X146.264 Y77.385 Z3.0 E1
G1 X146.142 Y77.342 Z3.0 E1
G1 X146.071 Y77.193 Z3.0 E1
G1 X146.071 Y75.41 Z3.0 E1
G1 X144.321 Y75.41 Z3.0 E1
G1 X144.173 Y75.372 Z3.0 E1
G1 X144.096 Y75.217 Z3.0 E1
G1 X144.096 Y73.435 Z3.0 E1
G1 X142.571 Y73.435 Z3.0 E1
G1 X142.571 Y87.069 Z3.0 E1
G1 X142.515 Y87.205 Z3.0 E1
G1 X142.378 Y87.262 Z3.0 E1
G1 X136.388 Y87.262 Z3.0 E1
G1 X136.243 Y87.197 Z3.0 E1
G1 X136.195 Y87.069 Z3.0 E1
G1 X136.195 Y73.435 Z3.0 E1
G1 X134.669 Y73.435 Z3.0 E1
G1 X134.669 Y75.218 Z3.0 E1
G1 X134.592 Y75.372 Z3.0 E1
G1 X134.477 Y75.41 Z3.0 E1
G1 X132.694 Y75.41 Z3.0 E1
G1 X132.694 Y77.193 Z3.0 E1
G1 X132.623 Y77.342 Z3.0 E1
G1 X132.501 Y77.385 Z3.0 E1
G1 X130.719 Y77.385 Z3.0 E1
G1 X130.719 Y87.069 Z3.0 E1
G1 X130.67 Y87.197 Z3.0 E1
G1 X130.526 Y87.262 Z3.0 E1
G1 X128.744 Y87.262 Z3.0 E1
G1 X128.744 Y89.012 Z3.0 E1
G1 X128.705 Y89.16 Z3.0 E1
G1 X128.551 Y89.237 Z3.0 E1
G1 X126.768 Y89.237 Z3.0 E1
G1 X126.768 Y90.763 Z3.0 E1
G1 X130.526 Y90.763 Z3.0 E1
G1 X130.67 Y90.828 Z3.0 E1
G1 X130.719 Y90.955 Z3.0 E1
G1 X130.719 Y104.59 Z3.0 E1
G1 X136.195 Y104.59 Z3.0 E1
G1 X136.195 Y90.955 Z3.0 E1
G1 X136.243 Y90.828 Z3.0 E1
G1 X136.388 Y90.763 Z3.0 E1
G1 X142.378 Y90.763 Z3.0 E1
G1 X142.515 Y90.82 Z3.0 E1
G1 X142.571 Y90.955 Z3.0 E1
G1 X142.571 Y104.59 Z3.0 E1
G1 X144.096 Y104.59 Z3.0 E1
G1 X144.096 Y102.807 Z3.0 E1
G1 X144.173 Y102.653 Z3.0 E1
G1 X144.289 Y102.615 Z3.0 E1
G1 X146.071 Y102.615 Z3.0 E1
G1 X146.071 Y100.832 Z3.0 E1
G1 X146.142 Y100.683 Z3.0 E1
G1 X146.264 Y100.639 Z3.0 E1
G1 X148.047 Y100.639 Z3.0 E1
G1 X148.047 Y88.98 Z3.0 E1
G1 X148.082 Y88.908 Z3.0 E1
G0 X157.982 Y101.023 Z3.0
G1 X157.923 Y100.896 Z3.0 E1
G1 X157.923 Y93.188 Z3.0 E1
G1 X154.423 Y93.188 Z3.0 E1
G1 X154.423 Y94.97 Z3.0 E1
G1 X154.351 Y95.12 Z3.0 E1
G1 X154.23 Y95.163 Z3.0 E1
G1 X152.447 Y95.163 Z3.0 E1
G1 X152.447 Y100.639 Z3.0 E1
G1 X154.23 Y100.639 Z3.0 E1
G1 X154.351 Y100.683 Z3.0 E1
G1 X154.423 Y100.832 Z3.0 E1
G1 X154.423 Y102.614 Z3.0 E1
G1 X156.173 Y102.614 Z3.0 E1
G1 X156.329 Y102.66 Z3.0 E1
G1 X156.398 Y102.807 Z3.0 E1
G1 X156.398 Y104.59 Z3.0 E1
G1 X165.824 Y104.59 Z3.0 E1
G1 X165.824 Y102.84 Z3.0 E1
G1 X165.87 Y102.683 Z3.0 E1
G1 X166.017 Y102.615 Z3.0 E1
G1 X167.8 Y102.615 Z3.0 E1
G1 X167.8 Y100.832 Z3.0 E1
G1 X167.871 Y100.683 Z3.0 E1
G1 X167.993 Y100.639 Z3.0 E1
G1 X169.775 Y100.639 Z3.0 E1
G1 X169.775 Y77.386 Z3.0 E1
G1 X167.993 Y77.386 Z3.0 E1
G1 X167.871 Y77.342 Z3.0 E1
G1 X167.8 Y77.193 Z3.0 E1
G1 X167.8 Y75.41 Z3.0 E1
G1 X166.049 Y75.41 Z3.0 E1
G1 X165.902 Y75.372 Z3.0 E1
G1 X165.824 Y75.217 Z3.0 E1
G1 X165.824 Y73.435 Z3.0 E1
G1 X164.299 Y73.435 Z3.0 E1
G1 X164.299 Y87.069 Z3.0 E1
G1 X164.243 Y87.205 Z3.0 E1
G1 X164.106 Y87.262 Z3.0 E1
G1 X158.116 Y87.262 Z3.0 E1
G1 X157.991 Y87.216 Z3.0 E1
G1 X157.923 Y87.069 Z3.0 E1
G1 X157.923 Y73.435 Z3.0 E1
G1 X156.398 Y73.435 Z3.0 E1
G1 X156.398 Y75.218 Z3.0 E1
G1 X156.321 Y75.372 Z3.0 E1
G1 X156.205 Y75.41 Z3.0 E1
G1 X154.423 Y75.41 Z3.0 E1
G1 X154.423 Y77.193 Z3.0 E1
G1 X154.351 Y77.342 Z3.0 E1
G1 X154.23 Y77.385 Z3.0 E1
G1 X152.447 Y77.385 Z3.0 E1
G1 X152.447 Y90.763 Z3.0 E1
G1 X164.106 Y90.763 Z3.0 E1
G1 X164.243 Y90.82 Z3.0 E1
G1 X164.299 Y90.955 Z3.0 E1
G1 X164.299 Y100.832 Z3.0 E1
G1 X164.254 Y101.02 Z3.0 E1
G1 X164.106 Y101.089 Z3.0 E1
G1 X158.148 Y101.089 Z3.0 E1
G1 X158.027 Y101.054 Z3.0 E1
G0 X15.768 Y76.994 Z3.3
G1 X15.746 Y77.005 Z3.3 E1
G1 X15.701 Y77.193 Z3.3 E1
G1 X15.701 Y100.896 Z3.3 E1
G1 X15.77 Y101.044 Z3.3 E1
G1 X15.926 Y101.089 Z3.3 E1
G1 X21.884 Y101.089 Z3.3 E1
G1 X22.032 Y101.02 Z3.3 E1
G1 X22.077 Y100.832 Z3.3 E1
G1 X22.077 Y77.129 Z3.3 E1
G1 X22.008 Y76.981 Z3.3 E1
G1 X21.852 Y76.936 Z3.3 E1
G1 X15.894 Y76.936 Z3.3 E1
G1 X15.823 Y76.969 Z3.3 E1
G0 X25.638 Y77.319 Z3.3
G1 X25.577 Y77.193 Z3.3 E1
G1 X25.577 Y75.41 Z3.3 E1
G1 X23.827 Y75.41 Z3.3 E1
G1 X23.671 Y75.365 Z3.3 E1
G1 X23.602 Y75.218 Z3.3 E1
G1 X23.602 Y73.435 Z3.3 E1
G1 X14.176 Y73.435 Z3.3 E1
G1 X14.176 Y75.185 Z3.3 E1
G1 X14.13 Y75.342 Z3.3 E1
G1 X13.983 Y75.41 Z3.3 E1
G1 X12.2 Y75.41 Z3.3 E1
G1 X12.2 Y77.193 Z3.3 E1
G1 X12.129 Y77.342 Z3.3 E1
G1 X12.007 Y77.385 Z3.3 E1
G1 X10.225 Y77.385 Z3.3 E1
G1 X10.225 Y100.639 Z3.3 E1
G1 X12.007 Y100.639 Z3.3 E1
G1 X12.129 Y100.683 Z3.3 E1
G1 X12.2 Y100.832 Z3.3 E1
G1 X12.2 Y102.615 Z3.3 E1
G1 X13.951 Y102.615 Z3.3 E1
G1 X14.107 Y102.66 Z3.3 E1
G1 X14.176 Y102.807 Z3.3 E1
G1 X14.176 Y104.59 Z3.3 E1
G1 X23.602 Y104.59 Z3.3 E1
G1 X23.602 Y102.84 Z3.3 E1
G1 X23.647 Y102.683 Z3.3 E1
G1 X23.795 Y102.615 Z3.3 E1
G1 X25.577 Y102.615 Z3.3 E1
G1 X25.577 Y100.832 Z3.3 E1
G1 X25.649 Y100.683 Z3.3 E1
G1 X25.77 Y100.639 Z3.3 E1
G1 X27.553 Y100.639 Z3.3 E1
G1 X27.553 Y77.385 Z3.3 E1
G1 X25.77 Y77.385 Z3.3 E1
G1 X25.681 Y77.354 Z3.3 E1
G0 X49.346 Y76.994 Z3.3
G1 X49.474 Y76.936 Z3.3 E1
G1 X55.432 Y76.936 Z3.3 E1
G1 X55.588 Y76.981 Z3.3 E1
G1 X55.657 Y77.129 Z3.3 E1
G1 X55.657 Y104.59 Z3.3 E1
G1 X57.182 Y104.59 Z3.3 E1
G1 X57.182 Y102.807 Z3.3 E1
G1 X57.26 Y102.653 Z3.3 E1
G1 X57.375 Y102.615 Z3.3 E1
G1 X59.158 Y102.615 Z3.3 E1
G1 X59.158 Y100.832 Z3.3 E1
G1 X59.229 Y100.683 Z3.3 E1
G1 X59.351 Y100.639 Z3.3 E1
G1 X61.133 Y100.639 Z3.3 E1
G1 X61.133 Y77.385 Z3.3 E1
G1 X59.351 Y77.385 Z3.3 E1
G1 X59.229 Y77.342 Z3.3 E1
G1 X59.158 Y77.193 Z3.3 E1
G1 X59.158 Y75.41 Z3.3 E1
G1 X57.407 Y75.41 Z3.3 E1
G1 X57.251 Y75.365 Z3.3 E1
G1 X57.182 Y75.217 Z3.3 E1
G1 X57.182 Y73.435 Z3.3 E1
G1 X49.474 Y73.435 Z3.3 E1
G1 X49.358 Y73.396 Z3.3 E1
G1 X49.281 Y73.242 Z3.3 E1
G1 X49.281 Y71.46 Z3.3 E1
G1 X43.805 Y71.46 Z3.3 E1
G1 X43.805 Y73.242 Z3.3 E1
G1 X43.757 Y73.37 Z3.3 E1
G1 X43.612 Y73.435 Z3.3 E1
G1 X35.904 Y73.435 Z3.3 E1
G1 X35.904 Y75.185 Z3.3 E1
G1 X35.859 Y75.341 Z3.3 E1
G1 X35.711 Y75.41 Z3.3 E1
G1 X33.929 Y75.41 Z3.3 E1
G1 X33.929 Y77.193 Z3.3 E1
G1 X33.858 Y77.342 Z3.3 E1
G1 X33.736 Y77.385 Z3.3 E1
G1 X31.954 Y77.385 Z3.3 E1
G1 X31.954 Y100.639 Z3.3 E1
G1 X33.736 Y100.639 Z3.3 E1
G1 X33.858 Y100.683 Z3.3 E1
G1 X33.929 Y100.832 Z3.3 E1
G1 X33.929 Y102.615 Z3.3 E1
G1 X35.679 Y102.615 Z3.3 E1
G1 X35.827 Y102.653 Z3.3 E1
G1 X35.904 Y102.807 Z3.3 E1
G1 X35.904 Y104.59 Z3.3 E1
G1 X37.429 Y104.59 Z3.3 E1
G1 X37.43 Y77.193 Z3.3 E1
G1 X37.475 Y77.005 Z3.3 E1
G1 X37.622 Y76.936 Z3.3 E1
G1 X43.612 Y76.936 Z3.3 E1
G1 X43.757 Y77.001 Z3.3 E1
G1 X43.805 Y77.129 Z3.3 E1
G1 X43.805 Y104.59 Z3.3 E1
G1 X49.281 Y104.59 Z3.3 E1
G1 X49.281 Y77.129 Z3.3 E1
G1 X49.315 Y77.04 Z3.3 E1
G0 X77.323 Y87.208 Z3.3
G1 X77.329 Y87.205 Z3.3 E1
G1 X77.386 Y87.069 Z3.3 E1
G1 X77.386 Y77.129 Z3.3 E1
G1 X77.318 Y76.982 Z3.3 E1
G1 X77.193 Y76.936 Z3.3 E1
G1 X71.203 Y76.936 Z3.3 E1
G1 X71.055 Y77.005 Z3.3 E1
G1 X71.01 Y77.193 Z3.3 E1
G1 X71.01 Y87.069 Z3.3 E1
G1 X71.058 Y87.197 Z3.3 E1
G1 X71.203 Y87.262 Z3.3 E1
G1 X77.193 Y87.262 Z3.3 E1
G1 X77.267 Y87.231 Z3.3 E1
G0 X65.469 Y87.204 Z3.3
G1 X65.341 Y87.262 Z3.3 E1
G1 X63.558 Y87.262 Z3.3 E1
G1 X63.558 Y90.763 Z3.3 E1
G1 X65.341 Y90.763 Z3.3 E1
G1 X65.485 Y90.828 Z3.3 E1
G1 X65.534 Y90.955 Z3.3 E1
G1 X65.534 Y104.59 Z3.3 E1
G1 X71.01 Y104.59 Z3.3 E1
G1 X71.01 Y90.955 Z3.3 E1
G1 X71.058 Y90.828 Z3.3 E1
G1 X71.203 Y90.763 Z3.3 E1
G1 X77.193 Y90.763 Z3.3 E1
G1 X77.329 Y90.819 Z3.3 E1
G1 X77.386 Y90.955 Z3.3 E1
G1 X77.386 Y104.59 Z3.3 E1
G1 X78.911 Y104.59 Z3.3 E1
G1 X78.911 Y102.807 Z3.3 E1
G1 X78.988 Y102.653 Z3.3 E1
G1 X79.104 Y102.615 Z3.3 E1
G1 X80.886 Y102.615 Z3.3 E1
G1 X80.886 Y100.832 Z3.3 E1
G1 X80.957 Y100.683 Z3.3 E1
G1 X81.079 Y100.639 Z3.3 E1
G1 X82.861 Y100.639 Z3.3 E1
G1 X82.862 Y73.435 Z3.3 E1
G1 X69.485 Y73.435 Z3.3 E1
G1 X69.485 Y75.185 Z3.3 E1
G1 X69.439 Y75.342 Z3.3 E1
G1 X69.292 Y75.41 Z3.3 E1
G1 X67.509 Y75.41 Z3.3 E1
G1 X67.509 Y77.193 Z3.3 E1
G1 X67.438 Y77.342 Z3.3 E1
G1 X67.316 Y77.385 Z3.3 E1
G1 X65.534 Y77.385 Z3.3 E1
G1 X65.534 Y87.069 Z3.3 E1
G1 X65.5 Y87.158 Z3.3 E1
G0 X99.055 Y77.001 Z3.3
G1 X99.046 Y76.982 Z3.3 E1
G1 X98.921 Y76.936 Z3.3 E1
G1 X92.931 Y76.936 Z3.3 E1
G1 X92.783 Y77.005 Z3.3 E1
G1 X92.738 Y77.193 Z3.3 E1
G1 X92.738 Y87.069 Z3.3 E1
G1 X92.786 Y87.197 Z3.3 E1
G1 X92.931 Y87.262 Z3.3 E1
G1 X98.921 Y87.262 Z3.3 E1
G1 X99.069 Y87.193 Z3.3 E1
G1 X99.114 Y87.005 Z3.3 E1
G1 X99.114 Y77.129 Z3.3 E1
G1 X99.08 Y77.056 Z3.3 E1
G0 X92.803 Y93.131 Z3.3
G1 X92.786 Y93.123 Z3.3 E1
G1 X92.738 Y92.995 Z3.3 E1
G1 X92.738 Y90.955 Z3.3 E1
G1 X92.786 Y90.828 Z3.3 E1
G1 X92.931 Y90.763 Z3.3 E1
G1 X100.64 Y90.763 Z3.3 E1
G1 X100.64 Y89.012 Z3.3 E1
G1 X100.685 Y88.856 Z3.3 E1
G1 X100.832 Y88.787 Z3.3 E1
G1 X102.615 Y88.787 Z3.3 E1
G1 X102.615 Y87.005 Z3.3 E1
G1 X102.686 Y86.855 Z3.3 E1
G1 X102.807 Y86.812 Z3.3 E1
G1 X104.59 Y86.812 Z3.3 E1
G1 X104.59 Y73.435 Z3.3 E1
G1 X91.213 Y73.435 Z3.3 E1
G1 X91.213 Y75.185 Z3.3 E1
G1 X91.168 Y75.342 Z3.3 E1
G1 X91.02 Y75.41 Z3.3 E1
G1 X89.237 Y75.41 Z3.3 E1
G1 X89.237 Y77.193 Z3.3 E1
G1 X89.166 Y77.342 Z3.3 E1
G1 X89.045 Y77.385 Z3.3 E1
G1 X87.262 Y77.385 Z3.3 E1
G1 X87.262 Y87.069 Z3.3 E1
G1 X87.214 Y87.197 Z3.3 E1
G1 X87.069 Y87.262 Z3.3 E1
G1 X85.287 Y87.262 Z3.3 E1
G1 X85.287 Y90.763 Z3.3 E1
G1 X87.069 Y90.763 Z3.3 E1
G1 X87.214 Y90.828 Z3.3 E1
G1 X87.262 Y90.955 Z3.3 E1
G1 X87.262 Y92.995 Z3.3 E1
G1 X87.214 Y93.123 Z3.3 E1
G1 X87.069 Y93.188 Z3.3 E1
G1 X85.287 Y93.188 Z3.3 E1
G1 X85.287 Y96.689 Z3.3 E1
G1 X87.069 Y96.689 Z3.3 E1
G1 X87.214 Y96.754 Z3.3 E1
G1 X87.262 Y96.882 Z3.3 E1
G1 X87.262 Y108.54 Z3.3 E1
G1 X92.738 Y108.541 Z3.3 E1
G1 X92.738 Y96.882 Z3.3 E1
G1 X92.786 Y96.754 Z3.3 E1
G1 X92.931 Y96.689 Z3.3 E1
G1 X98.921 Y96.689 Z3.3 E1
G1 X99.046 Y96.735 Z3.3 E1
G1 X99.114 Y96.882 Z3.3 E1
G1 X99.114 Y108.54 Z3.3 E1
G1 X100.903 Y108.54 Z3.3 E1
G1 X100.903 Y106.758 Z3.3 E1
G1 X100.966 Y106.615 Z3.3 E1
G1 X101.095 Y106.565 Z3.3 E1
G1 X102.615 Y106.565 Z3.3 E1
G1 X102.615 Y104.783 Z3.3 E1
G1 X102.686 Y104.633 Z3.3 E1
G1 X102.807 Y104.59 Z3.3 E1
G1 X104.59 Y104.59 Z3.3 E1
G1 X104.59 Y93.188 Z3.3 E1
G1 X92.931 Y93.188 Z3.3 E1
G1 X92.857 Y93.155 Z3.3 E1
G0 X124.403 Y80.952 Z3.3
G1 X124.414 Y80.929 Z3.3 E1
G1 X124.536 Y80.886 Z3.3 E1
G1 X126.318 Y80.886 Z3.3 E1
G1 X126.318 Y73.435 Z3.3 E1
G1 X112.941 Y73.435 Z3.3 E1
G1 X112.941 Y75.185 Z3.3 E1
G1 X112.896 Y75.342 Z3.3 E1
G1 X112.748 Y75.41 Z3.3 E1
G1 X110.966 Y75.41 Z3.3 E1
G1 X110.966 Y77.193 Z3.3 E1
G1 X110.894 Y77.342 Z3.3 E1
G1 X110.773 Y77.385 Z3.3 E1
G1 X108.99 Y77.385 Z3.3 E1
G1 X108.99 Y104.59 Z3.3 E1
G1 X122.368 Y104.59 Z3.3 E1
G1 X122.368 Y102.84 Z3.3 E1
G1 X122.413 Y102.683 Z3.3 E1
G1 X122.56 Y102.615 Z3.3 E1
G1 X124.343 Y102.614 Z3.3 E1
G1 X124.343 Y100.832 Z3.3 E1
G1 X124.42 Y100.678 Z3.3 E1
G1 X124.536 Y100.639 Z3.3 E1
G1 X126.318 Y100.639 Z3.3 E1
G1 X126.318 Y97.139 Z3.3 E1
G1 X124.568 Y97.139 Z3.3 E1
G1 X124.42 Y97.1 Z3.3 E1
G1 X124.343 Y96.946 Z3.3 E1
G1 X124.343 Y95.163 Z3.3 E1
G1 X122.593 Y95.163 Z3.3 E1
G1 X122.445 Y95.125 Z3.3 E1
G1 X122.368 Y94.97 Z3.3 E1
G1 X122.368 Y93.188 Z3.3 E1
G1 X120.842 Y93.188 Z3.3 E1
G1 X120.842 Y100.832 Z3.3 E1
G1 X120.797 Y101.02 Z3.3 E1
G1 X120.649 Y101.089 Z3.3 E1
G1 X114.659 Y101.089 Z3.3 E1
G1 X114.534 Y101.043 Z3.3 E1
G1 X114.466 Y100.896 Z3.3 E1
G1 X114.466 Y77.193 Z3.3 E1
G1 X114.512 Y77.005 Z3.3 E1
G1 X114.659 Y76.936 Z3.3 E1
G1 X120.649 Y76.936 Z3.3 E1
G1 X120.775 Y76.982 Z3.3 E1
G1 X120.842 Y77.129 Z3.3 E1
G1 X120.842 Y84.837 Z3.3 E1
G1 X122.368 Y84.837 Z3.3 E1
G1 X122.368 Y83.054 Z3.3 E1
G1 X122.445 Y82.9 Z3.3 E1
G1 X122.56 Y82.861 Z3.3 E1
G1 X124.343 Y82.861 Z3.3 E1
G1 X124.343 Y81.079 Z3.3 E1
G1 X124.377 Y81.006 Z3.3 E1
G0 X148.109 Y88.855 Z3.3
G1 X148.122 Y88.827 Z3.3 E1
G1 X148.239 Y88.787 Z3.3 E1
G1 X150.022 Y88.787 Z3.3 E1
G1 X150.022 Y87.262 Z3.3 E1
G1 X148.239 Y87.262 Z3.3 E1
G1 X148.122 Y87.222 Z3.3 E1
G1 X148.047 Y87.069 Z3.3 E1
G1 X148.047 Y77.385 Z3.3 E1
G1 X146.264 Y77.385 Z3.3 E1
G1 X146.142 Y77.342 Z3.3 E1
G1 X146.071 Y77.193 Z3.3 E1
G1 X146.071 Y75.41 Z3.3 E1
G1 X144.321 Y75.41 Z3.3 E1
G1 X144.173 Y75.372 Z3.3 E1
G1 X144.096 Y75.217 Z3.3 E1
G1 X144.096 Y73.435 Z3.3 E1
G1 X142.571 Y73.435 Z3.3 E1
G1 X142.571 Y87.069 Z3.3 E1
G1 X142.515 Y87.205 Z3.3 E1
G1 X142.378 Y87.262 Z3.3 E1
G1 X136.388 Y87.262 Z3.3 E1
G1 X136.243 Y87.197 Z3.3 E1
G1 X136.195 Y87.069 Z3.3 E1
G1 X136.195 Y73.435 Z3.3 E1
G1 X134.669 Y73.435 Z3.3 E1
G1 X134.669 Y75.218 Z3.3 E1
G1 X134.592 Y75.372 Z3.3 E1
G1 X134.477 Y75.41 Z3.3 E1
G1 X132.694 Y75.41 Z3.3 E1
G1 X132.694 Y77.193 Z3.3 E1
G1 X132.623 Y77.342 Z3.3 E1
G1 X132.501 Y77.385 Z3.3 E1
G1 X130.719 Y77.385 Z3.3 E1
G1 X130.719 Y87.069 Z3.3 E1
G1 X130.67 Y87.197 Z3.3 E1
G1 X130.526 Y87.262 Z3.3 E1
G1 X128.744 Y87.262 Z3.3 E1
G1 X128.744 Y89.012 Z3.3 E1
G1 X128.705 Y89.16 Z3.3 E1
G1 X128.551 Y89.237 Z3.3 E1
G1 X126.768 Y89.237 Z3.3 E1
G1 X126.768 Y90.763 Z3.3 E1
G1 X130.526 Y90.763 Z3.3 E1
G1 X130.67 Y90.828 Z3.3 E1
G1 X130.719 Y90.955 Z3.3 E1
G1 X130.719 Y104.59 Z3.3 E1
G1 X136.195 Y104.59 Z3.3 E1
G1 X136.195 Y90.955 Z3.3 E1
G1 X136.243 Y90.828 Z3.3 E1
G1 X136.388 Y90.763 Z3.3 E1
G1 X142.378 Y90.763 Z3.3 E1
G1 X142.515 Y90.82 Z3.3 E1
G1 X142.571 Y90.955 Z3.3 E1
G1 X142.571 Y104.59 Z3.3 E1
G1 X144.096 Y104.59 Z3.3 E1
G1 X144.096 Y102.807 Z3.3 E1
G1 X144.173 Y102.653 Z3.3 E1
G1 X144.289 Y102.615 Z3.3 E1
G1 X146.071 Y102.615 Z3.3 E1
G1 X146.071 Y100.832 Z3.3 E1
G1 X146.142 Y100.683 Z3.3 E1
G1 X146.264 Y100.639 Z3.3 E1
G1 X148.047 Y100.639 Z3.3 E1
G1 X148.047 Y88.98 Z3.3 E1
G1 X148.082 Y88.908 Z3.3 E1
G0 X157.982 Y101.023 Z3.3
G1 X157.923 Y100.896 Z3.3 E1
G1 X157.923 Y93.188 Z3.3 E1
G1 X154.423 Y93.188 Z3.3 E1
G1 X154.423 Y94.97 Z3.3 E1
G1 X154.351 Y95.12 Z3.3 E1
G1 X154.23 Y95.163 Z3.3 E1
G1 X152.447 Y95.163 Z3.3 E1
G1 X152.447 Y100.639 Z3.3 E1
G1 X154.23 Y100.639 Z3.3 E1
G1 X154.351 Y100.683 Z3.3 E1
G1 X154.423 Y100.832 Z3.3 E1
G1 X154.423 Y102.614 Z3.3 E1
G1 X156.173 Y102.614 Z3.3 E1
G1 X156.329 Y102.66 Z3.3 E1
G1 X156.398 Y102.807 Z3.3 E1
G1 X156.398 Y104.59 Z3.3 E1
G1 X165.824 Y104.59 Z3.3 E1
G1 X165.824 Y102.84 Z3.3 E1
G1 X165.87 Y102.683 Z3.3 E1
G1 X166.017 Y102.615 Z3.3 E1
G1 X167.8 Y102.615 Z3.3 E1
G1 X167.8 Y100.832 Z3.3 E1
G1 X167.871 Y100.683 Z3.3 E1
G1 X167.993 Y100.639 Z3.3 E1
G1 X169.775 Y100.639 Z3.3 E1
G1 X169.775 Y77.386 Z3.3 E1
G1 X167.993 Y77.386 Z3.3 E1
G1 X167.871 Y77.342 Z3.3 E1
G1 X167.8 Y77.193 Z3.3 E1
G1 X167.8 Y75.41 Z3.3 E1
G1 X166.049 Y75.41 Z3.3 E1
G1 X165.902 Y75.372 Z3.3 E1
G1 X165.824 Y75.217 Z3.3 E1
G1 X165.824 Y73.435 Z3.3 E1
G1 X164.299 Y73.435 Z3.3 E1
G1 X164.299 Y87.069 Z3.3 E1
G1 X164.243 Y87.205 Z3.3 E1
G1 X164.106 Y87.262 Z3.3 E1
G1 X158.116 Y87.262 Z3.3 E1
G1 X157.991 Y87.216 Z3.3 E1
G1 X157.923 Y87.069 Z3.3 E1
G1 X157.923 Y73.435 Z3.3 E1
G1 X156.398 Y73.435 Z3.3 E1
G1 X156.398 Y75.218 Z3.3 E1
G1 X156.321 Y75.372 Z3.3 E1
G1 X156.205 Y75.41 Z3.3 E1
G1 X154.423 Y75.41 Z3.3 E1
G1 X154.423 Y77.193 Z3.3 E1
G1 X154.351 Y77.342 Z3.3 E1
G1 X154.23 Y77.385 Z3.3 E1
G1 X152.447 Y77.385 Z3.3 E1
G1 X152.447 Y90.763 Z3.3 E1
G1 X164.106 Y90.763 Z3.3 E1
G1 X164.243 Y90.82 Z3.3 E1
G1 X164.299 Y90.955 Z3.3 E1
G1 X164.299 Y100.832 Z3.3 E1
G1 X164.254 Y101.02 Z3.3 E1
G1 X164.106 Y101.089 Z3.3 E1
G1 X158.148 Y101.089 Z3.3 E1
G1 X158.027 Y101.054 Z3.3 E1
G0 X15.768 Y76.994 Z3.6
G1 X15.746 Y77.005 Z3.6 E1
G1 X15.701 Y77.193 Z3.6 E1
G1 X15.701 Y100.896 Z3.6 E1
G1 X15.77 Y101.044 Z3.6 E1
G1 X15.926 Y101.089 Z3.6 E1
G1 X21.884 Y101.089 Z3.6 E1
G1 X22.032 Y101.02 Z3.6 E1
G1 X22.077 Y100.832 Z3.6 E1
G1 X22.077 Y77.129 Z3.6 E1
G1 X22.008 Y76.981 Z3.6 E1
G1 X21.852 Y76.936 Z3.6 E1
G1 X15.894 Y76.936 Z3.6 E1
G1 X15.823 Y76.969 Z3.6 E1
G0 X25.638 Y77.319 Z3.6
G1 X25.577 Y77.193 Z3.6 E1
G1 X25.577 Y75.41 Z3.6 E1
G1 X23.827 Y75.41 Z3.6 E1
G1 X23.671 Y75.365 Z3.6 E1
G1 X23.602 Y75.218 Z3.6 E1
G1 X23.602 Y73.435 Z3.6 E1
G1 X14.176 Y73.435 Z3.6 E1
G1 X14.176 Y75.185 Z3.6 E1
G1 X14.13 Y75.342 Z3.6 E1
G1 X13.983 Y75.41 Z3.6 E1
G1 X12.2 Y75.41 Z3.6 E1
G1 X12.2 Y77.193 Z3.6 E1
G1 X12.129 Y77.342 Z3.6 E1
G1 X12.007 Y77.385 Z3.6 E1
G1 X10.225 Y77.385 Z3.6 E1
G1 X10.225 Y100.639 Z3.6 E1
G1 X12.007 Y100.639 Z3.6 E1
G1 X12.129 Y100.683 Z3.6 E1
G1 X12.2 Y100.832 Z3.6 E1
G1 X12.2 Y102.615 Z3.6 E1
G1 X13.951 Y102.615 Z3.6 E1
G1 X14.107 Y102.66 Z3.6 E1
G1 X14.176 Y102.807 Z3.6 E1
G1 X14.176 Y104.59 Z3.6 E1
G1 X23.602 Y104.59 Z3.6 E1
G1 X23.602 Y102.84 Z3.6 E1
G1 X23.647 Y102.683 Z3.6 E1
G1 X23.795 Y102.615 Z3.6 E1
G1 X25.577 Y102.615 Z3.6 E1
G1 X25.577 Y100.832 Z3.6 E1
G1 X25.649 Y100.683 Z3.6 E1
G1 X25.77 Y100.639 Z3.6 E1
G1 X27.553 Y100.639 Z3.6 E1
G1 X27.553 Y77.385 Z3.6 E1
G1 X25.77 Y77.385 Z3.6 E1
G1 X25.681 Y77.354 Z3.6 E1
G0 X49.346 Y76.994 Z3.6
G1 X49.474 Y76.936 Z3.6 E1
G1 X55.432 Y76.936 Z3.6 E1
G1 X55.588 Y76.981 Z3.6 E1
G1 X55.657 Y77.129 Z3.6 E1
G1 X55.657 Y104.59 Z3.6 E1
G1 X57.182 Y104.59 Z3.6 E1
G1 X57.182 Y102.807 Z3.6 E1
G1 X57.26 Y102.653 Z3.6 E1
G1 X57.375 Y102.615 Z3.6 E1
G1 X59.158 Y102.615 Z3.6 E1
G1 X59.158 Y100.832 Z3.6 E1
G1 X59.229 Y100.683 Z3.6 E1
G1 X59.351 Y100.639 Z3.6 E1
G1 X61.133 Y100.639 Z3.6 E1
G1 X61.133 Y77.385 Z3.6 E1
G1 X59.351 Y77.385 Z3.6 E1
G1 X59.229 Y77.342 Z3.6 E1
G1 X59.158 Y77.193 Z3.6 E1
G1 X59.158 Y75.41 Z3.6 E1
G1 X57.407 Y75.41 Z3.6 E1
G1 X57.251 Y75.365 Z3.6 E1
G1 X57.182 Y75.217 Z3.6 E1
G1 X57.182 Y73.435 Z3.6 E1
G1 X49.474 Y73.435 Z3.6 E1
G1 X49.358 Y73.396 Z3.6 E1
G1 X49.281 Y73.242 Z3.6 E1
G1 X49.281 Y71.46 Z3.6 E1
G1 X43.805 Y71.46 Z3.6 E1
G1 X43.805 Y73.242 Z3.6 E1
G1 X43.757 Y73.37 Z3.6 E1
G1 X43.612 Y73.435 Z3.6 E1
G1 X35.904 Y73.435 Z3.6 E1
G1 X35.904 Y75.185 Z3.6 E1
G1 X35.859 Y75.341 Z3.6 E1
G1 X35.711 Y75.41 Z3.6 E1
G1 X33.929 Y75.41 Z3.6 E1
G1 X33.929 Y77.193 Z3.6 E1
G1 X33.858 Y77.342 Z3.6 E1
G1 X33.736 Y77.385 Z3.6 E1
G1 X31.954 Y77.385 Z3.6 E1
G1 X31.954 Y100.639 Z3.6 E1
G1 X33.736 Y100.639 Z3.6 E1
G1 X33.858 Y100.683 Z3.6 E1
G1 X33.929 Y100.832 Z3.6 E1
G1 X33.929 Y102.615 Z3.6 E1
G1 X35.679 Y102.615 Z3.6 E1
G1 X35.827 Y102.653 Z3.6 E1
G1 X35.904 Y102.807 Z3.6 E1
G1 X35.904 Y104.59 Z3.6 E1
G1 X37.429 Y104.59 Z3.6 E1
G1 X37.43 Y77.193 Z3.6 E1
G1 X37.475 Y77.005 Z3.6 E1
G1 X37.622 Y76.936 Z3.6 E1
G1 X43.612 Y76.936 Z3.6 E1
G1 X43.757 Y77.001 Z3.6 E1
G1 X43.805 Y77.129 Z3.6 E1
G1 X43.805 Y104.59 Z3.6 E1
G1 X49.281 Y104.59 Z3.6 E1
G1 X49.281 Y77.129 Z3.6 E1
G1 X49.315 Y77.04 Z3.6 E1
G0 X77.323 Y87.208 Z3.6
G1 X77.329 Y87.205 Z3.6 E1
G1 X77.386 Y87.069 Z3.6 E1
G1 X77.386 Y77.129 Z3.6 E1
G1 X77.318 Y76.982 Z3.6 E1
G1 X77.193 Y76.936 Z3.6 E1
G1 X71.203 Y76.936 Z3.6 E1
G1 X71.055 Y77.005 Z3.6 E1
G1 X71.01 Y77.193 Z3.6 E1
G1 X71.01 Y87.069 Z3.6 E1
G1 X71.058 Y87.197 Z3.6 E1
G1 X71.203 Y87.262 Z3.6 E1
G1 X77.193 Y87.262 Z3.6 E1
G1 X77.267 Y87.231 Z3.6 E1
G0 X65.469 Y87.204 Z3.6
G1 X65.341 Y87.262 Z3.6 E1
G1 X63.558 Y87.262 Z3.6 E1
G1 X63.558 Y90.763 Z3.6 E1
G1 X65.341 Y90.763 Z3.6 E1
G1 X65.485 Y90.828 Z3.6 E1
G1 X65.534 Y90.955 Z3.6 E1
G1 X65.534 Y104.59 Z3.6 E1
G1 X71.01 Y104.59 Z3.6 E1
G1 X71.01 Y90.955 Z3.6 E1
G1 X71.058 Y90.828 Z3.6 E1
G1 X71.203 Y90.763 Z3.6 E1
G1 X77.193 Y90.763 Z3.6 E1
G1 X77.329 Y90.819 Z3.6 E1
G1 X77.386 Y90.955 Z3.6 E1
G1 X77.386 Y104.59 Z3.6 E1
G1 X78.911 Y104.59 Z3.6 E1
G1 X78.911 Y102.807 Z3.6 E1
G1 X78.988 Y102.653 Z3.6 E1
G1 X79.104 Y102.615 Z3.6 E1
G1 X80.886 Y102.615 Z3.6 E1
G1 X80.886 Y100.832 Z3.6 E1
G1 X80.957 Y100.683 Z3.6 E1
G1 X81.079 Y100.639 Z3.6 E1
G1 X82.861 Y100.639 Z3.6 E1
G1 X82.862 Y73.435 Z3.6 E1
G1 X69.485 Y73.435 Z3.6 E1
G1 X69.485 Y75.185 Z3.6 E1
G1 X69.439 Y75.342 Z3.6 E1
G1 X69.292 Y75.41 Z3.6 E1
G1 X67.509 Y75.41 Z3.6 E1
G1 X67.509 Y77.193 Z3.6 E1
G1 X67.438 Y77.342 Z3.6 E1
G1 X67.316 Y77.385 Z3.6 E1
G1 X65.534 Y77.385 Z3.6 E1
G1 X65.534 Y87.069 Z3.6 E1
G1 X65.5 Y87.158 Z3.6 E1
G0 X99.055 Y77.001 Z3.6
G1 X99.046 Y76.982 Z3.6 E1
G1 X98.921 Y76.936 Z3.6 E1
G1 X92.931 Y76.936 Z3.6 E1
G1 X92.783 Y77.005 Z3.6 E1
G1 X92.738 Y77.193 Z3.6 E1
G1 X92.738 Y87.069 Z3.6 E1
G1 X92.786 Y87.197 Z3.6 E1
G1 X92.931 Y87.262 Z3.6 E1
G1 X98.921 Y87.262 Z3.6 E1
G1 X99.069 Y87.193 Z3.6 E1
G1 X99.114 Y87.005 Z3.6 E1
G1 X99.114 Y77.129 Z3.6 E1
G1 X99.08 Y77.056 Z3.6 E1
G0 X92.803 Y93.131 Z3.6
G1 X92.786 Y93.123 Z3.6 E1
G1 X92.738 Y92.995 Z3.6 E1
G1 X92.738 Y90.955 Z3.6 E1
G1 X92.786 Y90.828 Z3.6 E1
G1 X92.931 Y90.763 Z3.6 E1
G1 X100.64 Y90.763 Z3.6 E1
G1 X100.64 Y89.012 Z3.6 E1
G1 X100.685 Y88.856 Z3.6 E1
G1 X100.832 Y88.787 Z3.6 E1
G1 X102.615 Y88.787 Z3.6 E1
G1 X102.615 Y87.005 Z3.6 E1
G1 X102.686 Y86.855 Z3.6 E1
G1 X102.807 Y86.812 Z3.6 E1
G1 X104.59 Y86.812 Z3.6 E1
G1 X104.59 Y73.435 Z3.6 E1
G1 X91.213 Y73.435 Z3.6 E1
G1 X91.213 Y75.185 Z3.6 E1
G1 X91.168 Y75.342 Z3.6 E1
G1 X91.02 Y75.41 Z3.6 E1
G1 X89.237 Y75.41 Z3.6 E1
G1 X89.237 Y77.193 Z3.6 E1
G1 X89.166 Y77.342 Z3.6 E1
G1 X89.045 Y77.385 Z3.6 E1
G1 X87.262 Y77.385 Z3.6 E1
G1 X87.262 Y87.069 Z3.6 E1
G1 X87.214 Y87.197 Z3.6 E1
G1 X87.069 Y87.262 Z3.6 E1
G1 X85.287 Y87.262 Z3.6 E1
G1 X85.287 Y90.763 Z3.6 E1
G1 X87.069 Y90.763 Z3.6 E1
G1 X87.214 Y90.828 Z3.6 E1
G1 X87.262 Y90.955 Z3.6 E1
G1 X87.262 Y92.995 Z3.6 E1
G1 X87.214 Y93.123 Z3.6 E1
G1 X87.069 Y93.188 Z3.6 E1
G1 X85.287 Y93.188 Z3.6 E1
G1 X85.287 Y96.689 Z3.6 E1
G1 X87.069 Y96.689 Z3.6 E1
G1 X87.214 Y96.754 Z3.6 E1
G1 X87.262 Y96.882 Z3.6 E1
G1 X87.262 Y108.54 Z3.6 E1
G1 X92.738 Y108.541 Z3.6 E1
G1 X92.738 Y96.882 Z3.6 E1
G1 X92.786 Y96.754 Z3.6 E1
G1 X92.931 Y96.689 Z3.6 E1
G1 X98.921 Y96.689 Z3.6 E1
G1 X99.046 Y96.735 Z3.6 E1
G1 X99.114 Y96.882 Z3.6 E1
G1 X99.114 Y108.54 Z3.6 E1
G1 X100.903 Y108.54 Z3.6 E1
G1 X100.903 Y106.758 Z3.6 E1
G1 X100.966 Y106.615 Z3.6 E1
G1 X101.095 Y106.565 Z3.6 E1
G1 X102.615 Y106.565 Z3.6 E1
G1 X102.615 Y104.783 Z3.6 E1
G1 X102.686 Y104.633 Z3.6 E1
G1 X102.807 Y104.59 Z3.6 E1
G1 X104.59 Y104.59 Z3.6 E1
G1 X104.59 Y93.188 Z3.6 E1
G1 X92.931 Y93.188 Z3.6 E1
G1 X92.857 Y93.155 Z3.6 E1
G0 X124.403 Y80.952 Z3.6
G1 X124.414 Y80.929 Z3.6 E1
G1 X124.536 Y80.886 Z3.6 E1
G1 X126.318 Y80.886 Z3.6 E1
G1 X126.318 Y73.435 Z3.6 E1
G1 X112.941 Y73.435 Z3.6 E1
G1 X112.941 Y75.185 Z3.6 E1
G1 X112.896 Y75.342 Z3.6 E1
G1 X112.748 Y75.41 Z3.6 E1
G1 X110.966 Y75.41 Z3.6 E1
G1 X110.966 Y77.193 Z3.6 E1
G1 X110.894 Y77.342 Z3.6 E1
G1 X110.773 Y77.385 Z3.6 E1
G1 X108.99 Y77.385 Z3.6 E1
G1 X108.99 Y104.59 Z3.6 E1
G1 X122.368 Y104.59 Z3.6 E1
G1 X122.368 Y102.84 Z3.6 E1
G1 X122.413 Y102.683 Z3.6 E1
G1 X122.56 Y102.615 Z3.6 E1
G1 X124.343 Y102.614 Z3.6 E1
G1 X124.343 Y100.832 Z3.6 E1
G1 X124.42 Y100.678 Z3.6 E1
G1 X124.536 Y100.639 Z3.6 E1
G1 X126.318 Y100.639 Z3.6 E1
G1 X126.318 Y97.139 Z3.6 E1
G1 X124.568 Y97.139 Z3.6 E1
G1 X124.42 Y97.1 Z3.6 E1
G1 X124.343 Y96.946 Z3.6 E1
G1 X124.343 Y95.163 Z3.6 E1
G1 X122.593 Y95.163 Z3.6 E1
G1 X122.445 Y95.125 Z3.6 E1
G1 X122.368 Y94.97 Z3.6 E1
G1 X122.368 Y93.188 Z3.6 E1
G1 X120.842 Y93.188 Z3.6 E1
G1 X120.842 Y100.832 Z3.6 E1
G1 X120.797 Y101.02 Z3.6 E1
G1 X120.649 Y101.089 Z3.6 E1
G1 X114.659 Y101.089 Z3.6 E1
G1 X114.534 Y101.043 Z3.6 E1
G1 X114.466 Y100.896 Z3.6 E1
G1 X114.466 Y77.193 Z3.6 E1
G1 X114.512 Y77.005 Z3.6 E1
G1 X114.659 Y76.936 Z3.6 E1
G1 X120.649 Y76.936 Z3.6 E1
G1 X120.775 Y76.982 Z3.6 E1
G1 X120.842 Y77.129 Z3.6 E1
G1 X120.842 Y84.837 Z3.6 E1
G1 X122.368 Y84.837 Z3.6 E1
G1 X122.368 Y83.054 Z3.6 E1
G1 X122.445 Y82.9 Z3.6 E1
G1 X122.56 Y82.861 Z3.6 E1
G1 X124.343 Y82.861 Z3.6 E1
G1 X124.343 Y81.079 Z3.6 E1
G1 X124.377 Y81.006 Z3.6 E1
G0 X148.109 Y88.855 Z3.6
G1 X148.122 Y88.827 Z3.6 E1
G1 X148.239 Y88.787 Z3.6 E1
G1 X150.022 Y88.787 Z3.6 E1
G1 X150.022 Y87.262 Z3.6 E1
G1 X148.239 Y87.262 Z3.6 E1
G1 X148.122 Y87.222 Z3.6 E1
G1 X148.047 Y87.069 Z3.6 E1
G1 X148.047 Y77.385 Z3.6 E1
G1 X146.264 Y77.385 Z3.6 E1
G1 X146.142 Y77.342 Z3.6 E1
G1 X146.071 Y77.193 Z3.6 E1
G1 X146.071 Y75.41 Z3.6 E1
G1 X144.321 Y75.41 Z3.6 E1
G1 X144.173 Y75.372 Z3.6 E1
G1 X144.096 Y75.217 Z3.6 E1
G1 X144.096 Y73.435 Z3.6 E1
G1 X142.571 Y73.435 Z3.6 E1
G1 X142.571 Y87.069 Z3.6 E1
G1 X142.515 Y87.205 Z3.6 E1
G1 X142.378 Y87.262 Z3.6 E1
G1 X136.388 Y87.262 Z3.6 E1
G1 X136.243 Y87.197 Z3.6 E1
G1 X136.195 Y87.069 Z3.6 E1
G1 X136.195 Y73.435 Z3.6 E1
G1 X134.669 Y73.435 Z3.6 E1
G1 X134.669 Y75.218 Z3.6 E1
G1 X134.592 Y75.372 Z3.6 E1
G1 X134.477 Y75.41 Z3.6 E1
G1 X132.694 Y75.41 Z3.6 E1
G1 X132.694 Y77.193 Z3.6 E1
G1 X132.623 Y77.342 Z3.6 E1
G1 X132.501 Y77.385 Z3.6 E1
G1 X130.719 Y77.385 Z3.6 E1
G1 X130.719 Y87.069 Z3.6 E1
G1 X130.67 Y87.197 Z3.6 E1
G1 X130.526 Y87.262 Z3.6 E1
G1 X128.744 Y87.262 Z3.6 E1
G1 X128.744 Y89.012 Z3.6 E1
G1 X128.705 Y89.16 Z3.6 E1
G1 X128.551 Y89.237 Z3.6 E1
G1 X126.768 Y89.237 Z3.6 E1
G1 X126.768 Y90.763 Z3.6 E1
G1 X130.526 Y90.763 Z3.6 E1
G1 X130.67 Y90.828 Z3.6 E1
G1 X130.719 Y90.955 Z3.6 E1
G1 X130.719 Y104.59 Z3.6 E1
G1 X136.195 Y104.59 Z3.6 E1
G1 X136.195 Y90.955 Z3.6 E1
G1 X136.243 Y90.828 Z3.6 E1
G1 X136.388 Y90.763 Z3.6 E1
G1 X142.378 Y90.763 Z3.6 E1
G1 X142.515 Y90.82 Z3.6 E1
G1 X142.571 Y90.955 Z3.6 E1
G1 X142.571 Y104.59 Z3.6 E1
G1 X144.096 Y104.59 Z3.6 E1
G1 X144.096 Y102.807 Z3.6 E1
G1 X144.173 Y102.653 Z3.6 E1
G1 X144.289 Y102.615 Z3.6 E1
G1 X146.071 Y102.615 Z3.6 E1
G1 X146.071 Y100.832 Z3.6 E1
G1 X146.142 Y100.683 Z3.6 E1
G1 X146.264 Y100.639 Z3.6 E1
G1 X148.047 Y100.639 Z3.6 E1
G1 X148.047 Y88.98 Z3.6 E1
G1 X148.082 Y88.908 Z3.6 E1
G0 X157.982 Y101.023 Z3.6
G1 X157.923 Y100.896 Z3.6 E1
G1 X157.923 Y93.188 Z3.6 E1
G1 X154.423 Y93.188 Z3.6 E1
G1 X154.423 Y94.97 Z3.6 E1
G1 X154.351 Y95.12 Z3.6 E1
G1 X154.23 Y95.163 Z3.6 E1
G1 X152.447 Y95.163 Z3.6 E1
G1 X152.447 Y100.639 Z3.6 E1
G1 X154.23 Y100.639 Z3.6 E1
G1 X154.351 Y100.683 Z3.6 E1
G1 X154.423 Y100.832 Z3.6 E1
G1 X154.423 Y102.614 Z3.6 E1
G1 X156.173 Y102.614 Z3.6 E1
G1 X156.329 Y102.66 Z3.6 E1
G1 X156.398 Y102.807 Z3.6 E1
G1 X156.398 Y104.59 Z3.6 E1
G1 X165.824 Y104.59 Z3.6 E1
G1 X165.824 Y102.84 Z3.6 E1
G1 X165.87 Y102.683 Z3.6 E1
G1 X166.017 Y102.615 Z3.6 E1
G1 X167.8 Y102.615 Z3.6 E1
G1 X167.8 Y100.832 Z3.6 E1
G1 X167.871 Y100.683 Z3.6 E1
G1 X167.993 Y100.639 Z3.6 E1
G1 X169.775 Y100.639 Z3.6 E1
G1 X169.775 Y77.386 Z3.6 E1
G1 X167.993 Y77.386 Z3.6 E1
G1 X167.871 Y77.342 Z3.6 E1
G1 X167.8 Y77.193 Z3.6 E1
G1 X167.8 Y75.41 Z3.6 E1
G1 X166.049 Y75.41 Z3.6 E1
G1 X165.902 Y75.372 Z3.6 E1
G1 X165.824 Y75.217 Z3.6 E1
G1 X165.824 Y73.435 Z3.6 E1
G1 X164.299 Y73.435 Z3.6 E1
G1 X164.299 Y87.069 Z3.6 E1
G1 X164.243 Y87.205 Z3.6 E1
G1 X164.106 Y87.262 Z3.6 E1
G1 X158.116 Y87.262 Z3.6 E1
G1 X157.991 Y87.216 Z3.6 E1
G1 X157.923 Y87.069 Z3.6 E1
G1 X157.923 Y73.435 Z3.6 E1
G1 X156.398 Y73.435 Z3.6 E1
G1 X156.398 Y75.218 Z3.6 E1
G1 X156.321 Y75.372 Z3.6 E1
G1 X156.205 Y75.41 Z3.6 E1
G1 X154.423 Y75.41 Z3.6 E1
G1 X154.423 Y77.193 Z3.6 E1
G1 X154.351 Y77.342 Z3.6 E1
G1 X154.23 Y77.385 Z3.6 E1
G1 X152.447 Y77.385 Z3.6 E1
G1 X152.447 Y90.763 Z3.6 E1
G1 X164.106 Y90.763 Z3.6 E1
G1 X164.243 Y90.82 Z3.6 E1
G1 X164.299 Y90.955 Z3.6 E1
G1 X164.299 Y100.832 Z3.6 E1
G1 X164.254 Y101.02 Z3.6 E1
G1 X164.106 Y101.089 Z3.6 E1
G1 X158.148 Y101.089 Z3.6 E1
G1 X158.027 Y101.054 Z3.6 E1
G0 X15.768 Y76.994 Z3.9
G1 X15.746 Y77.005 Z3.9 E1
G1 X15.701 Y77.193 Z3.9 E1
G1 X15.701 Y100.896 Z3.9 E1
G1 X15.77 Y101.044 Z3.9 E1
G1 X15.926 Y101.089 Z3.9 E1
G1 X21.884 Y101.089 Z3.9 E1
G1 X22.032 Y101.02 Z3.9 E1
G1 X22.077 Y100.832 Z3.9 E1
G1 X22.077 Y77.129 Z3.9 E1
G1 X22.008 Y76.981 Z3.9 E1
G1 X21.852 Y76.936 Z3.9 E1
G1 X15.894 Y76.936 Z3.9 E1
G1 X15.823 Y76.969 Z3.9 E1
G0 X25.638 Y77.319 Z3.9
G1 X25.577 Y77.193 Z3.9 E1
G1 X25.577 Y75.41 Z3.9 E1
G1 X23.827 Y75.41 Z3.9 E1
G1 X23.671 Y75.365 Z3.9 E1
G1 X23.602 Y75.218 Z3.9 E1
G1 X23.602 Y73.435 Z3.9 E1
G1 X14.176 Y73.435 Z3.9 E1
G1 X14.176 Y75.185 Z3.9 E1
G1 X14.13 Y75.342 Z3.9 E1
G1 X13.983 Y75.41 Z3.9 E1
G1 X12.2 Y75.41 Z3.9 E1
G1 X12.2 Y77.193 Z3.9 E1
G1 X12.129 Y77.342 Z3.9 E1
G1 X12.007 Y77.385 Z3.9 E1
G1 X10.225 Y77.385 Z3.9 E1
G1 X10.225 Y100.639 Z3.9 E1
G1 X12.007 Y100.639 Z3.9 E1
G1 X12.129 Y100.683 Z3.9 E1
G1 X12.2 Y100.832 Z3.9 E1
G1 X12.2 Y102.615 Z3.9 E1
G1 X13.951 Y102.615 Z3.9 E1
G1 X14.107 Y102.66 Z3.9 E1
G1 X14.176 Y102.807 Z3.9 E1
G1 X14.176 Y104.59 Z3.9 E1
G1 X23.602 Y104.59 Z3.9 E1
G1 X23.602 Y102.84 Z3.9 E1
G1 X23.647 Y102.683 Z3.9 E1
G1 X23.795 Y102.615 Z3.9 E1
G1 X25.577 Y102.615 Z3.9 E1
G1 X25.577 Y100.832 Z3.9 E1
G1 X25.649 Y100.683 Z3.9 E1
G1 X25.77 Y100.639 Z3.9 E1
G1 X27.553 Y100.639 Z3.9 E1
G1 X27.553 Y77.385 Z3.9 E1
G1 X25.77 Y77.385 Z3.9 E1
G1 X25.681 Y77.354 Z3.9 E1
G0 X49.346 Y76.994 Z3.9
G1 X49.474 Y76.936 Z3.9 E1
G1 X55.432 Y76.936 Z3.9 E1
G1 X55.588 Y76.981 Z3.9 E1
G1 X55.657 Y77.129 Z3.9 E1
G1 X55.657 Y104.59 Z3.9 E1
G1 X57.182 Y104.59 Z3.9 E1
G1 X57.182 Y102.807 Z3.9 E1
G1 X57.26 Y102.653 Z3.9 E1
G1 X57.375 Y102.615 Z3.9 E1
G1 X59.158 Y102.615 Z3.9 E1
G1 X59.158 Y100.832 Z3.9 E1
G1 X59.229 Y100.683 Z3.9 E1
G1 X59.351 Y100.639 Z3.9 E1
G1 X61.133 Y100.639 Z3.9 E1
G1 X61.133 Y77.385 Z3.9 E1
G1 X59.351 Y77.385 Z3.9 E1
G1 X59.229 Y77.342 Z3.9 E1
G1 X59.158 Y77.193 Z3.9 E1
G1 X59.158 Y75.41 Z3.9 E1
G1 X57.407 Y75.41 Z3.9 E1
G1 X57.251 Y75.365 Z3.9 E1
G1 X57.182 Y75.217 Z3.9 E1
G1 X57.182 Y73.435 Z3.9 E1
G1 X49.474 Y73.435 Z3.9 E1
G1 X49.358 Y73.396 Z3.9 E1
G1 X49.281 Y73.242 Z3.9 E1
G1 X49.281 Y71.46 Z3.9 E1
G1 X43.805 Y71.46 Z3.9 E1
G1 X43.805 Y73.242 Z3.9 E1
G1 X43.757 Y73.37 Z3.9 E1
G1 X43.612 Y73.435 Z3.9 E1
G1 X35.904 Y73.435 Z3.9 E1
G1 X35.904 Y75.185 Z3.9 E1
G1 X35.859 Y75.341 Z3.9 E1
G1 X35.711 Y75.41 Z3.9 E1
G1 X33.929 Y75.41 Z3.9 E1
G1 X33.929 Y77.193 Z3.9 E1
G1 X33.858 Y77.342 Z3.9 E1
G1 X33.736 Y77.385 Z3.9 E1
G1 X31.954 Y77.385 Z3.9 E1
G1 X31.954 Y100.639 Z3.9 E1
G1 X33.736 Y100.639 Z3.9 E1
G1 X33.858 Y100.683 Z3.9 E1
G1 X33.929 Y100.832 Z3.9 E1
G1 X33.929 Y102.615 Z3.9 E1
G1 X35.679 Y102.615 Z3.9 E1
G1 X35.827 Y102.653 Z3.9 E1
G1 X35.904 Y102.807 Z3.9 E1
G1 X35.904 Y104.59 Z3.9 E1
G1 X37.429 Y104.59 Z3.9 E1
G1 X37.43 Y77.193 Z3.9 E1
G1 X37.475 Y77.005 Z3.9 E1
G1 X37.622 Y76.936 Z3.9 E1
G1 X43.612 Y76.936 Z3.9 E1
G1 X43.757 Y77.001 Z3.9 E1
G1 X43.805 Y77.129 Z3.9 E1
G1 X43.805 Y104.59 Z3.9 E1
G1 X49.281 Y104.59 Z3.9 E1
G1 X49.281 Y77.129 Z3.9 E1
G1 X49.315 Y77.04 Z3.9 E1
G0 X77.323 Y87.208 Z3.9
G1 X77.329 Y87.205 Z3.9 E1
G1 X77.386 Y87.069 Z3.9 E1
G1 X77.386 Y77.129 Z3.9 E1
G1 X77.318 Y76.982 Z3.9 E1
G1 X77.193 Y76.936 Z3.9 E1
G1 X71.203 Y76.936 Z3.9 E1
G1 X71.055 Y77.005 Z3.9 E1
G1 X71.01 Y77.193 Z3.9 E1
G1 X71.01 Y87.069 Z3.9 E1
G1 X71.058 Y87.197 Z3.9 E1
G1 X71.203 Y87.262 Z3.9 E1
G1 X77.193 Y87.262 Z3.9 E1
G1 X77.267 Y87.231 Z3.9 E1
G0 X65.469 Y87.204 Z3.9
G1 X65.341 Y87.262 Z3.9 E1
G1 X63.558 Y87.262 Z3.9 E1
G1 X63.558 Y90.763 Z3.9 E1
G1 X65.341 Y90.763 Z3.9 E1
G1 X65.485 Y90.828 Z3.9 E1
G1 X65.534 Y90.955 Z3.9 E1
G1 X65.534 Y104.59 Z3.9 E1
G1 X71.01 Y104.59 Z3.9 E1
G1 X71.01 Y90.955 Z3.9 E1
G1 X71.058 Y90.828 Z3.9 E1
G1 X71.203 Y90.763 Z3.9 E1
G1 X77.193 Y90.763 Z3.9 E1
G1 X77.329 Y90.819 Z3.9 E1
G1 X77.386 Y90.955 Z3.9 E1
G1 X77.386 Y104.59 Z3.9 E1
G1 X78.911 Y104.59 Z3.9 E1
G1 X78.911 Y102.807 Z3.9 E1
G1 X78.988 Y102.653 Z3.9 E1
G1 X79.104 Y102.615 Z3.9 E1
G1 X80.886 Y102.615 Z3.9 E1
G1 X80.886 Y100.832 Z3.9 E1
G1 X80.957 Y100.683 Z3.9 E1
G1 X81.079 Y100.639 Z3.9 E1
G1 X82.861 Y100.639 Z3.9 E1
G1 X82.862 Y73.435 Z3.9 E1
G1 X69.485 Y73.435 Z3.9 E1
G1 X69.485 Y75.185 Z3.9 E1
G1 X69.439 Y75.342 Z3.9 E1
G1 X69.292 Y75.41 Z3.9 E1
G1 X67.509 Y75.41 Z3.9 E1
G1 X67.509 Y77.193 Z3.9 E1
G1 X67.438 Y77.342 Z3.9 E1
G1 X67.316 Y77.385 Z3.9 E1
G1 X65.534 Y77.385 Z3.9 E1
G1 X65.534 Y87.069 Z3.9 E1
G1 X65.5 Y87.158 Z3.9 E1
G0 X99.055 Y77.001 Z3.9
G1 X99.046 Y76.982 Z3.9 E1
G1 X98.921 Y76.936 Z3.9 E1
G1 X92.931 Y76.936 Z3.9 E1
G1 X92.783 Y77.005 Z3.9 E1
G1 X92.738 Y77.193 Z3.9 E1
G1 X92.738 Y87.069 Z3.9 E1
G1 X92.786 Y87.197 Z3.9 E1
G1 X92.931 Y87.262 Z3.9 E1
G1 X98.921 Y87.262 Z3.9 E1
G1 X99.069 Y87.193 Z3.9 E1
G1 X99.114 Y87.005 Z3.9 E1
G1 X99.114 Y77.129 Z3.9 E1
G1 X99.08 Y77.056 Z3.9 E1
G0 X92.803 Y93.131 Z3.9
G1 X92.786 Y93.123 Z3.9 E1
G1 X92.738 Y92.995 Z3.9 E1
G1 X92.738 Y90.955 Z3.9 E1
G1 X92.786 Y90.828 Z3.9 E1
G1 X92.931 Y90.763 Z3.9 E1
G1 X100.64 Y90.763 Z3.9 E1
G1 X100.64 Y89.012 Z3.9 E1
G1 X100.685 Y88.856 Z3.9 E1
G1 X100.832 Y88.787 Z3.9 E1
G1 X102.615 Y88.787 Z3.9 E1
G1 X102.615 Y87.005 Z3.9 E1
G1 X102.686 Y86.855 Z3.9 E1
G1 X102.807 Y86.812 Z3.9 E1
G1 X104.59 Y86.812 Z3.9 E1
G1 X104.59 Y73.435 Z3.9 E1
G1 X91.213 Y73.435 Z3.9 E1
G1 X91.213 Y75.185 Z3.9 E1
G1 X91.168 Y75.342 Z3.9 E1
G1 X91.02 Y75.41 Z3.9 E1
G1 X89.237 Y75.41 Z3.9 E1
G1 X89.237 Y77.193 Z3.9 E1
G1 X89.166 Y77.342 Z3.9 E1
G1 X89.045 Y77.385 Z3.9 E1
G1 X87.262 Y77.385 Z3.9 E1
G1 X87.262 Y87.069 Z3.9 E1
G1 X87.214 Y87.197 Z3.9 E1
G1 X87.069 Y87.262 Z3.9 E1
G1 X85.287 Y87.262 Z3.9 E1
G1 X85.287 Y90.763 Z3.9 E1
G1 X87.069 Y90.763 Z3.9 E1
G1 X87.214 Y90.828 Z3.9 E1
G1 X87.262 Y90.955 Z3.9 E1
G1 X87.262 Y92.995 Z3.9 E1
G1 X87.214 Y93.123 Z3.9 E1
G1 X87.069 Y93.188 Z3.9 E1
G1 X85.287 Y93.188 Z3.9 E1
G1 X85.287 Y96.689 Z3.9 E1
G1 X87.069 Y96.689 Z3.9 E1
G1 X87.214 Y96.754 Z3.9 E1
G1 X87.262 Y96.882 Z3.9 E1
G1 X87.262 Y108.54 Z3.9 E1
G1 X92.738 Y108.541 Z3.9 E1
G1 X92.738 Y96.882 Z3.9 E1
G1 X92.786 Y96.754 Z3.9 E1
G1 X92.931 Y96.689 Z3.9 E1
G1 X98.921 Y96.689 Z3.9 E1
G1 X99.046 Y96.735 Z3.9 E1
G1 X99.114 Y96.882 Z3.9 E1
G1 X99.114 Y108.54 Z3.9 E1
G1 X100.903 Y108.54 Z3.9 E1
G1 X100.903 Y106.758 Z3.9 E1
G1 X100.966 Y106.615 Z3.9 E1
G1 X101.095 Y106.565 Z3.9 E1
G1 X102.615 Y106.565 Z3.9 E1
G1 X102.615 Y104.783 Z3.9 E1
G1 X102.686 Y104.633 Z3.9 E1
G1 X102.807 Y104.59 Z3.9 E1
G1 X104.59 Y104.59 Z3.9 E1
G1 X104.59 Y93.188 Z3.9 E1
G1 X92.931 Y93.188 Z3.9 E1
G1 X92.857 Y93.155 Z3.9 E1
G0 X124.403 Y80.952 Z3.9
G1 X124.414 Y80.929 Z3.9 E1
G1 X124.536 Y80.886 Z3.9 E1
G1 X126.318 Y80.886 Z3.9 E1
G1 X126.318 Y73.435 Z3.9 E1
G1 X112.941 Y73.435 Z3.9 E1
G1 X112.941 Y75.185 Z3.9 E1
G1 X112.896 Y75.342 Z3.9 E1
G1 X112.748 Y75.41 Z3.9 E1
G1 X110.966 Y75.41 Z3.9 E1
G1 X110.966 Y77.193 Z3.9 E1
G1 X110.894 Y77.342 Z3.9 E1
G1 X110.773 Y77.385 Z3.9 E1
G1 X108.99 Y77.385 Z3.9 E1
G1 X108.99 Y104.59 Z3.9 E1
G1 X122.368 Y104.59 Z3.9 E1
G1 X122.368 Y102.84 Z3.9 E1
G1 X122.413 Y102.683 Z3.9 E1
G1 X122.56 Y102.615 Z3.9 E1
G1 X124.343 Y102.614 Z3.9 E1
G1 X124.343 Y100.832 Z3.9 E1
G1 X124.42 Y100.678 Z3.9 E1
G1 X124.536 Y100.639 Z3.9 E1
G1 X126.318 Y100.639 Z3.9 E1
G1 X126.318 Y97.139 Z3.9 E1
G1 X124.568 Y97.139 Z3.9 E1
G1 X124.42 Y97.1 Z3.9 E1
G1 X124.343 Y96.946 Z3.9 E1
G1 X124.343 Y95.163 Z3.9 E1
G1 X122.593 Y95.163 Z3.9 E1
G1 X122.445 Y95.125 Z3.9 E1
G1 X122.368 Y94.97 Z3.9 E1
G1 X122.368 Y93.188 Z3.9 E1
G1 X120.842 Y93.188 Z3.9 E1
G1 X120.842 Y100.832 Z3.9 E1
G1 X120.797 Y101.02 Z3.9 E1
G1 X120.649 Y101.089 Z3.9 E1
G1 X114.659 Y101.089 Z3.9 E1
G1 X114.534 Y101.043 Z3.9 E1
G1 X114.466 Y100.896 Z3.9 E1
G1 X114.466 Y77.193 Z3.9 E1
G1 X114.512 Y77.005 Z3.9 E1
G1 X114.659 Y76.936 Z3.9 E1
G1 X120.649 Y76.936 Z3.9 E1
G1 X120.775 Y76.982 Z3.9 E1
G1 X120.842 Y77.129 Z3.9 E1
G1 X120.842 Y84.837 Z3.9 E1
G1 X122.368 Y84.837 Z3.9 E1
G1 X122.368 Y83.054 Z3.9 E1
G1 X122.445 Y82.9 Z3.9 E1
G1 X122.56 Y82.861 Z3.9 E1
G1 X124.343 Y82.861 Z3.9 E1
G1 X124.343 Y81.079 Z3.9 E1
G1 X124.377 Y81.006 Z3.9 E1
G0 X148.109 Y88.855 Z3.9
G1 X148.122 Y88.827 Z3.9 E1
G1 X148.239 Y88.787 Z3.9 E1
G1 X150.022 Y88.787 Z3.9 E1
G1 X150.022 Y87.262 Z3.9 E1
G1 X148.239 Y87.262 Z3.9 E1
G1 X148.122 Y87.222 Z3.9 E1
G1 X148.047 Y87.069 Z3.9 E1
G1 X148.047 Y77.385 Z3.9 E1
G1 X146.264 Y77.385 Z3.9 E1
G1 X146.142 Y77.342 Z3.9 E1
G1 X146.071 Y77.193 Z3.9 E1
G1 X146.071 Y75.41 Z3.9 E1
G1 X144.321 Y75.41 Z3.9 E1
G1 X144.173 Y75.372 Z3.9 E1
G1 X144.096 Y75.217 Z3.9 E1
G1 X144.096 Y73.435 Z3.9 E1
G1 X142.571 Y73.435 Z3.9 E1
G1 X142.571 Y87.069 Z3.9 E1
G1 X142.515 Y87.205 Z3.9 E1
G1 X142.378 Y87.262 Z3.9 E1
G1 X136.388 Y87.262 Z3.9 E1
G1 X136.243 Y87.197 Z3.9 E1
G1 X136.195 Y87.069 Z3.9 E1
G1 X136.195 Y73.435 Z3.9 E1
G1 X134.669 Y73.435 Z3.9 E1
G1 X134.669 Y75.218 Z3.9 E1
G1 X134.592 Y75.372 Z3.9 E1
G1 X134.477 Y75.41 Z3.9 E1
G1 X132.694 Y75.41 Z3.9 E1
G1 X132.694 Y77.193 Z3.9 E1
G1 X132.623 Y77.342 Z3.9 E1
G1 X132.501 Y77.385 Z3.9 E1
G1 X130.719 Y77.385 Z3.9 E1
G1 X130.719 Y87.069 Z3.9 E1
G1 X130.67 Y87.197 Z3.9 E1
G1 X130.526 Y87.262 Z3.9 E1
G1 X128.744 Y87.262 Z3.9 E1
G1 X128.744 Y89.012 Z3.9 E1
G1 X128.705 Y89.16 Z3.9 E1
G1 X128.551 Y89.237 Z3.9 E1
G1 X126.768 Y89.237 Z3.9 E1
G1 X126.768 Y90.763 Z3.9 E1
G1 X130.526 Y90.763 Z3.9 E1
G1 X130.67 Y90.828 Z3.9 E1
G1 X130.719 Y90.955 Z3.9 E1
G1 X130.719 Y104.59 Z3.9 E1
G1 X136.195 Y104.59 Z3.9 E1
G1 X136.195 Y90.955 Z3.9 E1
G1 X136.243 Y90.828 Z3.9 E1
G1 X136.388 Y90.763 Z3.9 E1
G1 X142.378 Y90.763 Z3.9 E1
G1 X142.515 Y90.82 Z3.9 E1
G1 X142.571 Y90.955 Z3.9 E1
G1 X142.571 Y104.59 Z3.9 E1
G1 X144.096 Y104.59 Z3.9 E1
G1 X144.096 Y102.807 Z3.9 E1
G1 X144.173 Y102.653 Z3.9 E1
G1 X144.289 Y102.615 Z3.9 E1
G1 X146.071 Y102.615 Z3.9 E1
G1 X146.071 Y100.832 Z3.9 E1
G1 X146.142 Y100.683 Z3.9 E1
G1 X146.264 Y100.639 Z3.9 E1
G1 X148.047 Y100.639 Z3.9 E1
G1 X148.047 Y88.98 Z3.9 E1
G1 X148.082 Y88.908 Z3.9 E1
G0 X157.982 Y101.023 Z3.9
G1 X157.923 Y100.896 Z3.9 E1
G1 X157.923 Y93.188 Z3.9 E1
G1 X154.423 Y93.188 Z3.9 E1
G1 X154.423 Y94.97 Z3.9 E1
G1 X154.351 Y95.12 Z3.9 E1
G1 X154.23 Y95.163 Z3.9 E1
G1 X152.447 Y95.163 Z3.9 E1
G1 X152.447 Y100.639 Z3.9 E1
G1 X154.23 Y100.639 Z3.9 E1
G1 X154.351 Y100.683 Z3.9 E1
G1 X154.423 Y100.832 Z3.9 E1
G1 X154.423 Y102.614 Z3.9 E1
G1 X156.173 Y102.614 Z3.9 E1
G1 X156.329 Y102.66 Z3.9 E1
G1 X156.398 Y102.807 Z3.9 E1
G1 X156.398 Y104.59 Z3.9 E1
G1 X165.824 Y104.59 Z3.9 E1
G1 X165.824 Y102.84 Z3.9 E1
G1 X165.87 Y102.683 Z3.9 E1
G1 X166.017 Y102.615 Z3.9 E1
G1 X167.8 Y102.615 Z3.9 E1
G1 X167.8 Y100.832 Z3.9 E1
G1 X167.871 Y100.683 Z3.9 E1
G1 X167.993 Y100.639 Z3.9 E1
G1 X169.775 Y100.639 Z3.9 E1
G1 X169.775 Y77.386 Z3.9 E1
G1 X167.993 Y77.386 Z3.9 E1
G1 X167.871 Y77.342 Z3.9 E1
G1 X167.8 Y77.193 Z3.9 E1
G1 X167.8 Y75.41 Z3.9 E1
G1 X166.049 Y75.41 Z3.9 E1
G1 X165.902 Y75.372 Z3.9 E1
G1 X165.824 Y75.217 Z3.9 E1
G1 X165.824 Y73.435 Z3.9 E1
G1 X164.299 Y73.435 Z3.9 E1
G1 X164.299 Y87.069 Z3.9 E1
G1 X164.243 Y87.205 Z3.9 E1
G1 X164.106 Y87.262 Z3.9 E1
G1 X158.116 Y87.262 Z3.9 E1
G1 X157.991 Y87.216 Z3.9 E1
G1 X157.923 Y87.069 Z3.9 E1
G1 X157.923 Y73.435 Z3.9 E1
G1 X156.398 Y73.435 Z3.9 E1
G1 X156.398 Y75.218 Z3.9 E1
G1 X156.321 Y75.372 Z3.9 E1
G1 X156.205 Y75.41 Z3.9 E1
G1 X154.423 Y75.41 Z3.9 E1
G1 X154.423 Y77.193 Z3.9 E1
G1 X154.351 Y77.342 Z3.9 E1
G1 X154.23 Y77.385 Z3.9 E1
G1 X152.447 Y77.385 Z3.9 E1
G1 X152.447 Y90.763 Z3.9 E1
G1 X164.106 Y90.763 Z3.9 E1
G1 X164.243 Y90.82 Z3.9 E1
G1 X164.299 Y90.955 Z3.9 E1
G1 X164.299 Y100.832 Z3.9 E1
G1 X164.254 Y101.02 Z3.9 E1
G1 X164.106 Y101.089 Z3.9 E1
G1 X158.148 Y101.089 Z3.9 E1
G1 X158.027 Y101.054 Z3.9 E1
G0 X15.768 Y76.994 Z4.2
G1 X15.746 Y77.005 Z4.2 E1
G1 X15.701 Y77.193 Z4.2 E1
G1 X15.701 Y100.896 Z4.2 E1
G1 X15.77 Y101.044 Z4.2 E1
G1 X15.926 Y101.089 Z4.2 E1
G1 X21.884 Y101.089 Z4.2 E1
G1 X22.032 Y101.02 Z4.2 E1
G1 X22.077 Y100.832 Z4.2 E1
G1 X22.077 Y77.129 Z4.2 E1
G1 X22.008 Y76.981 Z4.2 E1
G1 X21.852 Y76.936 Z4.2 E1
G1 X15.894 Y76.936 Z4.2 E1
G1 X15.823 Y76.969 Z4.2 E1
G0 X25.638 Y77.319 Z4.2
G1 X25.577 Y77.193 Z4.2 E1
G1 X25.577 Y75.41 Z4.2 E1
G1 X23.827 Y75.41 Z4.2 E1
G1 X23.671 Y75.365 Z4.2 E1
G1 X23.602 Y75.218 Z4.2 E1
G1 X23.602 Y73.435 Z4.2 E1
G1 X14.176 Y73.435 Z4.2 E1
G1 X14.176 Y75.185 Z4.2 E1
G1 X14.13 Y75.342 Z4.2 E1
G1 X13.983 Y75.41 Z4.2 E1
G1 X12.2 Y75.41 Z4.2 E1
G1 X12.2 Y77.193 Z4.2 E1
G1 X12.129 Y77.342 Z4.2 E1
G1 X12.007 Y77.385 Z4.2 E1
G1 X10.225 Y77.385 Z4.2 E1
G1 X10.225 Y100.639 Z4.2 E1
G1 X12.007 Y100.639 Z4.2 E1
G1 X12.129 Y100.683 Z4.2 E1
G1 X12.2 Y100.832 Z4.2 E1
G1 X12.2 Y102.615 Z4.2 E1
G1 X13.951 Y102.615 Z4.2 E1
G1 X14.107 Y102.66 Z4.2 E1
G1 X14.176 Y102.807 Z4.2 E1
G1 X14.176 Y104.59 Z4.2 E1
G1 X23.602 Y104.59 Z4.2 E1
G1 X23.602 Y102.84 Z4.2 E1
G1 X23.647 Y102.683 Z4.2 E1
G1 X23.795 Y102.615 Z4.2 E1
G1 X25.577 Y102.615 Z4.2 E1
G1 X25.577 Y100.832 Z4.2 E1
G1 X25.649 Y100.683 Z4.2 E1
G1 X25.77 Y100.639 Z4.2 E1
G1 X27.553 Y100.639 Z4.2 E1
G1 X27.553 Y77.385 Z4.2 E1
G1 X25.77 Y77.385 Z4.2 E1
G1 X25.681 Y77.354 Z4.2 E1
G0 X49.346 Y76.994 Z4.2
G1 X49.474 Y76.936 Z4.2 E1
G1 X55.432 Y76.936 Z4.2 E1
G1 X55.588 Y76.981 Z4.2 E1
G1 X55.657 Y77.129 Z4.2 E1
G1 X55.657 Y104.59 Z4.2 E1
G1 X57.182 Y104.59 Z4.2 E1
G1 X57.182 Y102.807 Z4.2 E1
G1 X57.26 Y102.653 Z4.2 E1
G1 X57.375 Y102.615 Z4.2 E1
G1 X59.158 Y102.615 Z4.2 E1
G1 X59.158 Y100.832 Z4.2 E1
G1 X59.229 Y100.683 Z4.2 E1
G1 X59.351 Y100.639 Z4.2 E1
G1 X61.133 Y100.639 Z4.2 E1
G1 X61.133 Y77.385 Z4.2 E1
G1 X59.351 Y77.385 Z4.2 E1
G1 X59.229 Y77.342 Z4.2 E1
G1 X59.158 Y77.193 Z4.2 E1
G1 X59.158 Y75.41 Z4.2 E1
G1 X57.407 Y75.41 Z4.2 E1
G1 X57.251 Y75.365 Z4.2 E1
G1 X57.182 Y75.217 Z4.2 E1
G1 X57.182 Y73.435 Z4.2 E1
G1 X49.474 Y73.435 Z4.2 E1
G1 X49.358 Y73.396 Z4.2 E1
G1 X49.281 Y73.242 Z4.2 E1
G1 X49.281 Y71.46 Z4.2 E1
G1 X43.805 Y71.46 Z4.2 E1
G1 X43.805 Y73.242 Z4.2 E1
G1 X43.757 Y73.37 Z4.2 E1
G1 X43.612 Y73.435 Z4.2 E1
G1 X35.904 Y73.435 Z4.2 E1
G1 X35.904 Y75.185 Z4.2 E1
G1 X35.859 Y75.341 Z4.2 E1
G1 X35.711 Y75.41 Z4.2 E1
G1 X33.929 Y75.41 Z4.2 E1
G1 X33.929 Y77.193 Z4.2 E1
G1 X33.858 Y77.342 Z4.2 E1
G1 X33.736 Y77.385 Z4.2 E1
G1 X31.954 Y77.385 Z4.2 E1
G1 X31.954 Y100.639 Z4.2 E1
G1 X33.736 Y100.639 Z4.2 E1
G1 X33.858 Y100.683 Z4.2 E1
G1 X33.929 Y100.832 Z4.2 E1
G1 X33.929 Y102.615 Z4.2 E1
G1 X35.679 Y102.615 Z4.2 E1
G1 X35.827 Y102.653 Z4.2 E1
G1 X35.904 Y102.807 Z4.2 E1
G1 X35.904 Y104.59 Z4.2 E1
G1 X37.429 Y104.59 Z4.2 E1
G1 X37.43 Y77.193 Z4.2 E1
G1 X37.475 Y77.005 Z4.2 E1
G1 X37.622 Y76.936 Z4.2 E1
G1 X43.612 Y76.936 Z4.2 E1
G1 X43.757 Y77.001 Z4.2 E1
G1 X43.805 Y77.129 Z4.2 E1
G1 X43.805 Y104.59 Z4.2 E1
G1 X49.281 Y104.59 Z4.2 E1
G1 X49.281 Y77.129 Z4.2 E1
G1 X49.315 Y77.04 Z4.2 E1
G0 X77.323 Y87.208 Z4.2
G1 X77.329 Y87.205 Z4.2 E1
G1 X77.386 Y87.069 Z4.2 E1
G1 X77.386 Y77.129 Z4.2 E1
G1 X77.318 Y76.982 Z4.2 E1
G1 X77.193 Y76.936 Z4.2 E1
G1 X71.203 Y76.936 Z4.2 E1
G1 X71.055 Y77.005 Z4.2 E1
G1 X71.01 Y77.193 Z4.2 E1
G1 X71.01 Y87.069 Z4.2 E1
G1 X71.058 Y87.197 Z4.2 E1
G1 X71.203 Y87.262 Z4.2 E1
G1 X77.193 Y87.262 Z4.2 E1
G1 X77.267 Y87.231 Z4.2 E1
G0 X65.469 Y87.204 Z4.2
G1 X65.341 Y87.262 Z4.2 E1
G1 X63.558 Y87.262 Z4.2 E1
G1 X63.558 Y90.763 Z4.2 E1
G1 X65.341 Y90.763 Z4.2 E1
G1 X65.485 Y90.828 Z4.2 E1
G1 X65.534 Y90.955 Z4.2 E1
G1 X65.534 Y104.59 Z4.2 E1
G1 X71.01 Y104.59 Z4.2 E1
G1 X71.01 Y90.955 Z4.2 E1
G1 X71.058 Y90.828 Z4.2 E1
G1 X71.203 Y90.763 Z4.2 E1
G1 X77.193 Y90.763 Z4.2 E1
G1 X77.329 Y90.819 Z4.2 E1
G1 X77.386 Y90.955 Z4.2 E1
G1 X77.386 Y104.59 Z4.2 E1
G1 X78.911 Y104.59 Z4.2 E1
G1 X78.911 Y102.807 Z4.2 E1
G1 X78.988 Y102.653 Z4.2 E1
G1 X79.104 Y102.615 Z4.2 E1
G1 X80.886 Y102.615 Z4.2 E1
G1 X80.886 Y100.832 Z4.2 E1
G1 X80.957 Y100.683 Z4.2 E1
G1 X81.079 Y100.639 Z4.2 E1
G1 X82.861 Y100.639 Z4.2 E1
G1 X82.862 Y73.435 Z4.2 E1
G1 X69.485 Y73.435 Z4.2 E1
G1 X69.485 Y75.185 Z4.2 E1
G1 X69.439 Y75.342 Z4.2 E1
G1 X69.292 Y75.41 Z4.2 E1
G1 X67.509 Y75.41 Z4.2 E1
G1 X67.509 Y77.193 Z4.2 E1
G1 X67.438 Y77.342 Z4.2 E1
G1 X67.316 Y77.385 Z4.2 E1
G1 X65.534 Y77.385 Z4.2 E1
G1 X65.534 Y87.069 Z4.2 E1
G1 X65.5 Y87.158 Z4.2 E1
G0 X99.055 Y77.001 Z4.2
G1 X99.046 Y76.982 Z4.2 E1
G1 X98.921 Y76.936 Z4.2 E1
G1 X92.931 Y76.936 Z4.2 E1
G1 X92.783 Y77.005 Z4.2 E1
G1 X92.738 Y77.193 Z4.2 E1
G1 X92.738 Y87.069 Z4.2 E1
G1 X92.786 Y87.197 Z4.2 E1
G1 X92.931 Y87.262 Z4.2 E1
G1 X98.921 Y87.262 Z4.2 E1
G1 X99.069 Y87.193 Z4.2 E1
G1 X99.114 Y87.005 Z4.2 E1
G1 X99.114 Y77.129 Z4.2 E1
G1 X99.08 Y77.056 Z4.2 E1
G0 X92.803 Y93.131 Z4.2
G1 X92.786 Y93.123 Z4.2 E1
G1 X92.738 Y92.995 Z4.2 E1
G1 X92.738 Y90.955 Z4.2 E1
G1 X92.786 Y90.828 Z4.2 E1
G1 X92.931 Y90.763 Z4.2 E1
G1 X100.64 Y90.763 Z4.2 E1
G1 X100.64 Y89.012 Z4.2 E1
G1 X100.685 Y88.856 Z4.2 E1
G1 X100.832 Y88.787 Z4.2 E1
G1 X102.615 Y88.787 Z4.2 E1
G1 X102.615 Y87.005 Z4.2 E1
G1 X102.686 Y86.855 Z4.2 E1
G1 X102.807 Y86.812 Z4.2 E1
G1 X104.59 Y86.812 Z4.2 E1
G1 X104.59 Y73.435 Z4.2 E1
G1 X91.213 Y73.435 Z4.2 E1
G1 X91.213 Y75.185 Z4.2 E1
G1 X91.168 Y75.342 Z4.2 E1
G1 X91.02 Y75.41 Z4.2 E1
G1 X89.237 Y75.41 Z4.2 E1
G1 X89.237 Y77.193 Z4.2 E1
G1 X89.166 Y77.342 Z4.2 E1
G1 X89.045 Y77.385 Z4.2 E1
G1 X87.262 Y77.385 Z4.2 E1
G1 X87.262 Y87.069 Z4.2 E1
G1 X87.214 Y87.197 Z4.2 E1
G1 X87.069 Y87.262 Z4.2 E1
G1 X85.287 Y87.262 Z4.2 E1
G1 X85.287 Y90.763 Z4.2 E1
G1 X87.069 Y90.763 Z4.2 E1
G1 X87.214 Y90.828 Z4.2 E1
G1 X87.262 Y90.955 Z4.2 E1
G1 X87.262 Y92.995 Z4.2 E1
G1 X87.214 Y93.123 Z4.2 E1
G1 X87.069 Y93.188 Z4.2 E1
G1 X85.287 Y93.188 Z4.2 E1
G1 X85.287 Y96.689 Z4.2 E1
G1 X87.069 Y96.689 Z4.2 E1
G1 X87.214 Y96.754 Z4.2 E1
G1 X87.262 Y96.882 Z4.2 E1
G1 X87.262 Y108.54 Z4.2 E1
G1 X92.738 Y108.541 Z4.2 E1
G1 X92.738 Y96.882 Z4.2 E1
G1 X92.786 Y96.754 Z4.2 E1
G1 X92.931 Y96.689 Z4.2 E1
G1 X98.921 Y96.689 Z4.2 E1
G1 X99.046 Y96.735 Z4.2 E1
G1 X99.114 Y96.882 Z4.2 E1
G1 X99.114 Y108.54 Z4.2 E1
G1 X100.903 Y108.54 Z4.2 E1
G1 X100.903 Y106.758 Z4.2 E1
G1 X100.966 Y106.615 Z4.2 E1
G1 X101.095 Y106.565 Z4.2 E1
G1 X102.615 Y106.565 Z4.2 E1
G1 X102.615 Y104.783 Z4.2 E1
G1 X102.686 Y104.633 Z4.2 E1
G1 X102.807 Y104.59 Z4.2 E1
G1 X104.59 Y104.59 Z4.2 E1
G1 X104.59 Y93.188 Z4.2 E1
G1 X92.931 Y93.188 Z4.2 E1
G1 X92.857 Y93.155 Z4.2 E1
G0 X124.403 Y80.952 Z4.2
G1 X124.414 Y80.929 Z4.2 E1
G1 X124.536 Y80.886 Z4.2 E1
G1 X126.318 Y80.886 Z4.2 E1
G1 X126.318 Y73.435 Z4.2 E1
G1 X112.941 Y73.435 Z4.2 E1
G1 X112.941 Y75.185 Z4.2 E1
G1 X112.896 Y75.342 Z4.2 E1
G1 X112.748 Y75.41 Z4.2 E1
G1 X110.966 Y75.41 Z4.2 E1
G1 X110.966 Y77.193 Z4.2 E1
G1 X110.894 Y77.342 Z4.2 E1
G1 X110.773 Y77.385 Z4.2 E1
G1 X108.99 Y77.385 Z4.2 E1
G1 X108.99 Y104.59 Z4.2 E1
G1 X122.368 Y104.59 Z4.2 E1
G1 X122.368 Y102.84 Z4.2 E1
G1 X122.413 Y102.683 Z4.2 E1
G1 X122.56 Y102.615 Z4.2 E1
G1 X124.343 Y102.614 Z4.2 E1
G1 X124.343 Y100.832 Z4.2 E1
G1 X124.42 Y100.678 Z4.2 E1
G1 X124.536 Y100.639 Z4.2 E1
G1 X126.318 Y100.639 Z4.2 E1
G1 X126.318 Y97.139 Z4.2 E1
G1 X124.568 Y97.139 Z4.2 E1
G1 X124.42 Y97.1 Z4.2 E1
G1 X124.343 Y96.946 Z4.2 E1
G1 X124.343 Y95.163 Z4.2 E1
G1 X122.593 Y95.163 Z4.2 E1
G1 X122.445 Y95.125 Z4.2 E1
G1 X122.368 Y94.97 Z4.2 E1
G1 X122.368 Y93.188 Z4.2 E1
G1 X120.842 Y93.188 Z4.2 E1
G1 X120.842 Y100.832 Z4.2 E1
G1 X120.797 Y101.02 Z4.2 E1
G1 X120.649 Y101.089 Z4.2 E1
G1 X114.659 Y101.089 Z4.2 E1
G1 X114.534 Y101.043 Z4.2 E1
G1 X114.466 Y100.896 Z4.2 E1
G1 X114.466 Y77.193 Z4.2 E1
G1 X114.512 Y77.005 Z4.2 E1
G1 X114.659 Y76.936 Z4.2 E1
G1 X120.649 Y76.936 Z4.2 E1
G1 X120.775 Y76.982 Z4.2 E1
G1 X120.842 Y77.129 Z4.2 E1
G1 X120.842 Y84.837 Z4.2 E1
G1 X122.368 Y84.837 Z4.2 E1
G1 X122.368 Y83.054 Z4.2 E1
G1 X122.445 Y82.9 Z4.2 E1
G1 X122.56 Y82.861 Z4.2 E1
G1 X124.343 Y82.861 Z4.2 E1
G1 X124.343 Y81.079 Z4.2 E1
G1 X124.377 Y81.006 Z4.2 E1
G0 X148.109 Y88.855 Z4.2
G1 X148.122 Y88.827 Z4.2 E1
G1 X148.239 Y88.787 Z4.2 E1
G1 X150.022 Y88.787 Z4.2 E1
G1 X150.022 Y87.262 Z4.2 E1
G1 X148.239 Y87.262 Z4.2 E1
G1 X148.122 Y87.222 Z4.2 E1
G1 X148.047 Y87.069 Z4.2 E1
G1 X148.047 Y77.385 Z4.2 E1
G1 X146.264 Y77.385 Z4.2 E1
G1 X146.142 Y77.342 Z4.2 E1
G1 X146.071 Y77.193 Z4.2 E1
G1 X146.071 Y75.41 Z4.2 E1
G1 X144.321 Y75.41 Z4.2 E1
G1 X144.173 Y75.372 Z4.2 E1
G1 X144.096 Y75.217 Z4.2 E1
G1 X144.096 Y73.435 Z4.2 E1
G1 X142.571 Y73.435 Z4.2 E1
G1 X142.571 Y87.069 Z4.2 E1
G1 X142.515 Y87.205 Z4.2 E1
G1 X142.378 Y87.262 Z4.2 E1
G1 X136.388 Y87.262 Z4.2 E1
G1 X136.243 Y87.197 Z4.2 E1
G1 X136.195 Y87.069 Z4.2 E1
G1 X136.195 Y73.435 Z4.2 E1
G1 X134.669 Y73.435 Z4.2 E1
G1 X134.669 Y75.218 Z4.2 E1
G1 X134.592 Y75.372 Z4.2 E1
G1 X134.477 Y75.41 Z4.2 E1
G1 X132.694 Y75.41 Z4.2 E1
G1 X132.694 Y77.193 Z4.2 E1
G1 X132.623 Y77.342 Z4.2 E1
G1 X132.501 Y77.385 Z4.2 E1
G1 X130.719 Y77.385 Z4.2 E1
G1 X130.719 Y87.069 Z4.2 E1
G1 X130.67 Y87.197 Z4.2 E1
G1 X130.526 Y87.262 Z4.2 E1
G1 X128.744 Y87.262 Z4.2 E1
G1 X128.744 Y89.012 Z4.2 E1
G1 X128.705 Y89.16 Z4.2 E1
G1 X128.551 Y89.237 Z4.2 E1
G1 X126.768 Y89.237 Z4.2 E1
G1 X126.768 Y90.763 Z4.2 E1
G1 X130.526 Y90.763 Z4.2 E1
G1 X130.67 Y90.828 Z4.2 E1
G1 X130.719 Y90.955 Z4.2 E1
G1 X130.719 Y104.59 Z4.2 E1
G1 X136.195 Y104.59 Z4.2 E1
G1 X136.195 Y90.955 Z4.2 E1
G1 X136.243 Y90.828 Z4.2 E1
G1 X136.388 Y90.763 Z4.2 E1
G1 X142.378 Y90.763 Z4.2 E1
G1 X142.515 Y90.82 Z4.2 E1
G1 X142.571 Y90.955 Z4.2 E1
G1 X142.571 Y104.59 Z4.2 E1
G1 X144.096 Y104.59 Z4.2 E1
G1 X144.096 Y102.807 Z4.2 E1
G1 X144.173 Y102.653 Z4.2 E1
G1 X144.289 Y102.615 Z4.2 E1
G1 X146.071 Y102.615 Z4.2 E1
G1 X146.071 Y100.832 Z4.2 E1
G1 X146.142 Y100.683 Z4.2 E1
G1 X146.264 Y100.639 Z4.2 E1
G1 X148.047 Y100.639 Z4.2 E1
G1 X148.047 Y88.98 Z4.2 E1
G1 X148.082 Y88.908 Z4.2 E1
G0 X157.982 Y101.023 Z4.2
G1 X157.923 Y100.896 Z4.2 E1
G1 X157.923 Y93.188 Z4.2 E1
G1 X154.423 Y93.188 Z4.2 E1
G1 X154.423 Y94.97 Z4.2 E1
G1 X154.351 Y95.12 Z4.2 E1
G1 X154.23 Y95.163 Z4.2 E1
G1 X152.447 Y95.163 Z4.2 E1
G1 X152.447 Y100.639 Z4.2 E1
G1 X154.23 Y100.639 Z4.2 E1
G1 X154.351 Y100.683 Z4.2 E1
G1 X154.423 Y100.832 Z4.2 E1
G1 X154.423 Y102.614 Z4.2 E1
G1 X156.173 Y102.614 Z4.2 E1
G1 X156.329 Y102.66 Z4.2 E1
G1 X156.398 Y102.807 Z4.2 E1
G1 X156.398 Y104.59 Z4.2 E1
G1 X165.824 Y104.59 Z4.2 E1
G1 X165.824 Y102.84 Z4.2 E1
G1 X165.87 Y102.683 Z4.2 E1
G1 X166.017 Y102.615 Z4.2 E1
G1 X167.8 Y102.615 Z4.2 E1
G1 X167.8 Y100.832 Z4.2 E1
G1 X167.871 Y100.683 Z4.2 E1
G1 X167.993 Y100.639 Z4.2 E1
G1 X169.775 Y100.639 Z4.2 E1
G1 X169.775 Y77.386 Z4.2 E1
G1 X167.993 Y77.386 Z4.2 E1
G1 X167.871 Y77.342 Z4.2 E1
G1 X167.8 Y77.193 Z4.2 E1
G1 X167.8 Y75.41 Z4.2 E1
G1 X166.049 Y75.41 Z4.2 E1
G1 X165.902 Y75.372 Z4.2 E1
G1 X165.824 Y75.217 Z4.2 E1
G1 X165.824 Y73.435 Z4.2 E1
G1 X164.299 Y73.435 Z4.2 E1
G1 X164.299 Y87.069 Z4.2 E1
G1 X164.243 Y87.205 Z4.2 E1
G1 X164.106 Y87.262 Z4.2 E1
G1 X158.116 Y87.262 Z4.2 E1
G1 X157.991 Y87.216 Z4.2 E1
G1 X157.923 Y87.069 Z4.2 E1
G1 X157.923 Y73.435 Z4.2 E1
G1 X156.398 Y73.435 Z4.2 E1
G1 X156.398 Y75.218 Z4.2 E1
G1 X156.321 Y75.372 Z4.2 E1
G1 X156.205 Y75.41 Z4.2 E1
G1 X154.423 Y75.41 Z4.2 E1
G1 X154.423 Y77.193 Z4.2 E1
G1 X154.351 Y77.342 Z4.2 E1
G1 X154.23 Y77.385 Z4.2 E1
G1 X152.447 Y77.385 Z4.2 E1
G1 X152.447 Y90.763 Z4.2 E1
G1 X164.106 Y90.763 Z4.2 E1
G1 X164.243 Y90.82 Z4.2 E1
G1 X164.299 Y90.955 Z4.2 E1
G1 X164.299 Y100.832 Z4.2 E1
G1 X164.254 Y101.02 Z4.2 E1
G1 X164.106 Y101.089 Z4.2 E1
G1 X158.148 Y101.089 Z4.2 E1
G1 X158.027 Y101.054 Z4.2 E1
G0 X15.768 Y76.994 Z4.5
G1 X15.746 Y77.005 Z4.5 E1
G1 X15.701 Y77.193 Z4.5 E1
G1 X15.701 Y100.896 Z4.5 E1
G1 X15.77 Y101.044 Z4.5 E1
G1 X15.926 Y101.089 Z4.5 E1
G1 X21.884 Y101.089 Z4.5 E1
G1 X22.032 Y101.02 Z4.5 E1
G1 X22.077 Y100.832 Z4.5 E1
G1 X22.077 Y77.129 Z4.5 E1
G1 X22.008 Y76.981 Z4.5 E1
G1 X21.852 Y76.936 Z4.5 E1
G1 X15.894 Y76.936 Z4.5 E1
G1 X15.823 Y76.969 Z4.5 E1
G0 X25.638 Y77.319 Z4.5
G1 X25.577 Y77.193 Z4.5 E1
G1 X25.577 Y75.41 Z4.5 E1
G1 X23.827 Y75.41 Z4.5 E1
G1 X23.671 Y75.365 Z4.5 E1
G1 X23.602 Y75.218 Z4.5 E1
G1 X23.602 Y73.435 Z4.5 E1
G1 X14.176 Y73.435 Z4.5 E1
G1 X14.176 Y75.185 Z4.5 E1
G1 X14.13 Y75.342 Z4.5 E1
G1 X13.983 Y75.41 Z4.5 E1
G1 X12.2 Y75.41 Z4.5 E1
G1 X12.2 Y77.193 Z4.5 E1
G1 X12.129 Y77.342 Z4.5 E1
G1 X12.007 Y77.385 Z4.5 E1
G1 X10.225 Y77.385 Z4.5 E1
G1 X10.225 Y100.639 Z4.5 E1
G1 X12.007 Y100.639 Z4.5 E1
G1 X12.129 Y100.683 Z4.5 E1
G1 X12.2 Y100.832 Z4.5 E1
G1 X12.2 Y102.615 Z4.5 E1
G1 X13.951 Y102.615 Z4.5 E1
G1 X14.107 Y102.66 Z4.5 E1
G1 X14.176 Y102.807 Z4.5 E1
G1 X14.176 Y104.59 Z4.5 E1
G1 X23.602 Y104.59 Z4.5 E1
G1 X23.602 Y102.84 Z4.5 E1
G1 X23.647 Y102.683 Z4.5 E1
G1 X23.795 Y102.615 Z4.5 E1
G1 X25.577 Y102.615 Z4.5 E1
G1 X25.577 Y100.832 Z4.5 E1
G1 X25.649 Y100.683 Z4.5 E1
G1 X25.77 Y100.639 Z4.5 E1
G1 X27.553 Y100.639 Z4.5 E1
G1 X27.553 Y77.385 Z4.5 E1
G1 X25.77 Y77.385 Z4.5 E1
G1 X25.681 Y77.354 Z4.5 E1
G0 X49.346 Y76.994 Z4.5
G1 X49.474 Y76.936 Z4.5 E1
G1 X55.432 Y76.936 Z4.5 E1
G1 X55.588 Y76.981 Z4.5 E1
G1 X55.657 Y77.129 Z4.5 E1
G1 X55.657 Y104.59 Z4.5 E1
G1 X57.182 Y104.59 Z4.5 E1
G1 X57.182 Y102.807 Z4.5 E1
G1 X57.26 Y102.653 Z4.5 E1
G1 X57.375 Y102.615 Z4.5 E1
G1 X59.158 Y102.615 Z4.5 E1
G1 X59.158 Y100.832 Z4.5 E1
G1 X59.229 Y100.683 Z4.5 E1
G1 X59.351 Y100.639 Z4.5 E1
G1 X61.133 Y100.639 Z4.5 E1
G1 X61.133 Y77.385 Z4.5 E1
G1 X59.351 Y77.385 Z4.5 E1
G1 X59.229 Y77.342 Z4.5 E1
G1 X59.158 Y77.193 Z4.5 E1
G1 X59.158 Y75.41 Z4.5 E1
G1 X57.407 Y75.41 Z4.5 E1
G1 X57.251 Y75.365 Z4.5 E1
G1 X57.182 Y75.217 Z4.5 E1
G1 X57.182 Y73.435 Z4.5 E1
G1 X49.474 Y73.435 Z4.5 E1
G1 X49.358 Y73.396 Z4.5 E1
G1 X49.281 Y73.242 Z4.5 E1
G1 X49.281 Y71.46 Z4.5 E1
G1 X43.805 Y71.46 Z4.5 E1
G1 X43.805 Y73.242 Z4.5 E1
G1 X43.757 Y73.37 Z4.5 E1
G1 X43.612 Y73.435 Z4.5 E1
G1 X35.904 Y73.435 Z4.5 E1
G1 X35.904 Y75.185 Z4.5 E1
G1 X35.859 Y75.341 Z4.5 E1
G1 X35.711 Y75.41 Z4.5 E1
G1 X33.929 Y75.41 Z4.5 E1
G1 X33.929 Y77.193 Z4.5 E1
G1 X33.858 Y77.342 Z4.5 E1
G1 X33.736 Y77.385 Z4.5 E1
G1 X31.954 Y77.385 Z4.5 E1
G1 X31.954 Y100.639 Z4.5 E1
G1 X33.736 Y100.639 Z4.5 E1
G1 X33.858 Y100.683 Z4.5 E1
G1 X33.929 Y100.832 Z4.5 E1
G1 X33.929 Y102.615 Z4.5 E1
G1 X35.679 Y102.615 Z4.5 E1
G1 X35.827 Y102.653 Z4.5 E1
G1 X35.904 Y102.807 Z4.5 E1
G1 X35.904 Y104.59 Z4.5 E1
G1 X37.429 Y104.59 Z4.5 E1
G1 X37.43 Y77.193 Z4.5 E1
G1 X37.475 Y77.005 Z4.5 E1
G1 X37.622 Y76.936 Z4.5 E1
G1 X43.612 Y76.936 Z4.5 E1
G1 X43.757 Y77.001 Z4.5 E1
G1 X43.805 Y77.129 Z4.5 E1
G1 X43.805 Y104.59 Z4.5 E1
G1 X49.281 Y104.59 Z4.5 E1
G1 X49.281 Y77.129 Z4.5 E1
G1 X49.315 Y77.04 Z4.5 E1
G0 X77.323 Y87.208 Z4.5
G1 X77.329 Y87.205 Z4.5 E1
G1 X77.386 Y87.069 Z4.5 E1
G1 X77.386 Y77.129 Z4.5 E1
G1 X77.318 Y76.982 Z4.5 E1
G1 X77.193 Y76.936 Z4.5 E1
G1 X71.203 Y76.936 Z4.5 E1
G1 X71.055 Y77.005 Z4.5 E1
G1 X71.01 Y77.193 Z4.5 E1
G1 X71.01 Y87.069 Z4.5 E1
G1 X71.058 Y87.197 Z4.5 E1
G1 X71.203 Y87.262 Z4.5 E1
G1 X77.193 Y87.262 Z4.5 E1
G1 X77.267 Y87.231 Z4.5 E1
G0 X65.469 Y87.204 Z4.5
G1 X65.341 Y87.262 Z4.5 E1
G1 X63.558 Y87.262 Z4.5 E1
G1 X63.558 Y90.763 Z4.5 E1
G1 X65.341 Y90.763 Z4.5 E1
G1 X65.485 Y90.828 Z4.5 E1
G1 X65.534 Y90.955 Z4.5 E1
G1 X65.534 Y104.59 Z4.5 E1
G1 X71.01 Y104.59 Z4.5 E1
G1 X71.01 Y90.955 Z4.5 E1
G1 X71.058 Y90.828 Z4.5 E1
G1 X71.203 Y90.763 Z4.5 E1
G1 X77.193 Y90.763 Z4.5 E1
G1 X77.329 Y90.819 Z4.5 E1
G1 X77.386 Y90.955 Z4.5 E1
G1 X77.386 Y104.59 Z4.5 E1
G1 X78.911 Y104.59 Z4.5 E1
G1 X78.911 Y102.807 Z4.5 E1
G1 X78.988 Y102.653 Z4.5 E1
G1 X79.104 Y102.615 Z4.5 E1
G1 X80.886 Y102.615 Z4.5 E1
G1 X80.886 Y100.832 Z4.5 E1
G1 X80.957 Y100.683 Z4.5 E1
G1 X81.079 Y100.639 Z4.5 E1
G1 X82.861 Y100.639 Z4.5 E1
G1 X82.862 Y73.435 Z4.5 E1
G1 X69.485 Y73.435 Z4.5 E1
G1 X69.485 Y75.185 Z4.5 E1
G1 X69.439 Y75.342 Z4.5 E1
G1 X69.292 Y75.41 Z4.5 E1
G1 X67.509 Y75.41 Z4.5 E1
G1 X67.509 Y77.193 Z4.5 E1
G1 X67.438 Y77.342 Z4.5 E1
G1 X67.316 Y77.385 Z4.5 E1
G1 X65.534 Y77.385 Z4.5 E1
G1 X65.534 Y87.069 Z4.5 E1
G1 X65.5 Y87.158 Z4.5 E1
G0 X99.055 Y77.001 Z4.5
G1 X99.046 Y76.982 Z4.5 E1
G1 X98.921 Y76.936 Z4.5 E1
G1 X92.931 Y76.936 Z4.5 E1
G1 X92.783 Y77.005 Z4.5 E1
G1 X92.738 Y77.193 Z4.5 E1
G1 X92.738 Y87.069 Z4.5 E1
G1 X92.786 Y87.197 Z4.5 E1
G1 X92.931 Y87.262 Z4.5 E1
G1 X98.921 Y87.262 Z4.5 E1
G1 X99.069 Y87.193 Z4.5 E1
G1 X99.114 Y87.005 Z4.5 E1
G1 X99.114 Y77.129 Z4.5 E1
G1 X99.08 Y77.056 Z4.5 E1
G0 X92.803 Y93.131 Z4.5
G1 X92.786 Y93.123 Z4.5 E1
G1 X92.738 Y92.995 Z4.5 E1
G1 X92.738 Y90.955 Z4.5 E1
G1 X92.786 Y90.828 Z4.5 E1
G1 X92.931 Y90.763 Z4.5 E1
G1 X100.64 Y90.763 Z4.5 E1
G1 X100.64 Y89.012 Z4.5 E1
G1 X100.685 Y88.856 Z4.5 E1
G1 X100.832 Y88.787 Z4.5 E1
G1 X102.615 Y88.787 Z4.5 E1
G1 X102.615 Y87.005 Z4.5 E1
G1 X102.686 Y86.855 Z4.5 E1
G1 X102.807 Y86.812 Z4.5 E1
G1 X104.59 Y86.812 Z4.5 E1
G1 X104.59 Y73.435 Z4.5 E1
G1 X91.213 Y73.435 Z4.5 E1
G1 X91.213 Y75.185 Z4.5 E1
G1 X91.168 Y75.342 Z4.5 E1
G1 X91.02 Y75.41 Z4.5 E1
G1 X89.237 Y75.41 Z4.5 E1
G1 X89.237 Y77.193 Z4.5 E1
G1 X89.166 Y77.342 Z4.5 E1
G1 X89.045 Y77.385 Z4.5 E1
G1 X87.262 Y77.385 Z4.5 E1
G1 X87.262 Y87.069 Z4.5 E1
G1 X87.214 Y87.197 Z4.5 E1
G1 X87.069 Y87.262 Z4.5 E1
G1 X85.287 Y87.262 Z4.5 E1
G1 X85.287 Y90.763 Z4.5 E1
G1 X87.069 Y90.763 Z4.5 E1
G1 X87.214 Y90.828 Z4.5 E1
G1 X87.262 Y90.955 Z4.5 E1
G1 X87.262 Y92.995 Z4.5 E1
G1 X87.214 Y93.123 Z4.5 E1
G1 X87.069 Y93.188 Z4.5 E1
G1 X85.287 Y93.188 Z4.5 E1
G1 X85.287 Y96.689 Z4.5 E1
G1 X87.069 Y96.689 Z4.5 E1
G1 X87.214 Y96.754 Z4.5 E1
G1 X87.262 Y96.882 Z4.5 E1
G1 X87.262 Y108.54 Z4.5 E1
G1 X92.738 Y108.541 Z4.5 E1
G1 X92.738 Y96.882 Z4.5 E1
G1 X92.786 Y96.754 Z4.5 E1
G1 X92.931 Y96.689 Z4.5 E1
G1 X98.921 Y96.689 Z4.5 E1
G1 X99.046 Y96.735 Z4.5 E1
G1 X99.114 Y96.882 Z4.5 E1
G1 X99.114 Y108.54 Z4.5 E1
G1 X100.903 Y108.54 Z4.5 E1
G1 X100.903 Y106.758 Z4.5 E1
G1 X100.966 Y106.615 Z4.5 E1
G1 X101.095 Y106.565 Z4.5 E1
G1 X102.615 Y106.565 Z4.5 E1
G1 X102.615 Y104.783 Z4.5 E1
G1 X102.686 Y104.633 Z4.5 E1
G1 X102.807 Y104.59 Z4.5 E1
G1 X104.59 Y104.59 Z4.5 E1
G1 X104.59 Y93.188 Z4.5 E1
G1 X92.931 Y93.188 Z4.5 E1
G1 X92.857 Y93.155 Z4.5 E1
G0 X124.403 Y80.952 Z4.5
G1 X124.414 Y80.929 Z4.5 E1
G1 X124.536 Y80.886 Z4.5 E1
G1 X126.318 Y80.886 Z4.5 E1
G1 X126.318 Y73.435 Z4.5 E1
G1 X112.941 Y73.435 Z4.5 E1
G1 X112.941 Y75.185 Z4.5 E1
G1 X112.896 Y75.342 Z4.5 E1
G1 X112.748 Y75.41 Z4.5 E1
G1 X110.966 Y75.41 Z4.5 E1
G1 X110.966 Y77.193 Z4.5 E1
G1 X110.894 Y77.342 Z4.5 E1
G1 X110.773 Y77.385 Z4.5 E1
G1 X108.99 Y77.385 Z4.5 E1
G1 X108.99 Y104.59 Z4.5 E1
G1 X122.368 Y104.59 Z4.5 E1
G1 X122.368 Y102.84 Z4.5 E1
G1 X122.413 Y102.683 Z4.5 E1
G1 X122.56 Y102.615 Z4.5 E1
G1 X124.343 Y102.614 Z4.5 E1
G1 X124.343 Y100.832 Z4.5 E1
G1 X124.42 Y100.678 Z4.5 E1
G1 X124.536 Y100.639 Z4.5 E1
G1 X126.318 Y100.639 Z4.5 E1
G1 X126.318 Y97.139 Z4.5 E1
G1 X124.568 Y97.139 Z4.5 E1
G1 X124.42 Y97.1 Z4.5 E1
G1 X124.343 Y96.946 Z4.5 E1
G1 X124.343 Y95.163 Z4.5 E1
G1 X122.593 Y95.163 Z4.5 E1
G1 X122.445 Y95.125 Z4.5 E1
G1 X122.368 Y94.97 Z4.5 E1
G1 X122.368 Y93.188 Z4.5 E1
G1 X120.842 Y93.188 Z4.5 E1
G1 X120.842 Y100.832 Z4.5 E1
G1 X120.797 Y101.02 Z4.5 E1
G1 X120.649 Y101.089 Z4.5 E1
G1 X114.659 Y101.089 Z4.5 E1
G1 X114.534 Y101.043 Z4.5 E1
G1 X114.466 Y100.896 Z4.5 E1
G1 X114.466 Y77.193 Z4.5 E1
G1 X114.512 Y77.005 Z4.5 E1
G1 X114.659 Y76.936 Z4.5 E1
G1 X120.649 Y76.936 Z4.5 E1
G1 X120.775 Y76.982 Z4.5 E1
G1 X120.842 Y77.129 Z4.5 E1
G1 X120.842 Y84.837 Z4.5 E1
G1 X122.368 Y84.837 Z4.5 E1
G1 X122.368 Y83.054 Z4.5 E1
G1 X122.445 Y82.9 Z4.5 E1
G1 X122.56 Y82.861 Z4.5 E1
G1 X124.343 Y82.861 Z4.5 E1
G1 X124.343 Y81.079 Z4.5 E1
G1 X124.377 Y81.006 Z4.5 E1
G0 X148.109 Y88.855 Z4.5
G1 X148.122 Y88.827 Z4.5 E1
G1 X148.239 Y88.787 Z4.5 E1
G1 X150.022 Y88.787 Z4.5 E1
G1 X150.022 Y87.262 Z4.5 E1
G1 X148.239 Y87.262 Z4.5 E1
G1 X148.122 Y87.222 Z4.5 E1
G1 X148.047 Y87.069 Z4.5 E1
G1 X148.047 Y77.385 Z4.5 E1
G1 X146.264 Y77.385 Z4.5 E1
G1 X146.142 Y77.342 Z4.5 E1
G1 X146.071 Y77.193 Z4.5 E1
G1 X146.071 Y75.41 Z4.5 E1
G1 X144.321 Y75.41 Z4.5 E1
G1 X144.173 Y75.372 Z4.5 E1
G1 X144.096 Y75.217 Z4.5 E1
G1 X144.096 Y73.435 Z4.5 E1
G1 X142.571 Y73.435 Z4.5 E1
G1 X142.571 Y87.069 Z4.5 E1
G1 X142.515 Y87.205 Z4.5 E1
G1 X142.378 Y87.262 Z4.5 E1
G1 X136.388 Y87.262 Z4.5 E1
G1 X136.243 Y87.197 Z4.5 E1
G1 X136.195 Y87.069 Z4.5 E1
G1 X136.195 Y73.435 Z4.5 E1
G1 X134.669 Y73.435 Z4.5 E1
G1 X134.669 Y75.218 Z4.5 E1
G1 X134.592 Y75.372 Z4.5 E1
G1 X134.477 Y75.41 Z4.5 E1
G1 X132.694 Y75.41 Z4.5 E1
G1 X132.694 Y77.193 Z4.5 E1
G1 X132.623 Y77.342 Z4.5 E1
G1 X132.501 Y77.385 Z4.5 E1
G1 X130.719 Y77.385 Z4.5 E1
G1 X130.719 Y87.069 Z4.5 E1
G1 X130.67 Y87.197 Z4.5 E1
G1 X130.526 Y87.262 Z4.5 E1
G1 X128.744 Y87.262 Z4.5 E1
G1 X128.744 Y89.012 Z4.5 E1
G1 X128.705 Y89.16 Z4.5 E1
G1 X128.551 Y89.237 Z4.5 E1
G1 X126.768 Y89.237 Z4.5 E1
G1 X126.768 Y90.763 Z4.5 E1
G1 X130.526 Y90.763 Z4.5 E1
G1 X130.67 Y90.828 Z4.5 E1
G1 X130.719 Y90.955 Z4.5 E1
G1 X130.719 Y104.59 Z4.5 E1
G1 X136.195 Y104.59 Z4.5 E1
G1 X136.195 Y90.955 Z4.5 E1
G1 X136.243 Y90.828 Z4.5 E1
G1 X136.388 Y90.763 Z4.5 E1
G1 X142.378 Y90.763 Z4.5 E1
G1 X142.515 Y90.82 Z4.5 E1
G1 X142.571 Y90.955 Z4.5 E1
G1 X142.571 Y104.59 Z4.5 E1
G1 X144.096 Y104.59 Z4.5 E1
G1 X144.096 Y102.807 Z4.5 E1
G1 X144.173 Y102.653 Z4.5 E1
G1 X144.289 Y102.615 Z4.5 E1
G1 X146.071 Y102.615 Z4.5 E1
G1 X146.071 Y100.832 Z4.5 E1
G1 X146.142 Y100.683 Z4.5 E1
G1 X146.264 Y100.639 Z4.5 E1
G1 X148.047 Y100.639 Z4.5 E1
G1 X148.047 Y88.98 Z4.5 E1
G1 X148.082 Y88.908 Z4.5 E1
G0 X157.982 Y101.023 Z4.5
G1 X157.923 Y100.896 Z4.5 E1
G1 X157.923 Y93.188 Z4.5 E1
G1 X154.423 Y93.188 Z4.5 E1
G1 X154.423 Y94.97 Z4.5 E1
G1 X154.351 Y95.12 Z4.5 E1
G1 X154.23 Y95.163 Z4.5 E1
G1 X152.447 Y95.163 Z4.5 E1
G1 X152.447 Y100.639 Z4.5 E1
G1 X154.23 Y100.639 Z4.5 E1
G1 X154.351 Y100.683 Z4.5 E1
G1 X154.423 Y100.832 Z4.5 E1
G1 X154.423 Y102.614 Z4.5 E1
G1 X156.173 Y102.614 Z4.5 E1
G1 X156.329 Y102.66 Z4.5 E1
G1 X156.398 Y102.807 Z4.5 E1
G1 X156.398 Y104.59 Z4.5 E1
G1 X165.824 Y104.59 Z4.5 E1
G1 X165.824 Y102.84 Z4.5 E1
G1 X165.87 Y102.683 Z4.5 E1
G1 X166.017 Y102.615 Z4.5 E1
G1 X167.8 Y102.615 Z4.5 E1
G1 X167.8 Y100.832 Z4.5 E1
G1 X167.871 Y100.683 Z4.5 E1
G1 X167.993 Y100.639 Z4.5 E1
G1 X169.775 Y100.639 Z4.5 E1
G1 X169.775 Y77.386 Z4.5 E1
G1 X167.993 Y77.386 Z4.5 E1
G1 X167.871 Y77.342 Z4.5 E1
G1 X167.8 Y77.193 Z4.5 E1
G1 X167.8 Y75.41 Z4.5 E1
G1 X166.049 Y75.41 Z4.5 E1
G1 X165.902 Y75.372 Z4.5 E1
G1 X165.824 Y75.217 Z4.5 E1
G1 X165.824 Y73.435 Z4.5 E1
G1 X164.299 Y73.435 Z4.5 E1
G1 X164.299 Y87.069 Z4.5 E1
G1 X164.243 Y87.205 Z4.5 E1
G1 X164.106 Y87.262 Z4.5 E1
G1 X158.116 Y87.262 Z4.5 E1
G1 X157.991 Y87.216 Z4.5 E1
G1 X157.923 Y87.069 Z4.5 E1
G1 X157.923 Y73.435 Z4.5 E1
G1 X156.398 Y73.435 Z4.5 E1
G1 X156.398 Y75.218 Z4.5 E1
G1 X156.321 Y75.372 Z4.5 E1
G1 X156.205 Y75.41 Z4.5 E1
G1 X154.423 Y75.41 Z4.5 E1
G1 X154.423 Y77.193 Z4.5 E1
G1 X154.351 Y77.342 Z4.5 E1
G1 X154.23 Y77.385 Z4.5 E1
G1 X152.447 Y77.385 Z4.5 E1
G1 X152.447 Y90.763 Z4.5 E1
G1 X164.106 Y90.763 Z4.5 E1
G1 X164.243 Y90.82 Z4.5 E1
G1 X164.299 Y90.955 Z4.5 E1
G1 X164.299 Y100.832 Z4.5 E1
G1 X164.254 Y101.02 Z4.5 E1
G1 X164.106 Y101.089 Z4.5 E1
G1 X158.148 Y101.089 Z4.5 E1
G1 X158.027 Y101.054 Z4.5 E1
G0 X15.768 Y76.994 Z4.8
G1 X15.746 Y77.005 Z4.8 E1
G1 X15.701 Y77.193 Z4.8 E1
G1 X15.701 Y100.896 Z4.8 E1
G1 X15.77 Y101.044 Z4.8 E1
G1 X15.926 Y101.089 Z4.8 E1
G1 X21.884 Y101.089 Z4.8 E1
G1 X22.032 Y101.02 Z4.8 E1
G1 X22.077 Y100.832 Z4.8 E1
G1 X22.077 Y77.129 Z4.8 E1
G1 X22.008 Y76.981 Z4.8 E1
G1 X21.852 Y76.936 Z4.8 E1
G1 X15.894 Y76.936 Z4.8 E1
G1 X15.823 Y76.969 Z4.8 E1
G0 X25.638 Y77.319 Z4.8
G1 X25.577 Y77.193 Z4.8 E1
G1 X25.577 Y75.41 Z4.8 E1
G1 X23.827 Y75.41 Z4.8 E1
G1 X23.671 Y75.365 Z4.8 E1
G1 X23.602 Y75.218 Z4.8 E1
G1 X23.602 Y73.435 Z4.8 E1
G1 X14.176 Y73.435 Z4.8 E1
G1 X14.176 Y75.185 Z4.8 E1
G1 X14.13 Y75.342 Z4.8 E1
G1 X13.983 Y75.41 Z4.8 E1
G1 X12.2 Y75.41 Z4.8 E1
G1 X12.2 Y77.193 Z4.8 E1
G1 X12.129 Y77.342 Z4.8 E1
G1 X12.007 Y77.385 Z4.8 E1
G1 X10.225 Y77.385 Z4.8 E1
G1 X10.225 Y100.639 Z4.8 E1
G1 X12.007 Y100.639 Z4.8 E1
G1 X12.129 Y100.683 Z4.8 E1
G1 X12.2 Y100.832 Z4.8 E1
G1 X12.2 Y102.615 Z4.8 E1
G1 X13.951 Y102.615 Z4.8 E1
G1 X14.107 Y102.66 Z4.8 E1
G1 X14.176 Y102.807 Z4.8 E1
G1 X14.176 Y104.59 Z4.8 E1
G1 X23.602 Y104.59 Z4.8 E1
G1 X23.602 Y102.84 Z4.8 E1
G1 X23.647 Y102.683 Z4.8 E1
G1 X23.795 Y102.615 Z4.8 E1
G1 X25.577 Y102.615 Z4.8 E1
G1 X25.577 Y100.832 Z4.8 E1
G1 X25.649 Y100.683 Z4.8 E1
G1 X25.77 Y100.639 Z4.8 E1
G1 X27.553 Y100.639 Z4.8 E1
G1 X27.553 Y77.385 Z4.8 E1
G1 X25.77 Y77.385 Z4.8 E1
G1 X25.681 Y77.354 Z4.8 E1
G0 X49.346 Y76.994 Z4.8
G1 X49.474 Y76.936 Z4.8 E1
G1 X55.432 Y76.936 Z4.8 E1
G1 X55.588 Y76.981 Z4.8 E1
G1 X55.657 Y77.129 Z4.8 E1
G1 X55.657 Y104.59 Z4.8 E1
G1 X57.182 Y104.59 Z4.8 E1
G1 X57.182 Y102.807 Z4.8 E1
G1 X57.26 Y102.653 Z4.8 E1
G1 X57.375 Y102.615 Z4.8 E1
G1 X59.158 Y102.615 Z4.8 E1
G1 X59.158 Y100.832 Z4.8 E1
G1 X59.229 Y100.683 Z4.8 E1
G1 X59.351 Y100.639 Z4.8 E1
G1 X61.133 Y100.639 Z4.8 E1
G1 X61.133 Y77.385 Z4.8 E1
G1 X59.351 Y77.385 Z4.8 E1
G1 X59.229 Y77.342 Z4.8 E1
G1 X59.158 Y77.193 Z4.8 E1
G1 X59.158 Y75.41 Z4.8 E1
G1 X57.407 Y75.41 Z4.8 E1
G1 X57.251 Y75.365 Z4.8 E1
G1 X57.182 Y75.217 Z4.8 E1
G1 X57.182 Y73.435 Z4.8 E1
G1 X49.474 Y73.435 Z4.8 E1
G1 X49.358 Y73.396 Z4.8 E1
G1 X49.281 Y73.242 Z4.8 E1
G1 X49.281 Y71.46 Z4.8 E1
G1 X43.805 Y71.46 Z4.8 E1
G1 X43.805 Y73.242 Z4.8 E1
G1 X43.757 Y73.37 Z4.8 E1
G1 X43.612 Y73.435 Z4.8 E1
G1 X35.904 Y73.435 Z4.8 E1
G1 X35.904 Y75.185 Z4.8 E1
G1 X35.859 Y75.341 Z4.8 E1
G1 X35.711 Y75.41 Z4.8 E1
G1 X33.929 Y75.41 Z4.8 E1
G1 X33.929 Y77.193 Z4.8 E1
G1 X33.858 Y77.342 Z4.8 E1
G1 X33.736 Y77.385 Z4.8 E1
G1 X31.954 Y77.385 Z4.8 E1
G1 X31.954 Y100.639 Z4.8 E1
G1 X33.736 Y100.639 Z4.8 E1
G1 X33.858 Y100.683 Z4.8 E1
G1 X33.929 Y100.832 Z4.8 E1
G1 X33.929 Y102.615 Z4.8 E1
G1 X35.679 Y102.615 Z4.8 E1
G1 X35.827 Y102.653 Z4.8 E1
G1 X35.904 Y102.807 Z4.8 E1
G1 X35.904 Y104.59 Z4.8 E1
G1 X37.429 Y104.59 Z4.8 E1
G1 X37.43 Y77.193 Z4.8 E1
G1 X37.475 Y77.005 Z4.8 E1
G1 X37.622 Y76.936 Z4.8 E1
G1 X43.612 Y76.936 Z4.8 E1
G1 X43.757 Y77.001 Z4.8 E1
G1 X43.805 Y77.129 Z4.8 E1
G1 X43.805 Y104.59 Z4.8 E1
G1 X49.281 Y104.59 Z4.8 E1
G1 X49.281 Y77.129 Z4.8 E1
G1 X49.315 Y77.04 Z4.8 E1
G0 X77.323 Y87.208 Z4.8
G1 X77.329 Y87.205 Z4.8 E1
G1 X77.386 Y87.069 Z4.8 E1
G1 X77.386 Y77.129 Z4.8 E1
G1 X77.318 Y76.982 Z4.8 E1
G1 X77.193 Y76.936 Z4.8 E1
G1 X71.203 Y76.936 Z4.8 E1
G1 X71.055 Y77.005 Z4.8 E1
G1 X71.01 Y77.193 Z4.8 E1
G1 X71.01 Y87.069 Z4.8 E1
G1 X71.058 Y87.197 Z4.8 E1
G1 X71.203 Y87.262 Z4.8 E1
G1 X77.193 Y87.262 Z4.8 E1
G1 X77.267 Y87.231 Z4.8 E1
G0 X65.469 Y87.204 Z4.8
G1 X65.341 Y87.262 Z4.8 E1
G1 X63.558 Y87.262 Z4.8 E1
G1 X63.558 Y90.763 Z4.8 E1
G1 X65.341 Y90.763 Z4.8 E1
G1 X65.485 Y90.828 Z4.8 E1
G1 X65.534 Y90.955 Z4.8 E1
G1 X65.534 Y104.59 Z4.8 E1
G1 X71.01 Y104.59 Z4.8 E1
G1 X71.01 Y90.955 Z4.8 E1
G1 X71.058 Y90.828 Z4.8 E1
G1 X71.203 Y90.763 Z4.8 E1
G1 X77.193 Y90.763 Z4.8 E1
G1 X77.329 Y90.819 Z4.8 E1
G1 X77.386 Y90.955 Z4.8 E1
G1 X77.386 Y104.59 Z4.8 E1
G1 X78.911 Y104.59 Z4.8 E1
G1 X78.911 Y102.807 Z4.8 E1
G1 X78.988 Y102.653 Z4.8 E1
G1 X79.104 Y102.615 Z4.8 E1
G1 X80.886 Y102.615 Z4.8 E1
G1 X80.886 Y100.832 Z4.8 E1
G1 X80.957 Y100.683 Z4.8 E1
G1 X81.079 Y100.639 Z4.8 E1
G1 X82.861 Y100.639 Z4.8 E1
G1 X82.862 Y73.435 Z4.8 E1
G1 X69.485 Y73.435 Z4.8 E1
G1 X69.485 Y75.185 Z4.8 E1
G1 X69.439 Y75.342 Z4.8 E1
G1 X69.292 Y75.41 Z4.8 E1
G1 X67.509 Y75.41 Z4.8 E1
G1 X67.509 Y77.193 Z4.8 E1
G1 X67.438 Y77.342 Z4.8 E1
G1 X67.316 Y77.385 Z4.8 E1
G1 X65.534 Y77.385 Z4.8 E1
G1 X65.534 Y87.069 Z4.8 E1
G1 X65.5 Y87.158 Z4.8 E1
G0 X99.055 Y77.001 Z4.8
G1 X99.046 Y76.982 Z4.8 E1
G1 X98.921 Y76.936 Z4.8 E1
G1 X92.931 Y76.936 Z4.8 E1
G1 X92.783 Y77.005 Z4.8 E1
G1 X92.738 Y77.193 Z4.8 E1
G1 X92.738 Y87.069 Z4.8 E1
G1 X92.786 Y87.197 Z4.8 E1
G1 X92.931 Y87.262 Z4.8 E1
G1 X98.921 Y87.262 Z4.8 E1
G1 X99.069 Y87.193 Z4.8 E1
G1 X99.114 Y87.005 Z4.8 E1
G1 X99.114 Y77.129 Z4.8 E1
G1 X99.08 Y77.056 Z4.8 E1
G0 X92.803 Y93.131 Z4.8
G1 X92.786 Y93.123 Z4.8 E1
G1 X92.738 Y92.995 Z4.8 E1
G1 X92.738 Y90.955 Z4.8 E1
G1 X92.786 Y90.828 Z4.8 E1
G1 X92.931 Y90.763 Z4.8 E1
G1 X100.64 Y90.763 Z4.8 E1
G1 X100.64 Y89.012 Z4.8 E1
G1 X100.685 Y88.856 Z4.8 E1
G1 X100.832 Y88.787 Z4.8 E1
G1 X102.615 Y88.787 Z4.8 E1
G1 X102.615 Y87.005 Z4.8 E1
G1 X102.686 Y86.855 Z4.8 E1
G1 X102.807 Y86.812 Z4.8 E1
G1 X104.59 Y86.812 Z4.8 E1
G1 X104.59 Y73.435 Z4.8 E1
G1 X91.213 Y73.435 Z4.8 E1
G1 X91.213 Y75.185 Z4.8 E1
G1 X91.168 Y75.342 Z4.8 E1
G1 X91.02 Y75.41 Z4.8 E1
G1 X89.237 Y75.41 Z4.8 E1
G1 X89.237 Y77.193 Z4.8 E1
G1 X89.166 Y77.342 Z4.8 E1
G1 X89.045 Y77.385 Z4.8 E1
G1 X87.262 Y77.385 Z4.8 E1
G1 X87.262 Y87.069 Z4.8 E1
G1 X87.214 Y87.197 Z4.8 E1
G1 X87.069 Y87.262 Z4.8 E1
G1 X85.287 Y87.262 Z4.8 E1
G1 X85.287 Y90.763 Z4.8 E1
G1 X87.069 Y90.763 Z4.8 E1
G1 X87.214 Y90.828 Z4.8 E1
G1 X87.262 Y90.955 Z4.8 E1
G1 X87.262 Y92.995 Z4.8 E1
G1 X87.214 Y93.123 Z4.8 E1
G1 X87.069 Y93.188 Z4.8 E1
G1 X85.287 Y93.188 Z4.8 E1
G1 X85.287 Y96.689 Z4.8 E1
G1 X87.069 Y96.689 Z4.8 E1
G1 X87.214 Y96.754 Z4.8 E1
G1 X87.262 Y96.882 Z4.8 E1
G1 X87.262 Y108.54 Z4.8 E1
G1 X92.738 Y108.541 Z4.8 E1
G1 X92.738 Y96.882 Z4.8 E1
G1 X92.786 Y96.754 Z4.8 E1
G1 X92.931 Y96.689 Z4.8 E1
G1 X98.921 Y96.689 Z4.8 E1
G1 X99.046 Y96.735 Z4.8 E1
G1 X99.114 Y96.882 Z4.8 E1
G1 X99.114 Y108.54 Z4.8 E1
G1 X100.903 Y108.54 Z4.8 E1
G1 X100.903 Y106.758 Z4.8 E1
G1 X100.966 Y106.615 Z4.8 E1
G1 X101.095 Y106.565 Z4.8 E1
G1 X102.615 Y106.565 Z4.8 E1
G1 X102.615 Y104.783 Z4.8 E1
G1 X102.686 Y104.633 Z4.8 E1
G1 X102.807 Y104.59 Z4.8 E1
G1 X104.59 Y104.59 Z4.8 E1
G1 X104.59 Y93.188 Z4.8 E1
G1 X92.931 Y93.188 Z4.8 E1
G1 X92.857 Y93.155 Z4.8 E1
G0 X124.403 Y80.952 Z4.8
G1 X124.414 Y80.929 Z4.8 E1
G1 X124.536 Y80.886 Z4.8 E1
G1 X126.318 Y80.886 Z4.8 E1
G1 X126.318 Y73.435 Z4.8 E1
G1 X112.941 Y73.435 Z4.8 E1
G1 X112.941 Y75.185 Z4.8 E1
G1 X112.896 Y75.342 Z4.8 E1
G1 X112.748 Y75.41 Z4.8 E1
G1 X110.966 Y75.41 Z4.8 E1
G1 X110.966 Y77.193 Z4.8 E1
G1 X110.894 Y77.342 Z4.8 E1
G1 X110.773 Y77.385 Z4.8 E1
G1 X108.99 Y77.385 Z4.8 E1
G1 X108.99 Y104.59 Z4.8 E1
G1 X122.368 Y104.59 Z4.8 E1
G1 X122.368 Y102.84 Z4.8 E1
G1 X122.413 Y102.683 Z4.8 E1
G1 X122.56 Y102.615 Z4.8 E1
G1 X124.343 Y102.614 Z4.8 E1
G1 X124.343 Y100.832 Z4.8 E1
G1 X124.42 Y100.678 Z4.8 E1
G1 X124.536 Y100.639 Z4.8 E1
G1 X126.318 Y100.639 Z4.8 E1
G1 X126.318 Y97.139 Z4.8 E1
G1 X124.568 Y97.139 Z4.8 E1
G1 X124.42 Y97.1 Z4.8 E1
G1 X124.343 Y96.946 Z4.8 E1
G1 X124.343 Y95.163 Z4.8 E1
G1 X122.593 Y95.163 Z4.8 E1
G1 X122.445 Y95.125 Z4.8 E1
G1 X122.368 Y94.97 Z4.8 E1
G1 X122.368 Y93.188 Z4.8 E1
G1 X120.842 Y93.188 Z4.8 E1
G1 X120.842 Y100.832 Z4.8 E1
G1 X120.797 Y101.02 Z4.8 E1
G1 X120.649 Y101.089 Z4.8 E1
G1 X114.659 Y101.089 Z4.8 E1
G1 X114.534 Y101.043 Z4.8 E1
G1 X114.466 Y100.896 Z4.8 E1
G1 X114.466 Y77.193 Z4.8 E1
G1 X114.512 Y77.005 Z4.8 E1
G1 X114.659 Y76.936 Z4.8 E1
G1 X120.649 Y76.936 Z4.8 E1
G1 X120.775 Y76.982 Z4.8 E1
G1 X120.842 Y77.129 Z4.8 E1
G1 X120.842 Y84.837 Z4.8 E1
G1 X122.368 Y84.837 Z4.8 E1
G1 X122.368 Y83.054 Z4.8 E1
G1 X122.445 Y82.9 Z4.8 E1
G1 X122.56 Y82.861 Z4.8 E1
G1 X124.343 Y82.861 Z4.8 E1
G1 X124.343 Y81.079 Z4.8 E1
G1 X124.377 Y81.006 Z4.8 E1
G0 X148.109 Y88.855 Z4.8
G1 X148.122 Y88.827 Z4.8 E1
G1 X148.239 Y88.787 Z4.8 E1
G1 X150.022 Y88.787 Z4.8 E1
G1 X150.022 Y87.262 Z4.8 E1
G1 X148.239 Y87.262 Z4.8 E1
G1 X148.122 Y87.222 Z4.8 E1
G1 X148.047 Y87.069 Z4.8 E1
G1 X148.047 Y77.385 Z4.8 E1
G1 X146.264 Y77.385 Z4.8 E1
G1 X146.142 Y77.342 Z4.8 E1
G1 X146.071 Y77.193 Z4.8 E1
G1 X146.071 Y75.41 Z4.8 E1
G1 X144.321 Y75.41 Z4.8 E1
G1 X144.173 Y75.372 Z4.8 E1
G1 X144.096 Y75.217 Z4.8 E1
G1 X144.096 Y73.435 Z4.8 E1
G1 X142.571 Y73.435 Z4.8 E1
G1 X142.571 Y87.069 Z4.8 E1
G1 X142.515 Y87.205 Z4.8 E1
G1 X142.378 Y87.262 Z4.8 E1
G1 X136.388 Y87.262 Z4.8 E1
G1 X136.243 Y87.197 Z4.8 E1
G1 X136.195 Y87.069 Z4.8 E1
G1 X136.195 Y73.435 Z4.8 E1
G1 X134.669 Y73.435 Z4.8 E1
G1 X134.669 Y75.218 Z4.8 E1
G1 X134.592 Y75.372 Z4.8 E1
G1 X134.477 Y75.41 Z4.8 E1
G1 X132.694 Y75.41 Z4.8 E1
G1 X132.694 Y77.193 Z4.8 E1
G1 X132.623 Y77.342 Z4.8 E1
G1 X132.501 Y77.385 Z4.8 E1
G1 X130.719 Y77.385 Z4.8 E1
G1 X130.719 Y87.069 Z4.8 E1
G1 X130.67 Y87.197 Z4.8 E1
G1 X130.526 Y87.262 Z4.8 E1
G1 X128.744 Y87.262 Z4.8 E1
G1 X128.744 Y89.012 Z4.8 E1
G1 X128.705 Y89.16 Z4.8 E1
G1 X128.551 Y89.237 Z4.8 E1
G1 X126.768 Y89.237 Z4.8 E1
G1 X126.768 Y90.763 Z4.8 E1
G1 X130.526 Y90.763 Z4.8 E1
G1 X130.67 Y90.828 Z4.8 E1
G1 X130.719 Y90.955 Z4.8 E1
G1 X130.719 Y104.59 Z4.8 E1
G1 X136.195 Y104.59 Z4.8 E1
G1 X136.195 Y90.955 Z4.8 E1
G1 X136.243 Y90.828 Z4.8 E1
G1 X136.388 Y90.763 Z4.8 E1
G1 X142.378 Y90.763 Z4.8 E1
G1 X142.515 Y90.82 Z4.8 E1
G1 X142.571 Y90.955 Z4.8 E1
G1 X142.571 Y104.59 Z4.8 E1
G1 X144.096 Y104.59 Z4.8 E1
G1 X144.096 Y102.807 Z4.8 E1
G1 X144.173 Y102.653 Z4.8 E1
G1 X144.289 Y102.615 Z4.8 E1
G1 X146.071 Y102.615 Z4.8 E1
G1 X146.071 Y100.832 Z4.8 E1
G1 X146.142 Y100.683 Z4.8 E1
G1 X146.264 Y100.639 Z4.8 E1
G1 X148.047 Y100.639 Z4.8 E1
G1 X148.047 Y88.98 Z4.8 E1
G1 X148.082 Y88.908 Z4.8 E1
G0 X157.982 Y101.023 Z4.8
G1 X157.923 Y100.896 Z4.8 E1
G1 X157.923 Y93.188 Z4.8 E1
G1 X154.423 Y93.188 Z4.8 E1
G1 X154.423 Y94.97 Z4.8 E1
G1 X154.351 Y95.12 Z4.8 E1
G1 X154.23 Y95.163 Z4.8 E1
G1 X152.447 Y95.163 Z4.8 E1
G1 X152.447 Y100.639 Z4.8 E1
G1 X154.23 Y100.639 Z4.8 E1
G1 X154.351 Y100.683 Z4.8 E1
G1 X154.423 Y100.832 Z4.8 E1
G1 X154.423 Y102.614 Z4.8 E1
G1 X156.173 Y102.614 Z4.8 E1
G1 X156.329 Y102.66 Z4.8 E1
G1 X156.398 Y102.807 Z4.8 E1
G1 X156.398 Y104.59 Z4.8 E1
G1 X165.824 Y104.59 Z4.8 E1
G1 X165.824 Y102.84 Z4.8 E1
G1 X165.87 Y102.683 Z4.8 E1
G1 X166.017 Y102.615 Z4.8 E1
G1 X167.8 Y102.615 Z4.8 E1
G1 X167.8 Y100.832 Z4.8 E1
G1 X167.871 Y100.683 Z4.8 E1
G1 X167.993 Y100.639 Z4.8 E1
G1 X169.775 Y100.639 Z4.8 E1
G1 X169.775 Y77.386 Z4.8 E1
G1 X167.993 Y77.386 Z4.8 E1
G1 X167.871 Y77.342 Z4.8 E1
G1 X167.8 Y77.193 Z4.8 E1
G1 X167.8 Y75.41 Z4.8 E1
G1 X166.049 Y75.41 Z4.8 E1
G1 X165.902 Y75.372 Z4.8 E1
G1 X165.824 Y75.217 Z4.8 E1
G1 X165.824 Y73.435 Z4.8 E1
G1 X164.299 Y73.435 Z4.8 E1
G1 X164.299 Y87.069 Z4.8 E1
G1 X164.243 Y87.205 Z4.8 E1
G1 X164.106 Y87.262 Z4.8 E1
G1 X158.116 Y87.262 Z4.8 E1
G1 X157.991 Y87.216 Z4.8 E1
G1 X157.923 Y87.069 Z4.8 E1
G1 X157.923 Y73.435 Z4.8 E1
G1 X156.398 Y73.435 Z4.8 E1
G1 X156.398 Y75.218 Z4.8 E1
G1 X156.321 Y75.372 Z4.8 E1
G1 X156.205 Y75.41 Z4.8 E1
G1 X154.423 Y75.41 Z4.8 E1
G1 X154.423 Y77.193 Z4.8 E1
G1 X154.351 Y77.342 Z4.8 E1
G1 X154.23 Y77.385 Z4.8 E1
G1 X152.447 Y77.385 Z4.8 E1
G1 X152.447 Y90.763 Z4.8 E1
G1 X164.106 Y90.763 Z4.8 E1
G1 X164.243 Y90.82 Z4.8 E1
G1 X164.299 Y90.955 Z4.8 E1
G1 X164.299 Y100.832 Z4.8 E1
G1 X164.254 Y101.02 Z4.8 E1
G1 X164.106 Y101.089 Z4.8 E1
G1 X158.148 Y101.089 Z4.8 E1
G1 X158.027 Y101.054 Z4.8 E1
G0 X15.768 Y76.994 Z5.1
G1 X15.746 Y77.005 Z5.1 E1
G1 X15.701 Y77.193 Z5.1 E1
G1 X15.701 Y100.896 Z5.1 E1
G1 X15.77 Y101.044 Z5.1 E1
G1 X15.926 Y101.089 Z5.1 E1
G1 X21.884 Y101.089 Z5.1 E1
G1 X22.032 Y101.02 Z5.1 E1
G1 X22.077 Y100.832 Z5.1 E1
G1 X22.077 Y77.129 Z5.1 E1
G1 X22.008 Y76.981 Z5.1 E1
G1 X21.852 Y76.936 Z5.1 E1
G1 X15.894 Y76.936 Z5.1 E1
G1 X15.823 Y76.969 Z5.1 E1
G0 X25.638 Y77.319 Z5.1
G1 X25.577 Y77.193 Z5.1 E1
G1 X25.577 Y75.41 Z5.1 E1
G1 X23.827 Y75.41 Z5.1 E1
G1 X23.671 Y75.365 Z5.1 E1
G1 X23.602 Y75.218 Z5.1 E1
G1 X23.602 Y73.435 Z5.1 E1
G1 X14.176 Y73.435 Z5.1 E1
G1 X14.176 Y75.185 Z5.1 E1
G1 X14.13 Y75.342 Z5.1 E1
G1 X13.983 Y75.41 Z5.1 E1
G1 X12.2 Y75.41 Z5.1 E1
G1 X12.2 Y77.193 Z5.1 E1
G1 X12.129 Y77.342 Z5.1 E1
G1 X12.007 Y77.385 Z5.1 E1
G1 X10.225 Y77.385 Z5.1 E1
G1 X10.225 Y100.639 Z5.1 E1
G1 X12.007 Y100.639 Z5.1 E1
G1 X12.129 Y100.683 Z5.1 E1
G1 X12.2 Y100.832 Z5.1 E1
G1 X12.2 Y102.615 Z5.1 E1
G1 X13.951 Y102.615 Z5.1 E1
G1 X14.107 Y102.66 Z5.1 E1
G1 X14.176 Y102.807 Z5.1 E1
G1 X14.176 Y104.59 Z5.1 E1
G1 X23.602 Y104.59 Z5.1 E1
G1 X23.602 Y102.84 Z5.1 E1
G1 X23.647 Y102.683 Z5.1 E1
G1 X23.795 Y102.615 Z5.1 E1
G1 X25.577 Y102.615 Z5.1 E1
G1 X25.577 Y100.832 Z5.1 E1
G1 X25.649 Y100.683 Z5.1 E1
G1 X25.77 Y100.639 Z5.1 E1
G1 X27.553 Y100.639 Z5.1 E1
G1 X27.553 Y77.385 Z5.1 E1
G1 X25.77 Y77.385 Z5.1 E1
G1 X25.681 Y77.354 Z5.1 E1
G0 X49.346 Y76.994 Z5.1
G1 X49.474 Y76.936 Z5.1 E1
G1 X55.432 Y76.936 Z5.1 E1
G1 X55.588 Y76.981 Z5.1 E1
G1 X55.657 Y77.129 Z5.1 E1
G1 X55.657 Y104.59 Z5.1 E1
G1 X57.182 Y104.59 Z5.1 E1
G1 X57.182 Y102.807 Z5.1 E1
G1 X57.26 Y102.653 Z5.1 E1
G1 X57.375 Y102.615 Z5.1 E1
G1 X59.158 Y102.615 Z5.1 E1
G1 X59.158 Y100.832 Z5.1 E1
G1 X59.229 Y100.683 Z5.1 E1
G1 X59.351 Y100.639 Z5.1 E1
G1 X61.133 Y100.639 Z5.1 E1
G1 X61.133 Y77.385 Z5.1 E1
G1 X59.351 Y77.385 Z5.1 E1
G1 X59.229 Y77.342 Z5.1 E1
G1 X59.158 Y77.193 Z5.1 E1
G1 X59.158 Y75.41 Z5.1 E1
G1 X57.407 Y75.41 Z5.1 E1
G1 X57.251 Y75.365 Z5.1 E1
G1 X57.182 Y75.217 Z5.1 E1
G1 X57.182 Y73.435 Z5.1 E1
G1 X49.474 Y73.435 Z5.1 E1
G1 X49.358 Y73.396 Z5.1 E1
G1 X49.281 Y73.242 Z5.1 E1
G1 X49.281 Y71.46 Z5.1 E1
G1 X43.805 Y71.46 Z5.1 E1
G1 X43.805 Y73.242 Z5.1 E1
G1 X43.757 Y73.37 Z5.1 E1
G1 X43.612 Y73.435 Z5.1 E1
G1 X35.904 Y73.435 Z5.1 E1
G1 X35.904 Y75.185 Z5.1 E1
G1 X35.859 Y75.341 Z5.1 E1
G1 X35.711 Y75.41 Z5.1 E1
G1 X33.929 Y75.41 Z5.1 E1
G1 X33.929 Y77.193 Z5.1 E1
G1 X33.858 Y77.342 Z5.1 E1
G1 X33.736 Y77.385 Z5.1 E1
G1 X31.954 Y77.385 Z5.1 E1
G1 X31.954 Y100.639 Z5.1 E1
G1 X33.736 Y100.639 Z5.1 E1
G1 X33.858 Y100.683 Z5.1 E1
G1 X33.929 Y100.832 Z5.1 E1
G1 X33.929 Y102.615 Z5.1 E1
G1 X35.679 Y102.615 Z5.1 E1
G1 X35.827 Y102.653 Z5.1 E1
G1 X35.904 Y102.807 Z5.1 E1
G1 X35.904 Y104.59 Z5.1 E1
G1 X37.429 Y104.59 Z5.1 E1
G1 X37.43 Y77.193 Z5.1 E1
G1 X37.475 Y77.005 Z5.1 E1
G1 X37.622 Y76.936 Z5.1 E1
G1 X43.612 Y76.936 Z5.1 E1
G1 X43.757 Y77.001 Z5.1 E1
G1 X43.805 Y77.129 Z5.1 E1
G1 X43.805 Y104.59 Z5.1 E1
G1 X49.281 Y104.59 Z5.1 E1
G1 X49.281 Y77.129 Z5.1 E1
G1 X49.315 Y77.04 Z5.1 E1
G0 X77.323 Y87.208 Z5.1
G1 X77.329 Y87.205 Z5.1 E1
G1 X77.386 Y87.069 Z5.1 E1
G1 X77.386 Y77.129 Z5.1 E1
G1 X77.318 Y76.982 Z5.1 E1
G1 X77.193 Y76.936 Z5.1 E1
G1 X71.203 Y76.936 Z5.1 E1
G1 X71.055 Y77.005 Z5.1 E1
G1 X71.01 Y77.193 Z5.1 E1
G1 X71.01 Y87.069 Z5.1 E1
G1 X71.058 Y87.197 Z5.1 E1
G1 X71.203 Y87.262 Z5.1 E1
G1 X77.193 Y87.262 Z5.1 E1
G1 X77.267 Y87.231 Z5.1 E1
G0 X65.469 Y87.204 Z5.1
G1 X65.341 Y87.262 Z5.1 E1
G1 X63.558 Y87.262 Z5.1 E1
G1 X63.558 Y90.763 Z5.1 E1
G1 X65.341 Y90.763 Z5.1 E1
G1 X65.485 Y90.828 Z5.1 E1
G1 X65.534 Y90.955 Z5.1 E1
G1 X65.534 Y104.59 Z5.1 E1
G1 X71.01 Y104.59 Z5.1 E1
G1 X71.01 Y90.955 Z5.1 E1
G1 X71.058 Y90.828 Z5.1 E1
G1 X71.203 Y90.763 Z5.1 E1
G1 X77.193 Y90.763 Z5.1 E1
G1 X77.329 Y90.819 Z5.1 E1
G1 X77.386 Y90.955 Z5.1 E1
G1 X77.386 Y104.59 Z5.1 E1
G1 X78.911 Y104.59 Z5.1 E1
G1 X78.911 Y102.807 Z5.1 E1
G1 X78.988 Y102.653 Z5.1 E1
G1 X79.104 Y102.615 Z5.1 E1
G1 X80.886 Y102.615 Z5.1 E1
G1 X80.886 Y100.832 Z5.1 E1
G1 X80.957 Y100.683 Z5.1 E1
G1 X81.079 Y100.639 Z5.1 E1
G1 X82.861 Y100.639 Z5.1 E1
G1 X82.862 Y73.435 Z5.1 E1
G1 X69.485 Y73.435 Z5.1 E1
G1 X69.485 Y75.185 Z5.1 E1
G1 X69.439 Y75.342 Z5.1 E1
G1 X69.292 Y75.41 Z5.1 E1
G1 X67.509 Y75.41 Z5.1 E1
G1 X67.509 Y77.193 Z5.1 E1
G1 X67.438 Y77.342 Z5.1 E1
G1 X67.316 Y77.385 Z5.1 E1
G1 X65.534 Y77.385 Z5.1 E1
G1 X65.534 Y87.069 Z5.1 E1
G1 X65.5 Y87.158 Z5.1 E1
G0 X99.055 Y77.001 Z5.1
G1 X99.046 Y76.982 Z5.1 E1
G1 X98.921 Y76.936 Z5.1 E1
G1 X92.931 Y76.936 Z5.1 E1
G1 X92.783 Y77.005 Z5.1 E1
G1 X92.738 Y77.193 Z5.1 E1
G1 X92.738 Y87.069 Z5.1 E1
G1 X92.786 Y87.197 Z5.1 E1
G1 X92.931 Y87.262 Z5.1 E1
G1 X98.921 Y87.262 Z5.1 E1
G1 X99.069 Y87.193 Z5.1 E1
G1 X99.114 Y87.005 Z5.1 E1
G1 X99.114 Y77.129 Z5.1 E1
G1 X99.08 Y77.056 Z5.1 E1
G0 X92.803 Y93.131 Z5.1
G1 X92.786 Y93.123 Z5.1 E1
G1 X92.738 Y92.995 Z5.1 E1
G1 X92.738 Y90.955 Z5.1 E1
G1 X92.786 Y90.828 Z5.1 E1
G1 X92.931 Y90.763 Z5.1 E1
G1 X100.64 Y90.763 Z5.1 E1
G1 X100.64 Y89.012 Z5.1 E1
G1 X100.685 Y88.856 Z5.1 E1
G1 X100.832 Y88.787 Z5.1 E1
G1 X102.615 Y88.787 Z5.1 E1
G1 X102.615 Y87.005 Z5.1 E1
G1 X102.686 Y86.855 Z5.1 E1
G1 X102.807 Y86.812 Z5.1 E1
G1 X104.59 Y86.812 Z5.1 E1
G1 X104.59 Y73.435 Z5.1 E1
G1 X91.213 Y73.435 Z5.1 E1
G1 X91.213 Y75.185 Z5.1 E1
G1 X91.168 Y75.342 Z5.1 E1
G1 X91.02 Y75.41 Z5.1 E1
G1 X89.237 Y75.41 Z5.1 E1
G1 X89.237 Y77.193 Z5.1 E1
G1 X89.166 Y77.342 Z5.1 E1
G1 X89.045 Y77.385 Z5.1 E1
G1 X87.262 Y77.385 Z5.1 E1
G1 X87.262 Y87.069 Z5.1 E1
G1 X87.214 Y87.197 Z5.1 E1
G1 X87.069 Y87.262 Z5.1 E1
G1 X85.287 Y87.262 Z5.1 E1
G1 X85.287 Y90.763 Z5.1 E1
G1 X87.069 Y90.763 Z5.1 E1
G1 X87.214 Y90.828 Z5.1 E1
G1 X87.262 Y90.955 Z5.1 E1
G1 X87.262 Y92.995 Z5.1 E1
G1 X87.214 Y93.123 Z5.1 E1
G1 X87.069 Y93.188 Z5.1 E1
G1 X85.287 Y93.188 Z5.1 E1
G1 X85.287 Y96.689 Z5.1 E1
G1 X87.069 Y96.689 Z5.1 E1
G1 X87.214 Y96.754 Z5.1 E1
G1 X87.262 Y96.882 Z5.1 E1
G1 X87.262 Y108.54 Z5.1 E1
G1 X92.738 Y108.541 Z5.1 E1
G1 X92.738 Y96.882 Z5.1 E1
G1 X92.786 Y96.754 Z5.1 E1
G1 X92.931 Y96.689 Z5.1 E1
G1 X98.921 Y96.689 Z5.1 E1
G1 X99.046 Y96.735 Z5.1 E1
G1 X99.114 Y96.882 Z5.1 E1
G1 X99.114 Y108.54 Z5.1 E1
G1 X100.903 Y108.54 Z5.1 E1
G1 X100.903 Y106.758 Z5.1 E1
G1 X100.966 Y106.615 Z5.1 E1
G1 X101.095 Y106.565 Z5.1 E1
G1 X102.615 Y106.565 Z5.1 E1
G1 X102.615 Y104.783 Z5.1 E1
G1 X102.686 Y104.633 Z5.1 E1
G1 X102.807 Y104.59 Z5.1 E1
G1 X104.59 Y104.59 Z5.1 E1
G1 X104.59 Y93.188 Z5.1 E1
G1 X92.931 Y93.188 Z5.1 E1
G1 X92.857 Y93.155 Z5.1 E1
G0 X124.403 Y80.952 Z5.1
G1 X124.414 Y80.929 Z5.1 E1
G1 X124.536 Y80.886 Z5.1 E1
G1 X126.318 Y80.886 Z5.1 E1
G1 X126.318 Y73.435 Z5.1 E1
G1 X112.941 Y73.435 Z5.1 E1
G1 X112.941 Y75.185 Z5.1 E1
G1 X112.896 Y75.342 Z5.1 E1
G1 X112.748 Y75.41 Z5.1 E1
G1 X110.966 Y75.41 Z5.1 E1
G1 X110.966 Y77.193 Z5.1 E1
G1 X110.894 Y77.342 Z5.1 E1
G1 X110.773 Y77.385 Z5.1 E1
G1 X108.99 Y77.385 Z5.1 E1
G1 X108.99 Y104.59 Z5.1 E1
G1 X122.368 Y104.59 Z5.1 E1
G1 X122.368 Y102.84 Z5.1 E1
G1 X122.413 Y102.683 Z5.1 E1
G1 X122.56 Y102.615 Z5.1 E1
G1 X124.343 Y102.614 Z5.1 E1
G1 X124.343 Y100.832 Z5.1 E1
G1 X124.42 Y100.678 Z5.1 E1
G1 X124.536 Y100.639 Z5.1 E1
G1 X126.318 Y100.639 Z5.1 E1
G1 X126.318 Y97.139 Z5.1 E1
G1 X124.568 Y97.139 Z5.1 E1
G1 X124.42 Y97.1 Z5.1 E1
G1 X124.343 Y96.946 Z5.1 E1
G1 X124.343 Y95.163 Z5.1 E1
G1 X122.593 Y95.163 Z5.1 E1
G1 X122.445 Y95.125 Z5.1 E1
G1 X122.368 Y94.97 Z5.1 E1
G1 X122.368 Y93.188 Z5.1 E1
G1 X120.842 Y93.188 Z5.1 E1
G1 X120.842 Y100.832 Z5.1 E1
G1 X120.797 Y101.02 Z5.1 E1
G1 X120.649 Y101.089 Z5.1 E1
G1 X114.659 Y101.089 Z5.1 E1
G1 X114.534 Y101.043 Z5.1 E1
G1 X114.466 Y100.896 Z5.1 E1
G1 X114.466 Y77.193 Z5.1 E1
G1 X114.512 Y77.005 Z5.1 E1
G1 X114.659 Y76.936 Z5.1 E1
G1 X120.649 Y76.936 Z5.1 E1
G1 X120.775 Y76.982 Z5.1 E1
G1 X120.842 Y77.129 Z5.1 E1
G1 X120.842 Y84.837 Z5.1 E1
G1 X122.368 Y84.837 Z5.1 E1
G1 X122.368 Y83.054 Z5.1 E1
G1 X122.445 Y82.9 Z5.1 E1
G1 X122.56 Y82.861 Z5.1 E1
G1 X124.343 Y82.861 Z5.1 E1
G1 X124.343 Y81.079 Z5.1 E1
G1 X124.377 Y81.006 Z5.1 E1
G0 X148.109 Y88.855 Z5.1
G1 X148.122 Y88.827 Z5.1 E1
G1 X148.239 Y88.787 Z5.1 E1
G1 X150.022 Y88.787 Z5.1 E1
G1 X150.022 Y87.262 Z5.1 E1
G1 X148.239 Y87.262 Z5.1 E1
G1 X148.122 Y87.222 Z5.1 E1
G1 X148.047 Y87.069 Z5.1 E1
G1 X148.047 Y77.385 Z5.1 E1
G1 X146.264 Y77.385 Z5.1 E1
G1 X146.142 Y77.342 Z5.1 E1
G1 X146.071 Y77.193 Z5.1 E1
G1 X146.071 Y75.41 Z5.1 E1
G1 X144.321 Y75.41 Z5.1 E1
G1 X144.173 Y75.372 Z5.1 E1
G1 X144.096 Y75.217 Z5.1 E1
G1 X144.096 Y73.435 Z5.1 E1
G1 X142.571 Y73.435 Z5.1 E1
G1 X142.571 Y87.069 Z5.1 E1
G1 X142.515 Y87.205 Z5.1 E1
G1 X142.378 Y87.262 Z5.1 E1
G1 X136.388 Y87.262 Z5.1 E1
G1 X136.243 Y87.197 Z5.1 E1
G1 X136.195 Y87.069 Z5.1 E1
G1 X136.195 Y73.435 Z5.1 E1
G1 X134.669 Y73.435 Z5.1 E1
G1 X134.669 Y75.218 Z5.1 E1
G1 X134.592 Y75.372 Z5.1 E1
G1 X134.477 Y75.41 Z5.1 E1
G1 X132.694 Y75.41 Z5.1 E1
G1 X132.694 Y77.193 Z5.1 E1
G1 X132.623 Y77.342 Z5.1 E1
G1 X132.501 Y77.385 Z5.1 E1
G1 X130.719 Y77.385 Z5.1 E1
G1 X130.719 Y87.069 Z5.1 E1
G1 X130.67 Y87.197 Z5.1 E1
G1 X130.526 Y87.262 Z5.1 E1
G1 X128.744 Y87.262 Z5.1 E1
G1 X128.744 Y89.012 Z5.1 E1
G1 X128.705 Y89.16 Z5.1 E1
G1 X128.551 Y89.237 Z5.1 E1
G1 X126.768 Y89.237 Z5.1 E1
G1 X126.768 Y90.763 Z5.1 E1
G1 X130.526 Y90.763 Z5.1 E1
G1 X130.67 Y90.828 Z5.1 E1
G1 X130.719 Y90.955 Z5.1 E1
G1 X130.719 Y104.59 Z5.1 E1
G1 X136.195 Y104.59 Z5.1 E1
G1 X136.195 Y90.955 Z5.1 E1
G1 X136.243 Y90.828 Z5.1 E1
G1 X136.388 Y90.763 Z5.1 E1
G1 X142.378 Y90.763 Z5.1 E1
G1 X142.515 Y90.82 Z5.1 E1
G1 X142.571 Y90.955 Z5.1 E1
G1 X142.571 Y104.59 Z5.1 E1
G1 X144.096 Y104.59 Z5.1 E1
G1 X144.096 Y102.807 Z5.1 E1
G1 X144.173 Y102.653 Z5.1 E1
G1 X144.289 Y102.615 Z5.1 E1
G1 X146.071 Y102.615 Z5.1 E1
G1 X146.071 Y100.832 Z5.1 E1
G1 X146.142 Y100.683 Z5.1 E1
G1 X146.264 Y100.639 Z5.1 E1
G1 X148.047 Y100.639 Z5.1 E1
G1 X148.047 Y88.98 Z5.1 E1
G1 X148.082 Y88.908 Z5.1 E1
G0 X157.982 Y101.023 Z5.1
G1 X157.923 Y100.896 Z5.1 E1
G1 X157.923 Y93.188 Z5.1 E1
G1 X154.423 Y93.188 Z5.1 E1
G1 X154.423 Y94.97 Z5.1 E1
G1 X154.351 Y95.12 Z5.1 E1
G1 X154.23 Y95.163 Z5.1 E1
G1 X152.447 Y95.163 Z5.1 E1
G1 X152.447 Y100.639 Z5.1 E1
G1 X154.23 Y100.639 Z5.1 E1
G1 X154.351 Y100.683 Z5.1 E1
G1 X154.423 Y100.832 Z5.1 E1
G1 X154.423 Y102.614 Z5.1 E1
G1 X156.173 Y102.614 Z5.1 E1
G1 X156.329 Y102.66 Z5.1 E1
G1 X156.398 Y102.807 Z5.1 E1
G1 X156.398 Y104.59 Z5.1 E1
G1 X165.824 Y104.59 Z5.1 E1
G1 X165.824 Y102.84 Z5.1 E1
G1 X165.87 Y102.683 Z5.1 E1
G1 X166.017 Y102.615 Z5.1 E1
G1 X167.8 Y102.615 Z5.1 E1
G1 X167.8 Y100.832 Z5.1 E1
G1 X167.871 Y100.683 Z5.1 E1
G1 X167.993 Y100.639 Z5.1 E1
G1 X169.775 Y100.639 Z5.1 E1
G1 X169.775 Y77.386 Z5.1 E1
G1 X167.993 Y77.386 Z5.1 E1
G1 X167.871 Y77.342 Z5.1 E1
G1 X167.8 Y77.193 Z5.1 E1
G1 X167.8 Y75.41 Z5.1 E1
G1 X166.049 Y75.41 Z5.1 E1
G1 X165.902 Y75.372 Z5.1 E1
G1 X165.824 Y75.217 Z5.1 E1
G1 X165.824 Y73.435 Z5.1 E1
G1 X164.299 Y73.435 Z5.1 E1
G1 X164.299 Y87.069 Z5.1 E1
G1 X164.243 Y87.205 Z5.1 E1
G1 X164.106 Y87.262 Z5.1 E1
G1 X158.116 Y87.262 Z5.1 E1
G1 X157.991 Y87.216 Z5.1 E1
G1 X157.923 Y87.069 Z5.1 E1
G1 X157.923 Y73.435 Z5.1 E1
G1 X156.398 Y73.435 Z5.1 E1
G1 X156.398 Y75.218 Z5.1 E1
G1 X156.321 Y75.372 Z5.1 E1
G1 X156.205 Y75.41 Z5.1 E1
G1 X154.423 Y75.41 Z5.1 E1
G1 X154.423 Y77.193 Z5.1 E1
G1 X154.351 Y77.342 Z5.1 E1
G1 X154.23 Y77.385 Z5.1 E1
G1 X152.447 Y77.385 Z5.1 E1
G1 X152.447 Y90.763 Z5.1 E1
G1 X164.106 Y90.763 Z5.1 E1
G1 X164.243 Y90.82 Z5.1 E1
G1 X164.299 Y90.955 Z5.1 E1
G1 X164.299 Y100.832 Z5.1 E1
G1 X164.254 Y101.02 Z5.1 E1
G1 X164.106 Y101.089 Z5.1 E1
G1 X158.148 Y101.089 Z5.1 E1
G1 X158.027 Y101.054 Z5.1 E1
G0 X15.768 Y76.994 Z5.4
G1 X15.746 Y77.005 Z5.4 E1
G1 X15.701 Y77.193 Z5.4 E1
G1 X15.701 Y100.896 Z5.4 E1
G1 X15.77 Y101.044 Z5.4 E1
G1 X15.926 Y101.089 Z5.4 E1
G1 X21.884 Y101.089 Z5.4 E1
G1 X22.032 Y101.02 Z5.4 E1
G1 X22.077 Y100.832 Z5.4 E1
G1 X22.077 Y77.129 Z5.4 E1
G1 X22.008 Y76.981 Z5.4 E1
G1 X21.852 Y76.936 Z5.4 E1
G1 X15.894 Y76.936 Z5.4 E1
G1 X15.823 Y76.969 Z5.4 E1
G0 X25.638 Y77.319 Z5.4
G1 X25.577 Y77.193 Z5.4 E1
G1 X25.577 Y75.41 Z5.4 E1
G1 X23.827 Y75.41 Z5.4 E1
G1 X23.671 Y75.365 Z5.4 E1
G1 X23.602 Y75.218 Z5.4 E1
G1 X23.602 Y73.435 Z5.4 E1
G1 X14.176 Y73.435 Z5.4 E1
G1 X14.176 Y75.185 Z5.4 E1
G1 X14.13 Y75.342 Z5.4 E1
G1 X13.983 Y75.41 Z5.4 E1
G1 X12.2 Y75.41 Z5.4 E1
G1 X12.2 Y77.193 Z5.4 E1
G1 X12.129 Y77.342 Z5.4 E1
G1 X12.007 Y77.385 Z5.4 E1
G1 X10.225 Y77.385 Z5.4 E1
G1 X10.225 Y100.639 Z5.4 E1
G1 X12.007 Y100.639 Z5.4 E1
G1 X12.129 Y100.683 Z5.4 E1
G1 X12.2 Y100.832 Z5.4 E1
G1 X12.2 Y102.615 Z5.4 E1
G1 X13.951 Y102.615 Z5.4 E1
G1 X14.107 Y102.66 Z5.4 E1
G1 X14.176 Y102.807 Z5.4 E1
G1 X14.176 Y104.59 Z5.4 E1
G1 X23.602 Y104.59 Z5.4 E1
G1 X23.602 Y102.84 Z5.4 E1
G1 X23.647 Y102.683 Z5.4 E1
G1 X23.795 Y102.615 Z5.4 E1
G1 X25.577 Y102.615 Z5.4 E1
G1 X25.577 Y100.832 Z5.4 E1
G1 X25.649 Y100.683 Z5.4 E1
G1 X25.77 Y100.639 Z5.4 E1
G1 X27.553 Y100.639 Z5.4 E1
G1 X27.553 Y77.385 Z5.4 E1
G1 X25.77 Y77.385 Z5.4 E1
G1 X25.681 Y77.354 Z5.4 E1
G0 X49.346 Y76.994 Z5.4
G1 X49.474 Y76.936 Z5.4 E1
G1 X55.432 Y76.936 Z5.4 E1
G1 X55.588 Y76.981 Z5.4 E1
G1 X55.657 Y77.129 Z5.4 E1
G1 X55.657 Y104.59 Z5.4 E1
G1 X57.182 Y104.59 Z5.4 E1
G1 X57.182 Y102.807 Z5.4 E1
G1 X57.26 Y102.653 Z5.4 E1
G1 X57.375 Y102.615 Z5.4 E1
G1 X59.158 Y102.615 Z5.4 E1
G1 X59.158 Y100.832 Z5.4 E1
G1 X59.229 Y100.683 Z5.4 E1
G1 X59.351 Y100.639 Z5.4 E1
G1 X61.133 Y100.639 Z5.4 E1
G1 X61.133 Y77.385 Z5.4 E1
G1 X59.351 Y77.385 Z5.4 E1
G1 X59.229 Y77.342 Z5.4 E1
G1 X59.158 Y77.193 Z5.4 E1
G1 X59.158 Y75.41 Z5.4 E1
G1 X57.407 Y75.41 Z5.4 E1
G1 X57.251 Y75.365 Z5.4 E1
G1 X57.182 Y75.217 Z5.4 E1
G1 X57.182 Y73.435 Z5.4 E1
G1 X49.474 Y73.435 Z5.4 E1
G1 X49.358 Y73.396 Z5.4 E1
G1 X49.281 Y73.242 Z5.4 E1
G1 X49.281 Y71.46 Z5.4 E1
G1 X43.805 Y71.46 Z5.4 E1
G1 X43.805 Y73.242 Z5.4 E1
G1 X43.757 Y73.37 Z5.4 E1
G1 X43.612 Y73.435 Z5.4 E1
G1 X35.904 Y73.435 Z5.4 E1
G1 X35.904 Y75.185 Z5.4 E1
G1 X35.859 Y75.341 Z5.4 E1
G1 X35.711 Y75.41 Z5.4 E1
G1 X33.929 Y75.41 Z5.4 E1
G1 X33.929 Y77.193 Z5.4 E1
G1 X33.858 Y77.342 Z5.4 E1
G1 X33.736 Y77.385 Z5.4 E1
G1 X31.954 Y77.385 Z5.4 E1
G1 X31.954 Y100.639 Z5.4 E1
G1 X33.736 Y100.639 Z5.4 E1
G1 X33.858 Y100.683 Z5.4 E1
G1 X33.929 Y100.832 Z5.4 E1
G1 X33.929 Y102.615 Z5.4 E1
G1 X35.679 Y102.615 Z5.4 E1
G1 X35.827 Y102.653 Z5.4 E1
G1 X35.904 Y102.807 Z5.4 E1
G1 X35.904 Y104.59 Z5.4 E1
G1 X37.429 Y104.59 Z5.4 E1
G1 X37.43 Y77.193 Z5.4 E1
G1 X37.475 Y77.005 Z5.4 E1
G1 X37.622 Y76.936 Z5.4 E1
G1 X43.612 Y76.936 Z5.4 E1
G1 X43.757 Y77.001 Z5.4 E1
G1 X43.805 Y77.129 Z5.4 E1
G1 X43.805 Y104.59 Z5.4 E1
G1 X49.281 Y104.59 Z5.4 E1
G1 X49.281 Y77.129 Z5.4 E1
G1 X49.315 Y77.04 Z5.4 E1
G0 X77.323 Y87.208 Z5.4
G1 X77.329 Y87.205 Z5.4 E1
G1 X77.386 Y87.069 Z5.4 E1
G1 X77.386 Y77.129 Z5.4 E1
G1 X77.318 Y76.982 Z5.4 E1
G1 X77.193 Y76.936 Z5.4 E1
G1 X71.203 Y76.936 Z5.4 E1
G1 X71.055 Y77.005 Z5.4 E1
G1 X71.01 Y77.193 Z5.4 E1
G1 X71.01 Y87.069 Z5.4 E1
G1 X71.058 Y87.197 Z5.4 E1
G1 X71.203 Y87.262 Z5.4 E1
G1 X77.193 Y87.262 Z5.4 E1
G1 X77.267 Y87.231 Z5.4 E1
G0 X65.469 Y87.204 Z5.4
G1 X65.341 Y87.262 Z5.4 E1
G1 X63.558 Y87.262 Z5.4 E1
G1 X63.558 Y90.763 Z5.4 E1
G1 X65.341 Y90.763 Z5.4 E1
G1 X65.485 Y90.828 Z5.4 E1
G1 X65.534 Y90.955 Z5.4 E1
G1 X65.534 Y104.59 Z5.4 E1
G1 X71.01 Y104.59 Z5.4 E1
G1 X71.01 Y90.955 Z5.4 E1
G1 X71.058 Y90.828 Z5.4 E1
G1 X71.203 Y90.763 Z5.4 E1
G1 X77.193 Y90.763 Z5.4 E1
G1 X77.329 Y90.819 Z5.4 E1
G1 X77.386 Y90.955 Z5.4 E1
G1 X77.386 Y104.59 Z5.4 E1
G1 X78.911 Y104.59 Z5.4 E1
G1 X78.911 Y102.807 Z5.4 E1
G1 X78.988 Y102.653 Z5.4 E1
G1 X79.104 Y102.615 Z5.4 E1
G1 X80.886 Y102.615 Z5.4 E1
G1 X80.886 Y100.832 Z5.4 E1
G1 X80.957 Y100.683 Z5.4 E1
G1 X81.079 Y100.639 Z5.4 E1
G1 X82.861 Y100.639 Z5.4 E1
G1 X82.862 Y73.435 Z5.4 E1
G1 X69.485 Y73.435 Z5.4 E1
G1 X69.485 Y75.185 Z5.4 E1
G1 X69.439 Y75.342 Z5.4 E1
G1 X69.292 Y75.41 Z5.4 E1
G1 X67.509 Y75.41 Z5.4 E1
G1 X67.509 Y77.193 Z5.4 E1
G1 X67.438 Y77.342 Z5.4 E1
G1 X67.316 Y77.385 Z5.4 E1
G1 X65.534 Y77.385 Z5.4 E1
G1 X65.534 Y87.069 Z5.4 E1
G1 X65.5 Y87.158 Z5.4 E1
G0 X99.055 Y77.001 Z5.4
G1 X99.046 Y76.982 Z5.4 E1
G1 X98.921 Y76.936 Z5.4 E1
G1 X92.931 Y76.936 Z5.4 E1
G1 X92.783 Y77.005 Z5.4 E1
G1 X92.738 Y77.193 Z5.4 E1
G1 X92.738 Y87.069 Z5.4 E1
G1 X92.786 Y87.197 Z5.4 E1
G1 X92.931 Y87.262 Z5.4 E1
G1 X98.921 Y87.262 Z5.4 E1
G1 X99.069 Y87.193 Z5.4 E1
G1 X99.114 Y87.005 Z5.4 E1
G1 X99.114 Y77.129 Z5.4 E1
G1 X99.08 Y77.056 Z5.4 E1
G0 X92.803 Y93.131 Z5.4
G1 X92.786 Y93.123 Z5.4 E1
G1 X92.738 Y92.995 Z5.4 E1
G1 X92.738 Y90.955 Z5.4 E1
G1 X92.786 Y90.828 Z5.4 E1
G1 X92.931 Y90.763 Z5.4 E1
G1 X100.64 Y90.763 Z5.4 E1
G1 X100.64 Y89.012 Z5.4 E1
G1 X100.685 Y88.856 Z5.4 E1
G1 X100.832 Y88.787 Z5.4 E1
G1 X102.615 Y88.787 Z5.4 E1
G1 X102.615 Y87.005 Z5.4 E1
G1 X102.686 Y86.855 Z5.4 E1
G1 X102.807 Y86.812 Z5.4 E1
G1 X104.59 Y86.812 Z5.4 E1
G1 X104.59 Y73.435 Z5.4 E1
G1 X91.213 Y73.435 Z5.4 E1
G1 X91.213 Y75.185 Z5.4 E1
G1 X91.168 Y75.342 Z5.4 E1
G1 X91.02 Y75.41 Z5.4 E1
G1 X89.237 Y75.41 Z5.4 E1
G1 X89.237 Y77.193 Z5.4 E1
G1 X89.166 Y77.342 Z5.4 E1
G1 X89.045 Y77.385 Z5.4 E1
G1 X87.262 Y77.385 Z5.4 E1
G1 X87.262 Y87.069 Z5.4 E1
G1 X87.214 Y87.197 Z5.4 E1
G1 X87.069 Y87.262 Z5.4 E1
G1 X85.287 Y87.262 Z5.4 E1
G1 X85.287 Y90.763 Z5.4 E1
G1 X87.069 Y90.763 Z5.4 E1
G1 X87.214 Y90.828 Z5.4 E1
G1 X87.262 Y90.955 Z5.4 E1
G1 X87.262 Y92.995 Z5.4 E1
G1 X87.214 Y93.123 Z5.4 E1
G1 X87.069 Y93.188 Z5.4 E1
G1 X85.287 Y93.188 Z5.4 E1
G1 X85.287 Y96.689 Z5.4 E1
G1 X87.069 Y96.689 Z5.4 E1
G1 X87.214 Y96.754 Z5.4 E1
G1 X87.262 Y96.882 Z5.4 E1
G1 X87.262 Y108.54 Z5.4 E1
G1 X92.738 Y108.541 Z5.4 E1
G1 X92.738 Y96.882 Z5.4 E1
G1 X92.786 Y96.754 Z5.4 E1
G1 X92.931 Y96.689 Z5.4 E1
G1 X98.921 Y96.689 Z5.4 E1
G1 X99.046 Y96.735 Z5.4 E1
G1 X99.114 Y96.882 Z5.4 E1
G1 X99.114 Y108.54 Z5.4 E1
G1 X100.903 Y108.54 Z5.4 E1
G1 X100.903 Y106.758 Z5.4 E1
G1 X100.966 Y106.615 Z5.4 E1
G1 X101.095 Y106.565 Z5.4 E1
G1 X102.615 Y106.565 Z5.4 E1
G1 X102.615 Y104.783 Z5.4 E1
G1 X102.686 Y104.633 Z5.4 E1
G1 X102.807 Y104.59 Z5.4 E1
G1 X104.59 Y104.59 Z5.4 E1
G1 X104.59 Y93.188 Z5.4 E1
G1 X92.931 Y93.188 Z5.4 E1
G1 X92.857 Y93.155 Z5.4 E1
G0 X124.403 Y80.952 Z5.4
G1 X124.414 Y80.929 Z5.4 E1
G1 X124.536 Y80.886 Z5.4 E1
G1 X126.318 Y80.886 Z5.4 E1
G1 X126.318 Y73.435 Z5.4 E1
G1 X112.941 Y73.435 Z5.4 E1
G1 X112.941 Y75.185 Z5.4 E1
G1 X112.896 Y75.342 Z5.4 E1
G1 X112.748 Y75.41 Z5.4 E1
G1 X110.966 Y75.41 Z5.4 E1
G1 X110.966 Y77.193 Z5.4 E1
G1 X110.894 Y77.342 Z5.4 E1
G1 X110.773 Y77.385 Z5.4 E1
G1 X108.99 Y77.385 Z5.4 E1
G1 X108.99 Y104.59 Z5.4 E1
G1 X122.368 Y104.59 Z5.4 E1
G1 X122.368 Y102.84 Z5.4 E1
G1 X122.413 Y102.683 Z5.4 E1
G1 X122.56 Y102.615 Z5.4 E1
G1 X124.343 Y102.614 Z5.4 E1
G1 X124.343 Y100.832 Z5.4 E1
G1 X124.42 Y100.678 Z5.4 E1
G1 X124.536 Y100.639 Z5.4 E1
G1 X126.318 Y100.639 Z5.4 E1
G1 X126.318 Y97.139 Z5.4 E1
G1 X124.568 Y97.139 Z5.4 E1
G1 X124.42 Y97.1 Z5.4 E1
G1 X124.343 Y96.946 Z5.4 E1
G1 X124.343 Y95.163 Z5.4 E1
G1 X122.593 Y95.163 Z5.4 E1
G1 X122.445 Y95.125 Z5.4 E1
G1 X122.368 Y94.97 Z5.4 E1
G1 X122.368 Y93.188 Z5.4 E1
G1 X120.842 Y93.188 Z5.4 E1
G1 X120.842 Y100.832 Z5.4 E1
G1 X120.797 Y101.02 Z5.4 E1
G1 X120.649 Y101.089 Z5.4 E1
G1 X114.659 Y101.089 Z5.4 E1
G1 X114.534 Y101.043 Z5.4 E1
G1 X114.466 Y100.896 Z5.4 E1
G1 X114.466 Y77.193 Z5.4 E1
G1 X114.512 Y77.005 Z5.4 E1
G1 X114.659 Y76.936 Z5.4 E1
G1 X120.649 Y76.936 Z5.4 E1
G1 X120.775 Y76.982 Z5.4 E1
G1 X120.842 Y77.129 Z5.4 E1
G1 X120.842 Y84.837 Z5.4 E1
G1 X122.368 Y84.837 Z5.4 E1
G1 X122.368 Y83.054 Z5.4 E1
G1 X122.445 Y82.9 Z5.4 E1
G1 X122.56 Y82.861 Z5.4 E1
G1 X124.343 Y82.861 Z5.4 E1
G1 X124.343 Y81.079 Z5.4 E1
G1 X124.377 Y81.006 Z5.4 E1
G0 X148.109 Y88.855 Z5.4
G1 X148.122 Y88.827 Z5.4 E1
G1 X148.239 Y88.787 Z5.4 E1
G1 X150.022 Y88.787 Z5.4 E1
G1 X150.022 Y87.262 Z5.4 E1
G1 X148.239 Y87.262 Z5.4 E1
G1 X148.122 Y87.222 Z5.4 E1
G1 X148.047 Y87.069 Z5.4 E1
G1 X148.047 Y77.385 Z5.4 E1
G1 X146.264 Y77.385 Z5.4 E1
G1 X146.142 Y77.342 Z5.4 E1
G1 X146.071 Y77.193 Z5.4 E1
G1 X146.071 Y75.41 Z5.4 E1
G1 X144.321 Y75.41 Z5.4 E1
G1 X144.173 Y75.372 Z5.4 E1
G1 X144.096 Y75.217 Z5.4 E1
G1 X144.096 Y73.435 Z5.4 E1
G1 X142.571 Y73.435 Z5.4 E1
G1 X142.571 Y87.069 Z5.4 E1
G1 X142.515 Y87.205 Z5.4 E1
G1 X142.378 Y87.262 Z5.4 E1
G1 X136.388 Y87.262 Z5.4 E1
G1 X136.243 Y87.197 Z5.4 E1
G1 X136.195 Y87.069 Z5.4 E1
G1 X136.195 Y73.435 Z5.4 E1
G1 X134.669 Y73.435 Z5.4 E1
G1 X134.669 Y75.218 Z5.4 E1
G1 X134.592 Y75.372 Z5.4 E1
G1 X134.477 Y75.41 Z5.4 E1
G1 X132.694 Y75.41 Z5.4 E1
G1 X132.694 Y77.193 Z5.4 E1
G1 X132.623 Y77.342 Z5.4 E1
G1 X132.501 Y77.385 Z5.4 E1
G1 X130.719 Y77.385 Z5.4 E1
G1 X130.719 Y87.069 Z5.4 E1
G1 X130.67 Y87.197 Z5.4 E1
G1 X130.526 Y87.262 Z5.4 E1
G1 X128.744 Y87.262 Z5.4 E1
G1 X128.744 Y89.012 Z5.4 E1
G1 X128.705 Y89.16 Z5.4 E1
G1 X128.551 Y89.237 Z5.4 E1
G1 X126.768 Y89.237 Z5.4 E1
G1 X126.768 Y90.763 Z5.4 E1
G1 X130.526 Y90.763 Z5.4 E1
G1 X130.67 Y90.828 Z5.4 E1
G1 X130.719 Y90.955 Z5.4 E1
G1 X130.719 Y104.59 Z5.4 E1
G1 X136.195 Y104.59 Z5.4 E1
G1 X136.195 Y90.955 Z5.4 E1
G1 X136.243 Y90.828 Z5.4 E1
G1 X136.388 Y90.763 Z5.4 E1
G1 X142.378 Y90.763 Z5.4 E1
G1 X142.515 Y90.82 Z5.4 E1
G1 X142.571 Y90.955 Z5.4 E1
G1 X142.571 Y104.59 Z5.4 E1
G1 X144.096 Y104.59 Z5.4 E1
G1 X144.096 Y102.807 Z5.4 E1
G1 X144.173 Y102.653 Z5.4 E1
G1 X144.289 Y102.615 Z5.4 E1
G1 X146.071 Y102.615 Z5.4 E1
G1 X146.071 Y100.832 Z5.4 E1
G1 X146.142 Y100.683 Z5.4 E1
G1 X146.264 Y100.639 Z5.4 E1
G1 X148.047 Y100.639 Z5.4 E1
G1 X148.047 Y88.98 Z5.4 E1
G1 X148.082 Y88.908 Z5.4 E1
G0 X157.982 Y101.023 Z5.4
G1 X157.923 Y100.896 Z5.4 E1
G1 X157.923 Y93.188 Z5.4 E1
G1 X154.423 Y93.188 Z5.4 E1
G1 X154.423 Y94.97 Z5.4 E1
G1 X154.351 Y95.12 Z5.4 E1
G1 X154.23 Y95.163 Z5.4 E1
G1 X152.447 Y95.163 Z5.4 E1
G1 X152.447 Y100.639 Z5.4 E1
G1 X154.23 Y100.639 Z5.4 E1
G1 X154.351 Y100.683 Z5.4 E1
G1 X154.423 Y100.832 Z5.4 E1
G1 X154.423 Y102.614 Z5.4 E1
G1 X156.173 Y102.614 Z5.4 E1
G1 X156.329 Y102.66 Z5.4 E1
G1 X156.398 Y102.807 Z5.4 E1
G1 X156.398 Y104.59 Z5.4 E1
G1 X165.824 Y104.59 Z5.4 E1
G1 X165.824 Y102.84 Z5.4 E1
G1 X165.87 Y102.683 Z5.4 E1
G1 X166.017 Y102.615 Z5.4 E1
G1 X167.8 Y102.615 Z5.4 E1
G1 X167.8 Y100.832 Z5.4 E1
G1 X167.871 Y100.683 Z5.4 E1
G1 X167.993 Y100.639 Z5.4 E1
G1 X169.775 Y100.639 Z5.4 E1
G1 X169.775 Y77.386 Z5.4 E1
G1 X167.993 Y77.386 Z5.4 E1
G1 X167.871 Y77.342 Z5.4 E1
G1 X167.8 Y77.193 Z5.4 E1
G1 X167.8 Y75.41 Z5.4 E1
G1 X166.049 Y75.41 Z5.4 E1
G1 X165.902 Y75.372 Z5.4 E1
G1 X165.824 Y75.217 Z5.4 E1
G1 X165.824 Y73.435 Z5.4 E1
G1 X164.299 Y73.435 Z5.4 E1
G1 X164.299 Y87.069 Z5.4 E1
G1 X164.243 Y87.205 Z5.4 E1
G1 X164.106 Y87.262 Z5.4 E1
G1 X158.116 Y87.262 Z5.4 E1
G1 X157.991 Y87.216 Z5.4 E1
G1 X157.923 Y87.069 Z5.4 E1
G1 X157.923 Y73.435 Z5.4 E1
G1 X156.398 Y73.435 Z5.4 E1
G1 X156.398 Y75.218 Z5.4 E1
G1 X156.321 Y75.372 Z5.4 E1
G1 X156.205 Y75.41 Z5.4 E1
G1 X154.423 Y75.41 Z5.4 E1
G1 X154.423 Y77.193 Z5.4 E1
G1 X154.351 Y77.342 Z5.4 E1
G1 X154.23 Y77.385 Z5.4 E1
G1 X152.447 Y77.385 Z5.4 E1
G1 X152.447 Y90.763 Z5.4 E1
G1 X164.106 Y90.763 Z5.4 E1
G1 X164.243 Y90.82 Z5.4 E1
G1 X164.299 Y90.955 Z5.4 E1
G1 X164.299 Y100.832 Z5.4 E1
G1 X164.254 Y101.02 Z5.4 E1
G1 X164.106 Y101.089 Z5.4 E1
G1 X158.148 Y101.089 Z5.4 E1
G1 X158.027 Y101.054 Z5.4 E1
G0 X15.768 Y76.994 Z5.7
G1 X15.746 Y77.005 Z5.7 E1
G1 X15.701 Y77.193 Z5.7 E1
G1 X15.701 Y100.896 Z5.7 E1
G1 X15.77 Y101.044 Z5.7 E1
G1 X15.926 Y101.089 Z5.7 E1
G1 X21.884 Y101.089 Z5.7 E1
G1 X22.032 Y101.02 Z5.7 E1
G1 X22.077 Y100.832 Z5.7 E1
G1 X22.077 Y77.129 Z5.7 E1
G1 X22.008 Y76.981 Z5.7 E1
G1 X21.852 Y76.936 Z5.7 E1
G1 X15.894 Y76.936 Z5.7 E1
G1 X15.823 Y76.969 Z5.7 E1
G0 X25.638 Y77.319 Z5.7
G1 X25.577 Y77.193 Z5.7 E1
G1 X25.577 Y75.41 Z5.7 E1
G1 X23.827 Y75.41 Z5.7 E1
G1 X23.671 Y75.365 Z5.7 E1
G1 X23.602 Y75.218 Z5.7 E1
G1 X23.602 Y73.435 Z5.7 E1
G1 X14.176 Y73.435 Z5.7 E1
G1 X14.176 Y75.185 Z5.7 E1
G1 X14.13 Y75.342 Z5.7 E1
G1 X13.983 Y75.41 Z5.7 E1
G1 X12.2 Y75.41 Z5.7 E1
G1 X12.2 Y77.193 Z5.7 E1
G1 X12.129 Y77.342 Z5.7 E1
G1 X12.007 Y77.385 Z5.7 E1
G1 X10.225 Y77.385 Z5.7 E1
G1 X10.225 Y100.639 Z5.7 E1
G1 X12.007 Y100.639 Z5.7 E1
G1 X12.129 Y100.683 Z5.7 E1
G1 X12.2 Y100.832 Z5.7 E1
G1 X12.2 Y102.615 Z5.7 E1
G1 X13.951 Y102.615 Z5.7 E1
G1 X14.107 Y102.66 Z5.7 E1
G1 X14.176 Y102.807 Z5.7 E1
G1 X14.176 Y104.59 Z5.7 E1
G1 X23.602 Y104.59 Z5.7 E1
G1 X23.602 Y102.84 Z5.7 E1
G1 X23.647 Y102.683 Z5.7 E1
G1 X23.795 Y102.615 Z5.7 E1
G1 X25.577 Y102.615 Z5.7 E1
G1 X25.577 Y100.832 Z5.7 E1
G1 X25.649 Y100.683 Z5.7 E1
G1 X25.77 Y100.639 Z5.7 E1
G1 X27.553 Y100.639 Z5.7 E1
G1 X27.553 Y77.385 Z5.7 E1
G1 X25.77 Y77.385 Z5.7 E1
G1 X25.681 Y77.354 Z5.7 E1
G0 X49.346 Y76.994 Z5.7
G1 X49.474 Y76.936 Z5.7 E1
G1 X55.432 Y76.936 Z5.7 E1
G1 X55.588 Y76.981 Z5.7 E1
G1 X55.657 Y77.129 Z5.7 E1
G1 X55.657 Y104.59 Z5.7 E1
G1 X57.182 Y104.59 Z5.7 E1
G1 X57.182 Y102.807 Z5.7 E1
G1 X57.26 Y102.653 Z5.7 E1
G1 X57.375 Y102.615 Z5.7 E1
G1 X59.158 Y102.615 Z5.7 E1
G1 X59.158 Y100.832 Z5.7 E1
G1 X59.229 Y100.683 Z5.7 E1
G1 X59.351 Y100.639 Z5.7 E1
G1 X61.133 Y100.639 Z5.7 E1
G1 X61.133 Y77.385 Z5.7 E1
G1 X59.351 Y77.385 Z5.7 E1
G1 X59.229 Y77.342 Z5.7 E1
G1 X59.158 Y77.193 Z5.7 E1
G1 X59.158 Y75.41 Z5.7 E1
G1 X57.407 Y75.41 Z5.7 E1
G1 X57.251 Y75.365 Z5.7 E1
G1 X57.182 Y75.217 Z5.7 E1
G1 X57.182 Y73.435 Z5.7 E1
G1 X49.474 Y73.435 Z5.7 E1
G1 X49.358 Y73.396 Z5.7 E1
G1 X49.281 Y73.242 Z5.7 E1
G1 X49.281 Y71.46 Z5.7 E1
G1 X43.805 Y71.46 Z5.7 E1
G1 X43.805 Y73.242 Z5.7 E1
G1 X43.757 Y73.37 Z5.7 E1
G1 X43.612 Y73.435 Z5.7 E1
G1 X35.904 Y73.435 Z5.7 E1
G1 X35.904 Y75.185 Z5.7 E1
G1 X35.859 Y75.341 Z5.7 E1
G1 X35.711 Y75.41 Z5.7 E1
G1 X33.929 Y75.41 Z5.7 E1
G1 X33.929 Y77.193 Z5.7 E1
G1 X33.858 Y77.342 Z5.7 E1
G1 X33.736 Y77.385 Z5.7 E1
G1 X31.954 Y77.385 Z5.7 E1
G1 X31.954 Y100.639 Z5.7 E1
G1 X33.736 Y100.639 Z5.7 E1
G1 X33.858 Y100.683 Z5.7 E1
G1 X33.929 Y100.832 Z5.7 E1
G1 X33.929 Y102.615 Z5.7 E1
G1 X35.679 Y102.615 Z5.7 E1
G1 X35.827 Y102.653 Z5.7 E1
G1 X35.904 Y102.807 Z5.7 E1
G1 X35.904 Y104.59 Z5.7 E1
G1 X37.429 Y104.59 Z5.7 E1
G1 X37.43 Y77.193 Z5.7 E1
G1 X37.475 Y77.005 Z5.7 E1
G1 X37.622 Y76.936 Z5.7 E1
G1 X43.612 Y76.936 Z5.7 E1
G1 X43.757 Y77.001 Z5.7 E1
G1 X43.805 Y77.129 Z5.7 E1
G1 X43.805 Y104.59 Z5.7 E1
G1 X49.281 Y104.59 Z5.7 E1
G1 X49.281 Y77.129 Z5.7 E1
G1 X49.315 Y77.04 Z5.7 E1
G0 X77.323 Y87.208 Z5.7
G1 X77.329 Y87.205 Z5.7 E1
G1 X77.386 Y87.069 Z5.7 E1
G1 X77.386 Y77.129 Z5.7 E1
G1 X77.318 Y76.982 Z5.7 E1
G1 X77.193 Y76.936 Z5.7 E1
G1 X71.203 Y76.936 Z5.7 E1
G1 X71.055 Y77.005 Z5.7 E1
G1 X71.01 Y77.193 Z5.7 E1
G1 X71.01 Y87.069 Z5.7 E1
G1 X71.058 Y87.197 Z5.7 E1
G1 X71.203 Y87.262 Z5.7 E1
G1 X77.193 Y87.262 Z5.7 E1
G1 X77.267 Y87.231 Z5.7 E1
G0 X65.469 Y87.204 Z5.7
G1 X65.341 Y87.262 Z5.7 E1
G1 X63.558 Y87.262 Z5.7 E1
G1 X63.558 Y90.763 Z5.7 E1
G1 X65.341 Y90.763 Z5.7 E1
G1 X65.485 Y90.828 Z5.7 E1
G1 X65.534 Y90.955 Z5.7 E1
G1 X65.534 Y104.59 Z5.7 E1
G1 X71.01 Y104.59 Z5.7 E1
G1 X71.01 Y90.955 Z5.7 E1
G1 X71.058 Y90.828 Z5.7 E1
G1 X71.203 Y90.763 Z5.7 E1
G1 X77.193 Y90.763 Z5.7 E1
G1 X77.329 Y90.819 Z5.7 E1
G1 X77.386 Y90.955 Z5.7 E1
G1 X77.386 Y104.59 Z5.7 E1
G1 X78.911 Y104.59 Z5.7 E1
G1 X78.911 Y102.807 Z5.7 E1
G1 X78.988 Y102.653 Z5.7 E1
G1 X79.104 Y102.615 Z5.7 E1
G1 X80.886 Y102.615 Z5.7 E1
G1 X80.886 Y100.832 Z5.7 E1
G1 X80.957 Y100.683 Z5.7 E1
G1 X81.079 Y100.639 Z5.7 E1
G1 X82.861 Y100.639 Z5.7 E1
G1 X82.862 Y73.435 Z5.7 E1
G1 X69.485 Y73.435 Z5.7 E1
G1 X69.485 Y75.185 Z5.7 E1
G1 X69.439 Y75.342 Z5.7 E1
G1 X69.292 Y75.41 Z5.7 E1
G1 X67.509 Y75.41 Z5.7 E1
G1 X67.509 Y77.193 Z5.7 E1
G1 X67.438 Y77.342 Z5.7 E1
G1 X67.316 Y77.385 Z5.7 E1
G1 X65.534 Y77.385 Z5.7 E1
G1 X65.534 Y87.069 Z5.7 E1
G1 X65.5 Y87.158 Z5.7 E1
G0 X99.055 Y77.001 Z5.7
G1 X99.046 Y76.982 Z5.7 E1
G1 X98.921 Y76.936 Z5.7 E1
G1 X92.931 Y76.936 Z5.7 E1
G1 X92.783 Y77.005 Z5.7 E1
G1 X92.738 Y77.193 Z5.7 E1
G1 X92.738 Y87.069 Z5.7 E1
G1 X92.786 Y87.197 Z5.7 E1
G1 X92.931 Y87.262 Z5.7 E1
G1 X98.921 Y87.262 Z5.7 E1
G1 X99.069 Y87.193 Z5.7 E1
G1 X99.114 Y87.005 Z5.7 E1
G1 X99.114 Y77.129 Z5.7 E1
G1 X99.08 Y77.056 Z5.7 E1
G0 X92.803 Y93.131 Z5.7
G1 X92.786 Y93.123 Z5.7 E1
G1 X92.738 Y92.995 Z5.7 E1
G1 X92.738 Y90.955 Z5.7 E1
G1 X92.786 Y90.828 Z5.7 E1
G1 X92.931 Y90.763 Z5.7 E1
G1 X100.64 Y90.763 Z5.7 E1
G1 X100.64 Y89.012 Z5.7 E1
G1 X100.685 Y88.856 Z5.7 E1
G1 X100.832 Y88.787 Z5.7 E1
G1 X102.615 Y88.787 Z5.7 E1
G1 X102.615 Y87.005 Z5.7 E1
G1 X102.686 Y86.855 Z5.7 E1
G1 X102.807 Y86.812 Z5.7 E1
G1 X104.59 Y86.812 Z5.7 E1
G1 X104.59 Y73.435 Z5.7 E1
G1 X91.213 Y73.435 Z5.7 E1
G1 X91.213 Y75.185 Z5.7 E1
G1 X91.168 Y75.342 Z5.7 E1
G1 X91.02 Y75.41 Z5.7 E1
G1 X89.237 Y75.41 Z5.7 E1
G1 X89.237 Y77.193 Z5.7 E1
G1 X89.166 Y77.342 Z5.7 E1
G1 X89.045 Y77.385 Z5.7 E1
G1 X87.262 Y77.385 Z5.7 E1
G1 X87.262 Y87.069 Z5.7 E1
G1 X87.214 Y87.197 Z5.7 E1
G1 X87.069 Y87.262 Z5.7 E1
G1 X85.287 Y87.262 Z5.7 E1
G1 X85.287 Y90.763 Z5.7 E1
G1 X87.069 Y90.763 Z5.7 E1
G1 X87.214 Y90.828 Z5.7 E1
G1 X87.262 Y90.955 Z5.7 E1
G1 X87.262 Y92.995 Z5.7 E1
G1 X87.214 Y93.123 Z5.7 E1
G1 X87.069 Y93.188 Z5.7 E1
G1 X85.287 Y93.188 Z5.7 E1
G1 X85.287 Y96.689 Z5.7 E1
G1 X87.069 Y96.689 Z5.7 E1
G1 X87.214 Y96.754 Z5.7 E1
G1 X87.262 Y96.882 Z5.7 E1
G1 X87.262 Y108.54 Z5.7 E1
G1 X92.738 Y108.541 Z5.7 E1
G1 X92.738 Y96.882 Z5.7 E1
G1 X92.786 Y96.754 Z5.7 E1
G1 X92.931 Y96.689 Z5.7 E1
G1 X98.921 Y96.689 Z5.7 E1
G1 X99.046 Y96.735 Z5.7 E1
G1 X99.114 Y96.882 Z5.7 E1
G1 X99.114 Y108.54 Z5.7 E1
G1 X100.903 Y108.54 Z5.7 E1
G1 X100.903 Y106.758 Z5.7 E1
G1 X100.966 Y106.615 Z5.7 E1
G1 X101.095 Y106.565 Z5.7 E1
G1 X102.615 Y106.565 Z5.7 E1
G1 X102.615 Y104.783 Z5.7 E1
G1 X102.686 Y104.633 Z5.7 E1
G1 X102.807 Y104.59 Z5.7 E1
G1 X104.59 Y104.59 Z5.7 E1
G1 X104.59 Y93.188 Z5.7 E1
G1 X92.931 Y93.188 Z5.7 E1
G1 X92.857 Y93.155 Z5.7 E1
G0 X124.403 Y80.952 Z5.7
G1 X124.414 Y80.929 Z5.7 E1
G1 X124.536 Y80.886 Z5.7 E1
G1 X126.318 Y80.886 Z5.7 E1
G1 X126.318 Y73.435 Z5.7 E1
G1 X112.941 Y73.435 Z5.7 E1
G1 X112.941 Y75.185 Z5.7 E1
G1 X112.896 Y75.342 Z5.7 E1
G1 X112.748 Y75.41 Z5.7 E1
G1 X110.966 Y75.41 Z5.7 E1
G1 X110.966 Y77.193 Z5.7 E1
G1 X110.894 Y77.342 Z5.7 E1
G1 X110.773 Y77.385 Z5.7 E1
G1 X108.99 Y77.385 Z5.7 E1
G1 X108.99 Y104.59 Z5.7 E1
G1 X122.368 Y104.59 Z5.7 E1
G1 X122.368 Y102.84 Z5.7 E1
G1 X122.413 Y102.683 Z5.7 E1
G1 X122.56 Y102.615 Z5.7 E1
G1 X124.343 Y102.614 Z5.7 E1
G1 X124.343 Y100.832 Z5.7 E1
G1 X124.42 Y100.678 Z5.7 E1
G1 X124.536 Y100.639 Z5.7 E1
G1 X126.318 Y100.639 Z5.7 E1
G1 X126.318 Y97.139 Z5.7 E1
G1 X124.568 Y97.139 Z5.7 E1
G1 X124.42 Y97.1 Z5.7 E1
G1 X124.343 Y96.946 Z5.7 E1
G1 X124.343 Y95.163 Z5.7 E1
G1 X122.593 Y95.163 Z5.7 E1
G1 X122.445 Y95.125 Z5.7 E1
G1 X122.368 Y94.97 Z5.7 E1
G1 X122.368 Y93.188 Z5.7 E1
G1 X120.842 Y93.188 Z5.7 E1
G1 X120.842 Y100.832 Z5.7 E1
G1 X120.797 Y101.02 Z5.7 E1
G1 X120.649 Y101.089 Z5.7 E1
G1 X114.659 Y101.089 Z5.7 E1
G1 X114.534 Y101.043 Z5.7 E1
G1 X114.466 Y100.896 Z5.7 E1
G1 X114.466 Y77.193 Z5.7 E1
G1 X114.512 Y77.005 Z5.7 E1
G1 X114.659 Y76.936 Z5.7 E1
G1 X120.649 Y76.936 Z5.7 E1
G1 X120.775 Y76.982 Z5.7 E1
G1 X120.842 Y77.129 Z5.7 E1
G1 X120.842 Y84.837 Z5.7 E1
G1 X122.368 Y84.837 Z5.7 E1
G1 X122.368 Y83.054 Z5.7 E1
G1 X122.445 Y82.9 Z5.7 E1
G1 X122.56 Y82.861 Z5.7 E1
G1 X124.343 Y82.861 Z5.7 E1
G1 X124.343 Y81.079 Z5.7 E1
G1 X124.377 Y81.006 Z5.7 E1
G0 X148.109 Y88.855 Z5.7
G1 X148.122 Y88.827 Z5.7 E1
G1 X148.239 Y88.787 Z5.7 E1
G1 X150.022 Y88.787 Z5.7 E1
G1 X150.022 Y87.262 Z5.7 E1
G1 X148.239 Y87.262 Z5.7 E1
G1 X148.122 Y87.222 Z5.7 E1
G1 X148.047 Y87.069 Z5.7 E1
G1 X148.047 Y77.385 Z5.7 E1
G1 X146.264 Y77.385 Z5.7 E1
G1 X146.142 Y77.342 Z5.7 E1
G1 X146.071 Y77.193 Z5.7 E1
G1 X146.071 Y75.41 Z5.7 E1
G1 X144.321 Y75.41 Z5.7 E1
G1 X144.173 Y75.372 Z5.7 E1
G1 X144.096 Y75.217 Z5.7 E1
G1 X144.096 Y73.435 Z5.7 E1
G1 X142.571 Y73.435 Z5.7 E1
G1 X142.571 Y87.069 Z5.7 E1
G1 X142.515 Y87.205 Z5.7 E1
G1 X142.378 Y87.262 Z5.7 E1
G1 X136.388 Y87.262 Z5.7 E1
G1 X136.243 Y87.197 Z5.7 E1
G1 X136.195 Y87.069 Z5.7 E1
G1 X136.195 Y73.435 Z5.7 E1
G1 X134.669 Y73.435 Z5.7 E1
G1 X134.669 Y75.218 Z5.7 E1
G1 X134.592 Y75.372 Z5.7 E1
G1 X134.477 Y75.41 Z5.7 E1
G1 X132.694 Y75.41 Z5.7 E1
G1 X132.694 Y77.193 Z5.7 E1
G1 X132.623 Y77.342 Z5.7 E1
G1 X132.501 Y77.385 Z5.7 E1
G1 X130.719 Y77.385 Z5.7 E1
G1 X130.719 Y87.069 Z5.7 E1
G1 X130.67 Y87.197 Z5.7 E1
G1 X130.526 Y87.262 Z5.7 E1
G1 X128.744 Y87.262 Z5.7 E1
G1 X128.744 Y89.012 Z5.7 E1
G1 X128.705 Y89.16 Z5.7 E1
G1 X128.551 Y89.237 Z5.7 E1
G1 X126.768 Y89.237 Z5.7 E1
G1 X126.768 Y90.763 Z5.7 E1
G1 X130.526 Y90.763 Z5.7 E1
G1 X130.67 Y90.828 Z5.7 E1
G1 X130.719 Y90.955 Z5.7 E1
G1 X130.719 Y104.59 Z5.7 E1
G1 X136.195 Y104.59 Z5.7 E1
G1 X136.195 Y90.955 Z5.7 E1
G1 X136.243 Y90.828 Z5.7 E1
G1 X136.388 Y90.763 Z5.7 E1
G1 X142.378 Y90.763 Z5.7 E1
G1 X142.515 Y90.82 Z5.7 E1
G1 X142.571 Y90.955 Z5.7 E1
G1 X142.571 Y104.59 Z5.7 E1
G1 X144.096 Y104.59 Z5.7 E1
G1 X144.096 Y102.807 Z5.7 E1
G1 X144.173 Y102.653 Z5.7 E1
G1 X144.289 Y102.615 Z5.7 E1
G1 X146.071 Y102.615 Z5.7 E1
G1 X146.071 Y100.832 Z5.7 E1
G1 X146.142 Y100.683 Z5.7 E1
G1 X146.264 Y100.639 Z5.7 E1
G1 X148.047 Y100.639 Z5.7 E1
G1 X148.047 Y88.98 Z5.7 E1
G1 X148.082 Y88.908 Z5.7 E1
G0 X157.982 Y101.023 Z5.7
G1 X157.923 Y100.896 Z5.7 E1
G1 X157.923 Y93.188 Z5.7 E1
G1 X154.423 Y93.188 Z5.7 E1
G1 X154.423 Y94.97 Z5.7 E1
G1 X154.351 Y95.12 Z5.7 E1
G1 X154.23 Y95.163 Z5.7 E1
G1 X152.447 Y95.163 Z5.7 E1
G1 X152.447 Y100.639 Z5.7 E1
G1 X154.23 Y100.639 Z5.7 E1
G1 X154.351 Y100.683 Z5.7 E1
G1 X154.423 Y100.832 Z5.7 E1
G1 X154.423 Y102.614 Z5.7 E1
G1 X156.173 Y102.614 Z5.7 E1
G1 X156.329 Y102.66 Z5.7 E1
G1 X156.398 Y102.807 Z5.7 E1
G1 X156.398 Y104.59 Z5.7 E1
G1 X165.824 Y104.59 Z5.7 E1
G1 X165.824 Y102.84 Z5.7 E1
G1 X165.87 Y102.683 Z5.7 E1
G1 X166.017 Y102.615 Z5.7 E1
G1 X167.8 Y102.615 Z5.7 E1
G1 X167.8 Y100.832 Z5.7 E1
G1 X167.871 Y100.683 Z5.7 E1
G1 X167.993 Y100.639 Z5.7 E1
G1 X169.775 Y100.639 Z5.7 E1
G1 X169.775 Y77.386 Z5.7 E1
G1 X167.993 Y77.386 Z5.7 E1
G1 X167.871 Y77.342 Z5.7 E1
G1 X167.8 Y77.193 Z5.7 E1
G1 X167.8 Y75.41 Z5.7 E1
G1 X166.049 Y75.41 Z5.7 E1
G1 X165.902 Y75.372 Z5.7 E1
G1 X165.824 Y75.217 Z5.7 E1
G1 X165.824 Y73.435 Z5.7 E1
G1 X164.299 Y73.435 Z5.7 E1
G1 X164.299 Y87.069 Z5.7 E1
G1 X164.243 Y87.205 Z5.7 E1
G1 X164.106 Y87.262 Z5.7 E1
G1 X158.116 Y87.262 Z5.7 E1
G1 X157.991 Y87.216 Z5.7 E1
G1 X157.923 Y87.069 Z5.7 E1
G1 X157.923 Y73.435 Z5.7 E1
G1 X156.398 Y73.435 Z5.7 E1
G1 X156.398 Y75.218 Z5.7 E1
G1 X156.321 Y75.372 Z5.7 E1
G1 X156.205 Y75.41 Z5.7 E1
G1 X154.423 Y75.41 Z5.7 E1
G1 X154.423 Y77.193 Z5.7 E1
G1 X154.351 Y77.342 Z5.7 E1
G1 X154.23 Y77.385 Z5.7 E1
G1 X152.447 Y77.385 Z5.7 E1
G1 X152.447 Y90.763 Z5.7 E1
G1 X164.106 Y90.763 Z5.7 E1
G1 X164.243 Y90.82 Z5.7 E1
G1 X164.299 Y90.955 Z5.7 E1
G1 X164.299 Y100.832 Z5.7 E1
G1 X164.254 Y101.02 Z5.7 E1
G1 X164.106 Y101.089 Z5.7 E1
G1 X158.148 Y101.089 Z5.7 E1
G1 X158.027 Y101.054 Z5.7 E1
G0 X15.768 Y76.994 Z6.0
G1 X15.746 Y77.005 Z6.0 E1
G1 X15.701 Y77.193 Z6.0 E1
G1 X15.701 Y100.896 Z6.0 E1
G1 X15.77 Y101.044 Z6.0 E1
G1 X15.926 Y101.089 Z6.0 E1
G1 X21.884 Y101.089 Z6.0 E1
G1 X22.032 Y101.02 Z6.0 E1
G1 X22.077 Y100.832 Z6.0 E1
G1 X22.077 Y77.129 Z6.0 E1
G1 X22.008 Y76.981 Z6.0 E1
G1 X21.852 Y76.936 Z6.0 E1
G1 X15.894 Y76.936 Z6.0 E1
G1 X15.823 Y76.969 Z6.0 E1
G0 X25.638 Y77.319 Z6.0
G1 X25.577 Y77.193 Z6.0 E1
G1 X25.577 Y75.41 Z6.0 E1
G1 X23.827 Y75.41 Z6.0 E1
G1 X23.671 Y75.365 Z6.0 E1
G1 X23.602 Y75.218 Z6.0 E1
G1 X23.602 Y73.435 Z6.0 E1
G1 X14.176 Y73.435 Z6.0 E1
G1 X14.176 Y75.185 Z6.0 E1
G1 X14.13 Y75.342 Z6.0 E1
G1 X13.983 Y75.41 Z6.0 E1
G1 X12.2 Y75.41 Z6.0 E1
G1 X12.2 Y77.193 Z6.0 E1
G1 X12.129 Y77.342 Z6.0 E1
G1 X12.007 Y77.385 Z6.0 E1
G1 X10.225 Y77.385 Z6.0 E1
G1 X10.225 Y100.639 Z6.0 E1
G1 X12.007 Y100.639 Z6.0 E1
G1 X12.129 Y100.683 Z6.0 E1
G1 X12.2 Y100.832 Z6.0 E1
G1 X12.2 Y102.615 Z6.0 E1
G1 X13.951 Y102.615 Z6.0 E1
G1 X14.107 Y102.66 Z6.0 E1
G1 X14.176 Y102.807 Z6.0 E1
G1 X14.176 Y104.59 Z6.0 E1
G1 X23.602 Y104.59 Z6.0 E1
G1 X23.602 Y102.84 Z6.0 E1
G1 X23.647 Y102.683 Z6.0 E1
G1 X23.795 Y102.615 Z6.0 E1
G1 X25.577 Y102.615 Z6.0 E1
G1 X25.577 Y100.832 Z6.0 E1
G1 X25.649 Y100.683 Z6.0 E1
G1 X25.77 Y100.639 Z6.0 E1
G1 X27.553 Y100.639 Z6.0 E1
G1 X27.553 Y77.385 Z6.0 E1
G1 X25.77 Y77.385 Z6.0 E1
G1 X25.681 Y77.354 Z6.0 E1
G0 X49.346 Y76.994 Z6.0
G1 X49.474 Y76.936 Z6.0 E1
G1 X55.432 Y76.936 Z6.0 E1
G1 X55.588 Y76.981 Z6.0 E1
G1 X55.657 Y77.129 Z6.0 E1
G1 X55.657 Y104.59 Z6.0 E1
G1 X57.182 Y104.59 Z6.0 E1
G1 X57.182 Y102.807 Z6.0 E1
G1 X57.26 Y102.653 Z6.0 E1
G1 X57.375 Y102.615 Z6.0 E1
G1 X59.158 Y102.615 Z6.0 E1
G1 X59.158 Y100.832 Z6.0 E1
G1 X59.229 Y100.683 Z6.0 E1
G1 X59.351 Y100.639 Z6.0 E1
G1 X61.133 Y100.639 Z6.0 E1
G1 X61.133 Y77.385 Z6.0 E1
G1 X59.351 Y77.385 Z6.0 E1
G1 X59.229 Y77.342 Z6.0 E1
G1 X59.158 Y77.193 Z6.0 E1
G1 X59.158 Y75.41 Z6.0 E1
G1 X57.407 Y75.41 Z6.0 E1
G1 X57.251 Y75.365 Z6.0 E1
G1 X57.182 Y75.217 Z6.0 E1
G1 X57.182 Y73.435 Z6.0 E1
G1 X49.474 Y73.435 Z6.0 E1
G1 X49.358 Y73.396 Z6.0 E1
G1 X49.281 Y73.242 Z6.0 E1
G1 X49.281 Y71.46 Z6.0 E1
G1 X43.805 Y71.46 Z6.0 E1
G1 X43.805 Y73.242 Z6.0 E1
G1 X43.757 Y73.37 Z6.0 E1
G1 X43.612 Y73.435 Z6.0 E1
G1 X35.904 Y73.435 Z6.0 E1
G1 X35.904 Y75.185 Z6.0 E1
G1 X35.859 Y75.341 Z6.0 E1
G1 X35.711 Y75.41 Z6.0 E1
G1 X33.929 Y75.41 Z6.0 E1
G1 X33.929 Y77.193 Z6.0 E1
G1 X33.858 Y77.342 Z6.0 E1
G1 X33.736 Y77.385 Z6.0 E1
G1 X31.954 Y77.385 Z6.0 E1
G1 X31.954 Y100.639 Z6.0 E1
G1 X33.736 Y100.639 Z6.0 E1
G1 X33.858 Y100.683 Z6.0 E1
G1 X33.929 Y100.832 Z6.0 E1
G1 X33.929 Y102.615 Z6.0 E1
G1 X35.679 Y102.615 Z6.0 E1
G1 X35.827 Y102.653 Z6.0 E1
G1 X35.904 Y102.807 Z6.0 E1
G1 X35.904 Y104.59 Z6.0 E1
G1 X37.429 Y104.59 Z6.0 E1
G1 X37.43 Y77.193 Z6.0 E1
G1 X37.475 Y77.005 Z6.0 E1
G1 X37.622 Y76.936 Z6.0 E1
G1 X43.612 Y76.936 Z6.0 E1
G1 X43.757 Y77.001 Z6.0 E1
G1 X43.805 Y77.129 Z6.0 E1
G1 X43.805 Y104.59 Z6.0 E1
G1 X49.281 Y104.59 Z6.0 E1
G1 X49.281 Y77.129 Z6.0 E1
G1 X49.315 Y77.04 Z6.0 E1
G0 X77.323 Y87.208 Z6.0
G1 X77.329 Y87.205 Z6.0 E1
G1 X77.386 Y87.069 Z6.0 E1
G1 X77.386 Y77.129 Z6.0 E1
G1 X77.318 Y76.982 Z6.0 E1
G1 X77.193 Y76.936 Z6.0 E1
G1 X71.203 Y76.936 Z6.0 E1
G1 X71.055 Y77.005 Z6.0 E1
G1 X71.01 Y77.193 Z6.0 E1
G1 X71.01 Y87.069 Z6.0 E1
G1 X71.058 Y87.197 Z6.0 E1
G1 X71.203 Y87.262 Z6.0 E1
G1 X77.193 Y87.262 Z6.0 E1
G1 X77.267 Y87.231 Z6.0 E1
G0 X65.469 Y87.204 Z6.0
G1 X65.341 Y87.262 Z6.0 E1
G1 X63.558 Y87.262 Z6.0 E1
G1 X63.558 Y90.763 Z6.0 E1
G1 X65.341 Y90.763 Z6.0 E1
G1 X65.485 Y90.828 Z6.0 E1
G1 X65.534 Y90.955 Z6.0 E1
G1 X65.534 Y104.59 Z6.0 E1
G1 X71.01 Y104.59 Z6.0 E1
G1 X71.01 Y90.955 Z6.0 E1
G1 X71.058 Y90.828 Z6.0 E1
G1 X71.203 Y90.763 Z6.0 E1
G1 X77.193 Y90.763 Z6.0 E1
G1 X77.329 Y90.819 Z6.0 E1
G1 X77.386 Y90.955 Z6.0 E1
G1 X77.386 Y104.59 Z6.0 E1
G1 X78.911 Y104.59 Z6.0 E1
G1 X78.911 Y102.807 Z6.0 E1
G1 X78.988 Y102.653 Z6.0 E1
G1 X79.104 Y102.615 Z6.0 E1
G1 X80.886 Y102.615 Z6.0 E1
G1 X80.886 Y100.832 Z6.0 E1
G1 X80.957 Y100.683 Z6.0 E1
G1 X81.079 Y100.639 Z6.0 E1
G1 X82.861 Y100.639 Z6.0 E1
G1 X82.862 Y73.435 Z6.0 E1
G1 X69.485 Y73.435 Z6.0 E1
G1 X69.485 Y75.185 Z6.0 E1
G1 X69.439 Y75.342 Z6.0 E1
G1 X69.292 Y75.41 Z6.0 E1
G1 X67.509 Y75.41 Z6.0 E1
G1 X67.509 Y77.193 Z6.0 E1
G1 X67.438 Y77.342 Z6.0 E1
G1 X67.316 Y77.385 Z6.0 E1
G1 X65.534 Y77.385 Z6.0 E1
G1 X65.534 Y87.069 Z6.0 E1
G1 X65.5 Y87.158 Z6.0 E1
G0 X99.055 Y77.001 Z6.0
G1 X99.046 Y76.982 Z6.0 E1
G1 X98.921 Y76.936 Z6.0 E1
G1 X92.931 Y76.936 Z6.0 E1
G1 X92.783 Y77.005 Z6.0 E1
G1 X92.738 Y77.193 Z6.0 E1
G1 X92.738 Y87.069 Z6.0 E1
G1 X92.786 Y87.197 Z6.0 E1
G1 X92.931 Y87.262 Z6.0 E1
G1 X98.921 Y87.262 Z6.0 E1
G1 X99.069 Y87.193 Z6.0 E1
G1 X99.114 Y87.005 Z6.0 E1
G1 X99.114 Y77.129 Z6.0 E1
G1 X99.08 Y77.056 Z6.0 E1
G0 X92.803 Y93.131 Z6.0
G1 X92.786 Y93.123 Z6.0 E1
G1 X92.738 Y92.995 Z6.0 E1
G1 X92.738 Y90.955 Z6.0 E1
G1 X92.786 Y90.828 Z6.0 E1
G1 X92.931 Y90.763 Z6.0 E1
G1 X100.64 Y90.763 Z6.0 E1
G1 X100.64 Y89.012 Z6.0 E1
G1 X100.685 Y88.856 Z6.0 E1
G1 X100.832 Y88.787 Z6.0 E1
G1 X102.615 Y88.787 Z6.0 E1
G1 X102.615 Y87.005 Z6.0 E1
G1 X102.686 Y86.855 Z6.0 E1
G1 X102.807 Y86.812 Z6.0 E1
G1 X104.59 Y86.812 Z6.0 E1
G1 X104.59 Y73.435 Z6.0 E1
G1 X91.213 Y73.435 Z6.0 E1
G1 X91.213 Y75.185 Z6.0 E1
G1 X91.168 Y75.342 Z6.0 E1
G1 X91.02 Y75.41 Z6.0 E1
G1 X89.237 Y75.41 Z6.0 E1
G1 X89.237 Y77.193 Z6.0 E1
G1 X89.166 Y77.342 Z6.0 E1
G1 X89.045 Y77.385 Z6.0 E1
G1 X87.262 Y77.385 Z6.0 E1
G1 X87.262 Y87.069 Z6.0 E1
G1 X87.214 Y87.197 Z6.0 E1
G1 X87.069 Y87.262 Z6.0 E1
G1 X85.287 Y87.262 Z6.0 E1
G1 X85.287 Y90.763 Z6.0 E1
G1 X87.069 Y90.763 Z6.0 E1
G1 X87.214 Y90.828 Z6.0 E1
G1 X87.262 Y90.955 Z6.0 E1
G1 X87.262 Y92.995 Z6.0 E1
G1 X87.214 Y93.123 Z6.0 E1
G1 X87.069 Y93.188 Z6.0 E1
G1 X85.287 Y93.188 Z6.0 E1
G1 X85.287 Y96.689 Z6.0 E1
G1 X87.069 Y96.689 Z6.0 E1
G1 X87.214 Y96.754 Z6.0 E1
G1 X87.262 Y96.882 Z6.0 E1
G1 X87.262 Y108.54 Z6.0 E1
G1 X92.738 Y108.541 Z6.0 E1
G1 X92.738 Y96.882 Z6.0 E1
G1 X92.786 Y96.754 Z6.0 E1
G1 X92.931 Y96.689 Z6.0 E1
G1 X98.921 Y96.689 Z6.0 E1
G1 X99.046 Y96.735 Z6.0 E1
G1 X99.114 Y96.882 Z6.0 E1
G1 X99.114 Y108.54 Z6.0 E1
G1 X100.903 Y108.54 Z6.0 E1
G1 X100.903 Y106.758 Z6.0 E1
G1 X100.966 Y106.615 Z6.0 E1
G1 X101.095 Y106.565 Z6.0 E1
G1 X102.615 Y106.565 Z6.0 E1
G1 X102.615 Y104.783 Z6.0 E1
G1 X102.686 Y104.633 Z6.0 E1
G1 X102.807 Y104.59 Z6.0 E1
G1 X104.59 Y104.59 Z6.0 E1
G1 X104.59 Y93.188 Z6.0 E1
G1 X92.931 Y93.188 Z6.0 E1
G1 X92.857 Y93.155 Z6.0 E1
G0 X124.403 Y80.952 Z6.0
G1 X124.414 Y80.929 Z6.0 E1
G1 X124.536 Y80.886 Z6.0 E1
G1 X126.318 Y80.886 Z6.0 E1
G1 X126.318 Y73.435 Z6.0 E1
G1 X112.941 Y73.435 Z6.0 E1
G1 X112.941 Y75.185 Z6.0 E1
G1 X112.896 Y75.342 Z6.0 E1
G1 X112.748 Y75.41 Z6.0 E1
G1 X110.966 Y75.41 Z6.0 E1
G1 X110.966 Y77.193 Z6.0 E1
G1 X110.894 Y77.342 Z6.0 E1
G1 X110.773 Y77.385 Z6.0 E1
G1 X108.99 Y77.385 Z6.0 E1
G1 X108.99 Y104.59 Z6.0 E1
G1 X122.368 Y104.59 Z6.0 E1
G1 X122.368 Y102.84 Z6.0 E1
G1 X122.413 Y102.683 Z6.0 E1
G1 X122.56 Y102.615 Z6.0 E1
G1 X124.343 Y102.614 Z6.0 E1
G1 X124.343 Y100.832 Z6.0 E1
G1 X124.42 Y100.678 Z6.0 E1
G1 X124.536 Y100.639 Z6.0 E1
G1 X126.318 Y100.639 Z6.0 E1
G1 X126.318 Y97.139 Z6.0 E1
G1 X124.568 Y97.139 Z6.0 E1
G1 X124.42 Y97.1 Z6.0 E1
G1 X124.343 Y96.946 Z6.0 E1
G1 X124.343 Y95.163 Z6.0 E1
G1 X122.593 Y95.163 Z6.0 E1
G1 X122.445 Y95.125 Z6.0 E1
G1 X122.368 Y94.97 Z6.0 E1
G1 X122.368 Y93.188 Z6.0 E1
G1 X120.842 Y93.188 Z6.0 E1
G1 X120.842 Y100.832 Z6.0 E1
G1 X120.797 Y101.02 Z6.0 E1
G1 X120.649 Y101.089 Z6.0 E1
G1 X114.659 Y101.089 Z6.0 E1
G1 X114.534 Y101.043 Z6.0 E1
G1 X114.466 Y100.896 Z6.0 E1
G1 X114.466 Y77.193 Z6.0 E1
G1 X114.512 Y77.005 Z6.0 E1
G1 X114.659 Y76.936 Z6.0 E1
G1 X120.649 Y76.936 Z6.0 E1
G1 X120.775 Y76.982 Z6.0 E1
G1 X120.842 Y77.129 Z6.0 E1
G1 X120.842 Y84.837 Z6.0 E1
G1 X122.368 Y84.837 Z6.0 E1
G1 X122.368 Y83.054 Z6.0 E1
G1 X122.445 Y82.9 Z6.0 E1
G1 X122.56 Y82.861 Z6.0 E1
G1 X124.343 Y82.861 Z6.0 E1
G1 X124.343 Y81.079 Z6.0 E1
G1 X124.377 Y81.006 Z6.0 E1
G0 X148.109 Y88.855 Z6.0
G1 X148.122 Y88.827 Z6.0 E1
G1 X148.239 Y88.787 Z6.0 E1
G1 X150.022 Y88.787 Z6.0 E1
G1 X150.022 Y87.262 Z6.0 E1
G1 X148.239 Y87.262 Z6.0 E1
G1 X148.122 Y87.222 Z6.0 E1
G1 X148.047 Y87.069 Z6.0 E1
G1 X148.047 Y77.385 Z6.0 E1
G1 X146.264 Y77.385 Z6.0 E1
G1 X146.142 Y77.342 Z6.0 E1
G1 X146.071 Y77.193 Z6.0 E1
G1 X146.071 Y75.41 Z6.0 E1
G1 X144.321 Y75.41 Z6.0 E1
G1 X144.173 Y75.372 Z6.0 E1
G1 X144.096 Y75.217 Z6.0 E1
G1 X144.096 Y73.435 Z6.0 E1
G1 X142.571 Y73.435 Z6.0 E1
G1 X142.571 Y87.069 Z6.0 E1
G1 X142.515 Y87.205 Z6.0 E1
G1 X142.378 Y87.262 Z6.0 E1
G1 X136.388 Y87.262 Z6.0 E1
G1 X136.243 Y87.197 Z6.0 E1
G1 X136.195 Y87.069 Z6.0 E1
G1 X136.195 Y73.435 Z6.0 E1
G1 X134.669 Y73.435 Z6.0 E1
G1 X134.669 Y75.218 Z6.0 E1
G1 X134.592 Y75.372 Z6.0 E1
G1 X134.477 Y75.41 Z6.0 E1
G1 X132.694 Y75.41 Z6.0 E1
G1 X132.694 Y77.193 Z6.0 E1
G1 X132.623 Y77.342 Z6.0 E1
G1 X132.501 Y77.385 Z6.0 E1
G1 X130.719 Y77.385 Z6.0 E1
G1 X130.719 Y87.069 Z6.0 E1
G1 X130.67 Y87.197 Z6.0 E1
G1 X130.526 Y87.262 Z6.0 E1
G1 X128.744 Y87.262 Z6.0 E1
G1 X128.744 Y89.012 Z6.0 E1
G1 X128.705 Y89.16 Z6.0 E1
G1 X128.551 Y89.237 Z6.0 E1
G1 X126.768 Y89.237 Z6.0 E1
G1 X126.768 Y90.763 Z6.0 E1
G1 X130.526 Y90.763 Z6.0 E1
G1 X130.67 Y90.828 Z6.0 E1
G1 X130.719 Y90.955 Z6.0 E1
G1 X130.719 Y104.59 Z6.0 E1
G1 X136.195 Y104.59 Z6.0 E1
G1 X136.195 Y90.955 Z6.0 E1
G1 X136.243 Y90.828 Z6.0 E1
G1 X136.388 Y90.763 Z6.0 E1
G1 X142.378 Y90.763 Z6.0 E1
G1 X142.515 Y90.82 Z6.0 E1
G1 X142.571 Y90.955 Z6.0 E1
G1 X142.571 Y104.59 Z6.0 E1
G1 X144.096 Y104.59 Z6.0 E1
G1 X144.096 Y102.807 Z6.0 E1
G1 X144.173 Y102.653 Z6.0 E1
G1 X144.289 Y102.615 Z6.0 E1
G1 X146.071 Y102.615 Z6.0 E1
G1 X146.071 Y100.832 Z6.0 E1
G1 X146.142 Y100.683 Z6.0 E1
G1 X146.264 Y100.639 Z6.0 E1
G1 X148.047 Y100.639 Z6.0 E1
G1 X148.047 Y88.98 Z6.0 E1
G1 X148.082 Y88.908 Z6.0 E1
G0 X157.982 Y101.023 Z6.0
G1 X157.923 Y100.896 Z6.0 E1
G1 X157.923 Y93.188 Z6.0 E1
G1 X154.423 Y93.188 Z6.0 E1
G1 X154.423 Y94.97 Z6.0 E1
G1 X154.351 Y95.12 Z6.0 E1
G1 X154.23 Y95.163 Z6.0 E1
G1 X152.447 Y95.163 Z6.0 E1
G1 X152.447 Y100.639 Z6.0 E1
G1 X154.23 Y100.639 Z6.0 E1
G1 X154.351 Y100.683 Z6.0 E1
G1 X154.423 Y100.832 Z6.0 E1
G1 X154.423 Y102.614 Z6.0 E1
G1 X156.173 Y102.614 Z6.0 E1
G1 X156.329 Y102.66 Z6.0 E1
G1 X156.398 Y102.807 Z6.0 E1
G1 X156.398 Y104.59 Z6.0 E1
G1 X165.824 Y104.59 Z6.0 E1
G1 X165.824 Y102.84 Z6.0 E1
G1 X165.87 Y102.683 Z6.0 E1
G1 X166.017 Y102.615 Z6.0 E1
G1 X167.8 Y102.615 Z6.0 E1
G1 X167.8 Y100.832 Z6.0 E1
G1 X167.871 Y100.683 Z6.0 E1
G1 X167.993 Y100.639 Z6.0 E1
G1 X169.775 Y100.639 Z6.0 E1
G1 X169.775 Y77.386 Z6.0 E1
G1 X167.993 Y77.386 Z6.0 E1
G1 X167.871 Y77.342 Z6.0 E1
G1 X167.8 Y77.193 Z6.0 E1
G1 X167.8 Y75.41 Z6.0 E1
G1 X166.049 Y75.41 Z6.0 E1
G1 X165.902 Y75.372 Z6.0 E1
G1 X165.824 Y75.217 Z6.0 E1
G1 X165.824 Y73.435 Z6.0 E1
G1 X164.299 Y73.435 Z6.0 E1
G1 X164.299 Y87.069 Z6.0 E1
G1 X164.243 Y87.205 Z6.0 E1
G1 X164.106 Y87.262 Z6.0 E1
G1 X158.116 Y87.262 Z6.0 E1
G1 X157.991 Y87.216 Z6.0 E1
G1 X157.923 Y87.069 Z6.0 E1
G1 X157.923 Y73.435 Z6.0 E1
G1 X156.398 Y73.435 Z6.0 E1
G1 X156.398 Y75.218 Z6.0 E1
G1 X156.321 Y75.372 Z6.0 E1
G1 X156.205 Y75.41 Z6.0 E1
G1 X154.423 Y75.41 Z6.0 E1
G1 X154.423 Y77.193 Z6.0 E1
G1 X154.351 Y77.342 Z6.0 E1
G1 X154.23 Y77.385 Z6.0 E1
G1 X152.447 Y77.385 Z6.0 E1
G1 X152.447 Y90.763 Z6.0 E1
G1 X164.106 Y90.763 Z6.0 E1
G1 X164.243 Y90.82 Z6.0 E1
G1 X164.299 Y90.955 Z6.0 E1
G1 X164.299 Y100.832 Z6.0 E1
G1 X164.254 Y101.02 Z6.0 E1
G1 X164.106 Y101.089 Z6.0 E1
G1 X158.148 Y101.089 Z6.0 E1
G1 X158.027 Y101.054 Z6.0 E1
G0 X15.768 Y76.994 Z6.3
G1 X15.746 Y77.005 Z6.3 E1
G1 X15.701 Y77.193 Z6.3 E1
G1 X15.701 Y100.896 Z6.3 E1
G1 X15.77 Y101.044 Z6.3 E1
G1 X15.926 Y101.089 Z6.3 E1
G1 X21.884 Y101.089 Z6.3 E1
G1 X22.032 Y101.02 Z6.3 E1
G1 X22.077 Y100.832 Z6.3 E1
G1 X22.077 Y77.129 Z6.3 E1
G1 X22.008 Y76.981 Z6.3 E1
G1 X21.852 Y76.936 Z6.3 E1
G1 X15.894 Y76.936 Z6.3 E1
G1 X15.823 Y76.969 Z6.3 E1
G0 X25.638 Y77.319 Z6.3
G1 X25.577 Y77.193 Z6.3 E1
G1 X25.577 Y75.41 Z6.3 E1
G1 X23.827 Y75.41 Z6.3 E1
G1 X23.671 Y75.365 Z6.3 E1
G1 X23.602 Y75.218 Z6.3 E1
G1 X23.602 Y73.435 Z6.3 E1
G1 X14.176 Y73.435 Z6.3 E1
G1 X14.176 Y75.185 Z6.3 E1
G1 X14.13 Y75.342 Z6.3 E1
G1 X13.983 Y75.41 Z6.3 E1
G1 X12.2 Y75.41 Z6.3 E1
G1 X12.2 Y77.193 Z6.3 E1
G1 X12.129 Y77.342 Z6.3 E1
G1 X12.007 Y77.385 Z6.3 E1
G1 X10.225 Y77.385 Z6.3 E1
G1 X10.225 Y100.639 Z6.3 E1
G1 X12.007 Y100.639 Z6.3 E1
G1 X12.129 Y100.683 Z6.3 E1
G1 X12.2 Y100.832 Z6.3 E1
G1 X12.2 Y102.615 Z6.3 E1
G1 X13.951 Y102.615 Z6.3 E1
G1 X14.107 Y102.66 Z6.3 E1
G1 X14.176 Y102.807 Z6.3 E1
G1 X14.176 Y104.59 Z6.3 E1
G1 X23.602 Y104.59 Z6.3 E1
G1 X23.602 Y102.84 Z6.3 E1
G1 X23.647 Y102.683 Z6.3 E1
G1 X23.795 Y102.615 Z6.3 E1
G1 X25.577 Y102.615 Z6.3 E1
G1 X25.577 Y100.832 Z6.3 E1
G1 X25.649 Y100.683 Z6.3 E1
G1 X25.77 Y100.639 Z6.3 E1
G1 X27.553 Y100.639 Z6.3 E1
G1 X27.553 Y77.385 Z6.3 E1
G1 X25.77 Y77.385 Z6.3 E1
G1 X25.681 Y77.354 Z6.3 E1
G0 X49.346 Y76.994 Z6.3
G1 X49.474 Y76.936 Z6.3 E1
G1 X55.432 Y76.936 Z6.3 E1
G1 X55.588 Y76.981 Z6.3 E1
G1 X55.657 Y77.129 Z6.3 E1
G1 X55.657 Y104.59 Z6.3 E1
G1 X57.182 Y104.59 Z6.3 E1
G1 X57.182 Y102.807 Z6.3 E1
G1 X57.26 Y102.653 Z6.3 E1
G1 X57.375 Y102.615 Z6.3 E1
G1 X59.158 Y102.615 Z6.3 E1
G1 X59.158 Y100.832 Z6.3 E1
G1 X59.229 Y100.683 Z6.3 E1
G1 X59.351 Y100.639 Z6.3 E1
G1 X61.133 Y100.639 Z6.3 E1
G1 X61.133 Y77.385 Z6.3 E1
G1 X59.351 Y77.385 Z6.3 E1
G1 X59.229 Y77.342 Z6.3 E1
G1 X59.158 Y77.193 Z6.3 E1
G1 X59.158 Y75.41 Z6.3 E1
G1 X57.407 Y75.41 Z6.3 E1
G1 X57.251 Y75.365 Z6.3 E1
G1 X57.182 Y75.217 Z6.3 E1
G1 X57.182 Y73.435 Z6.3 E1
G1 X49.474 Y73.435 Z6.3 E1
G1 X49.358 Y73.396 Z6.3 E1
G1 X49.281 Y73.242 Z6.3 E1
G1 X49.281 Y71.46 Z6.3 E1
G1 X43.805 Y71.46 Z6.3 E1
G1 X43.805 Y73.242 Z6.3 E1
G1 X43.757 Y73.37 Z6.3 E1
G1 X43.612 Y73.435 Z6.3 E1
G1 X35.904 Y73.435 Z6.3 E1
G1 X35.904 Y75.185 Z6.3 E1
G1 X35.859 Y75.341 Z6.3 E1
G1 X35.711 Y75.41 Z6.3 E1
G1 X33.929 Y75.41 Z6.3 E1
G1 X33.929 Y77.193 Z6.3 E1
G1 X33.858 Y77.342 Z6.3 E1
G1 X33.736 Y77.385 Z6.3 E1
G1 X31.954 Y77.385 Z6.3 E1
G1 X31.954 Y100.639 Z6.3 E1
G1 X33.736 Y100.639 Z6.3 E1
G1 X33.858 Y100.683 Z6.3 E1
G1 X33.929 Y100.832 Z6.3 E1
G1 X33.929 Y102.615 Z6.3 E1
G1 X35.679 Y102.615 Z6.3 E1
G1 X35.827 Y102.653 Z6.3 E1
G1 X35.904 Y102.807 Z6.3 E1
G1 X35.904 Y104.59 Z6.3 E1
G1 X37.429 Y104.59 Z6.3 E1
G1 X37.43 Y77.193 Z6.3 E1
G1 X37.475 Y77.005 Z6.3 E1
G1 X37.622 Y76.936 Z6.3 E1
G1 X43.612 Y76.936 Z6.3 E1
G1 X43.757 Y77.001 Z6.3 E1
G1 X43.805 Y77.129 Z6.3 E1
G1 X43.805 Y104.59 Z6.3 E1
G1 X49.281 Y104.59 Z6.3 E1
G1 X49.281 Y77.129 Z6.3 E1
G1 X49.315 Y77.04 Z6.3 E1
G0 X77.323 Y87.208 Z6.3
G1 X77.329 Y87.205 Z6.3 E1
G1 X77.386 Y87.069 Z6.3 E1
G1 X77.386 Y77.129 Z6.3 E1
G1 X77.318 Y76.982 Z6.3 E1
G1 X77.193 Y76.936 Z6.3 E1
G1 X71.203 Y76.936 Z6.3 E1
G1 X71.055 Y77.005 Z6.3 E1
G1 X71.01 Y77.193 Z6.3 E1
G1 X71.01 Y87.069 Z6.3 E1
G1 X71.058 Y87.197 Z6.3 E1
G1 X71.203 Y87.262 Z6.3 E1
G1 X77.193 Y87.262 Z6.3 E1
G1 X77.267 Y87.231 Z6.3 E1
G0 X65.469 Y87.204 Z6.3
G1 X65.341 Y87.262 Z6.3 E1
G1 X63.558 Y87.262 Z6.3 E1
G1 X63.558 Y90.763 Z6.3 E1
G1 X65.341 Y90.763 Z6.3 E1
G1 X65.485 Y90.828 Z6.3 E1
G1 X65.534 Y90.955 Z6.3 E1
G1 X65.534 Y104.59 Z6.3 E1
G1 X71.01 Y104.59 Z6.3 E1
G1 X71.01 Y90.955 Z6.3 E1
G1 X71.058 Y90.828 Z6.3 E1
G1 X71.203 Y90.763 Z6.3 E1
G1 X77.193 Y90.763 Z6.3 E1
G1 X77.329 Y90.819 Z6.3 E1
G1 X77.386 Y90.955 Z6.3 E1
G1 X77.386 Y104.59 Z6.3 E1
G1 X78.911 Y104.59 Z6.3 E1
G1 X78.911 Y102.807 Z6.3 E1
G1 X78.988 Y102.653 Z6.3 E1
G1 X79.104 Y102.615 Z6.3 E1
G1 X80.886 Y102.615 Z6.3 E1
G1 X80.886 Y100.832 Z6.3 E1
G1 X80.957 Y100.683 Z6.3 E1
G1 X81.079 Y100.639 Z6.3 E1
G1 X82.861 Y100.639 Z6.3 E1
G1 X82.862 Y73.435 Z6.3 E1
G1 X69.485 Y73.435 Z6.3 E1
G1 X69.485 Y75.185 Z6.3 E1
G1 X69.439 Y75.342 Z6.3 E1
G1 X69.292 Y75.41 Z6.3 E1
G1 X67.509 Y75.41 Z6.3 E1
G1 X67.509 Y77.193 Z6.3 E1
G1 X67.438 Y77.342 Z6.3 E1
G1 X67.316 Y77.385 Z6.3 E1
G1 X65.534 Y77.385 Z6.3 E1
G1 X65.534 Y87.069 Z6.3 E1
G1 X65.5 Y87.158 Z6.3 E1
G0 X99.055 Y77.001 Z6.3
G1 X99.046 Y76.982 Z6.3 E1
G1 X98.921 Y76.936 Z6.3 E1
G1 X92.931 Y76.936 Z6.3 E1
G1 X92.783 Y77.005 Z6.3 E1
G1 X92.738 Y77.193 Z6.3 E1
G1 X92.738 Y87.069 Z6.3 E1
G1 X92.786 Y87.197 Z6.3 E1
G1 X92.931 Y87.262 Z6.3 E1
G1 X98.921 Y87.262 Z6.3 E1
G1 X99.069 Y87.193 Z6.3 E1
G1 X99.114 Y87.005 Z6.3 E1
G1 X99.114 Y77.129 Z6.3 E1
G1 X99.08 Y77.056 Z6.3 E1
G0 X92.803 Y93.131 Z6.3
G1 X92.786 Y93.123 Z6.3 E1
G1 X92.738 Y92.995 Z6.3 E1
G1 X92.738 Y90.955 Z6.3 E1
G1 X92.786 Y90.828 Z6.3 E1
G1 X92.931 Y90.763 Z6.3 E1
G1 X100.64 Y90.763 Z6.3 E1
G1 X100.64 Y89.012 Z6.3 E1
G1 X100.685 Y88.856 Z6.3 E1
G1 X100.832 Y88.787 Z6.3 E1
G1 X102.615 Y88.787 Z6.3 E1
G1 X102.615 Y87.005 Z6.3 E1
G1 X102.686 Y86.855 Z6.3 E1
G1 X102.807 Y86.812 Z6.3 E1
G1 X104.59 Y86.812 Z6.3 E1
G1 X104.59 Y73.435 Z6.3 E1
G1 X91.213 Y73.435 Z6.3 E1
G1 X91.213 Y75.185 Z6.3 E1
G1 X91.168 Y75.342 Z6.3 E1
G1 X91.02 Y75.41 Z6.3 E1
G1 X89.237 Y75.41 Z6.3 E1
G1 X89.237 Y77.193 Z6.3 E1
G1 X89.166 Y77.342 Z6.3 E1
G1 X89.045 Y77.385 Z6.3 E1
G1 X87.262 Y77.385 Z6.3 E1
G1 X87.262 Y87.069 Z6.3 E1
G1 X87.214 Y87.197 Z6.3 E1
G1 X87.069 Y87.262 Z6.3 E1
G1 X85.287 Y87.262 Z6.3 E1
G1 X85.287 Y90.763 Z6.3 E1
G1 X87.069 Y90.763 Z6.3 E1
G1 X87.214 Y90.828 Z6.3 E1
G1 X87.262 Y90.955 Z6.3 E1
G1 X87.262 Y92.995 Z6.3 E1
G1 X87.214 Y93.123 Z6.3 E1
G1 X87.069 Y93.188 Z6.3 E1
G1 X85.287 Y93.188 Z6.3 E1
G1 X85.287 Y96.689 Z6.3 E1
G1 X87.069 Y96.689 Z6.3 E1
G1 X87.214 Y96.754 Z6.3 E1
G1 X87.262 Y96.882 Z6.3 E1
G1 X87.262 Y108.54 Z6.3 E1
G1 X92.738 Y108.541 Z6.3 E1
G1 X92.738 Y96.882 Z6.3 E1
G1 X92.786 Y96.754 Z6.3 E1
G1 X92.931 Y96.689 Z6.3 E1
G1 X98.921 Y96.689 Z6.3 E1
G1 X99.046 Y96.735 Z6.3 E1
G1 X99.114 Y96.882 Z6.3 E1
G1 X99.114 Y108.54 Z6.3 E1
G1 X100.903 Y108.54 Z6.3 E1
G1 X100.903 Y106.758 Z6.3 E1
G1 X100.966 Y106.615 Z6.3 E1
G1 X101.095 Y106.565 Z6.3 E1
G1 X102.615 Y106.565 Z6.3 E1
G1 X102.615 Y104.783 Z6.3 E1
G1 X102.686 Y104.633 Z6.3 E1
G1 X102.807 Y104.59 Z6.3 E1
G1 X104.59 Y104.59 Z6.3 E1
G1 X104.59 Y93.188 Z6.3 E1
G1 X92.931 Y93.188 Z6.3 E1
G1 X92.857 Y93.155 Z6.3 E1
G0 X124.403 Y80.952 Z6.3
G1 X124.414 Y80.929 Z6.3 E1
G1 X124.536 Y80.886 Z6.3 E1
G1 X126.318 Y80.886 Z6.3 E1
G1 X126.318 Y73.435 Z6.3 E1
G1 X112.941 Y73.435 Z6.3 E1
G1 X112.941 Y75.185 Z6.3 E1
G1 X112.896 Y75.342 Z6.3 E1
G1 X112.748 Y75.41 Z6.3 E1
G1 X110.966 Y75.41 Z6.3 E1
G1 X110.966 Y77.193 Z6.3 E1
G1 X110.894 Y77.342 Z6.3 E1
G1 X110.773 Y77.385 Z6.3 E1
G1 X108.99 Y77.385 Z6.3 E1
G1 X108.99 Y104.59 Z6.3 E1
G1 X122.368 Y104.59 Z6.3 E1
G1 X122.368 Y102.84 Z6.3 E1
G1 X122.413 Y102.683 Z6.3 E1
G1 X122.56 Y102.615 Z6.3 E1
G1 X124.343 Y102.614 Z6.3 E1
G1 X124.343 Y100.832 Z6.3 E1
G1 X124.42 Y100.678 Z6.3 E1
G1 X124.536 Y100.639 Z6.3 E1
G1 X126.318 Y100.639 Z6.3 E1
G1 X126.318 Y97.139 Z6.3 E1
G1 X124.568 Y97.139 Z6.3 E1
G1 X124.42 Y97.1 Z6.3 E1
G1 X124.343 Y96.946 Z6.3 E1
G1 X124.343 Y95.163 Z6.3 E1
G1 X122.593 Y95.163 Z6.3 E1
G1 X122.445 Y95.125 Z6.3 E1
G1 X122.368 Y94.97 Z6.3 E1
G1 X122.368 Y93.188 Z6.3 E1
G1 X120.842 Y93.188 Z6.3 E1
G1 X120.842 Y100.832 Z6.3 E1
G1 X120.797 Y101.02 Z6.3 E1
G1 X120.649 Y101.089 Z6.3 E1
G1 X114.659 Y101.089 Z6.3 E1
G1 X114.534 Y101.043 Z6.3 E1
G1 X114.466 Y100.896 Z6.3 E1
G1 X114.466 Y77.193 Z6.3 E1
G1 X114.512 Y77.005 Z6.3 E1
G1 X114.659 Y76.936 Z6.3 E1
G1 X120.649 Y76.936 Z6.3 E1
G1 X120.775 Y76.982 Z6.3 E1
G1 X120.842 Y77.129 Z6.3 E1
G1 X120.842 Y84.837 Z6.3 E1
G1 X122.368 Y84.837 Z6.3 E1
G1 X122.368 Y83.054 Z6.3 E1
G1 X122.445 Y82.9 Z6.3 E1
G1 X122.56 Y82.861 Z6.3 E1
G1 X124.343 Y82.861 Z6.3 E1
G1 X124.343 Y81.079 Z6.3 E1
G1 X124.377 Y81.006 Z6.3 E1
G0 X148.109 Y88.855 Z6.3
G1 X148.122 Y88.827 Z6.3 E1
G1 X148.239 Y88.787 Z6.3 E1
G1 X150.022 Y88.787 Z6.3 E1
G1 X150.022 Y87.262 Z6.3 E1
G1 X148.239 Y87.262 Z6.3 E1
G1 X148.122 Y87.222 Z6.3 E1
G1 X148.047 Y87.069 Z6.3 E1
G1 X148.047 Y77.385 Z6.3 E1
G1 X146.264 Y77.385 Z6.3 E1
G1 X146.142 Y77.342 Z6.3 E1
G1 X146.071 Y77.193 Z6.3 E1
G1 X146.071 Y75.41 Z6.3 E1
G1 X144.321 Y75.41 Z6.3 E1
G1 X144.173 Y75.372 Z6.3 E1
G1 X144.096 Y75.217 Z6.3 E1
G1 X144.096 Y73.435 Z6.3 E1
G1 X142.571 Y73.435 Z6.3 E1
G1 X142.571 Y87.069 Z6.3 E1
G1 X142.515 Y87.205 Z6.3 E1
G1 X142.378 Y87.262 Z6.3 E1
G1 X136.388 Y87.262 Z6.3 E1
G1 X136.243 Y87.197 Z6.3 E1
G1 X136.195 Y87.069 Z6.3 E1
G1 X136.195 Y73.435 Z6.3 E1
G1 X134.669 Y73.435 Z6.3 E1
G1 X134.669 Y75.218 Z6.3 E1
G1 X134.592 Y75.372 Z6.3 E1
G1 X134.477 Y75.41 Z6.3 E1
G1 X132.694 Y75.41 Z6.3 E1
G1 X132.694 Y77.193 Z6.3 E1
G1 X132.623 Y77.342 Z6.3 E1
G1 X132.501 Y77.385 Z6.3 E1
G1 X130.719 Y77.385 Z6.3 E1
G1 X130.719 Y87.069 Z6.3 E1
G1 X130.67 Y87.197 Z6.3 E1
G1 X130.526 Y87.262 Z6.3 E1
G1 X128.744 Y87.262 Z6.3 E1
G1 X128.744 Y89.012 Z6.3 E1
G1 X128.705 Y89.16 Z6.3 E1
G1 X128.551 Y89.237 Z6.3 E1
G1 X126.768 Y89.237 Z6.3 E1
G1 X126.768 Y90.763 Z6.3 E1
G1 X130.526 Y90.763 Z6.3 E1
G1 X130.67 Y90.828 Z6.3 E1
G1 X130.719 Y90.955 Z6.3 E1
G1 X130.719 Y104.59 Z6.3 E1
G1 X136.195 Y104.59 Z6.3 E1
G1 X136.195 Y90.955 Z6.3 E1
G1 X136.243 Y90.828 Z6.3 E1
G1 X136.388 Y90.763 Z6.3 E1
G1 X142.378 Y90.763 Z6.3 E1
G1 X142.515 Y90.82 Z6.3 E1
G1 X142.571 Y90.955 Z6.3 E1
G1 X142.571 Y104.59 Z6.3 E1
G1 X144.096 Y104.59 Z6.3 E1
G1 X144.096 Y102.807 Z6.3 E1
G1 X144.173 Y102.653 Z6.3 E1
G1 X144.289 Y102.615 Z6.3 E1
G1 X146.071 Y102.615 Z6.3 E1
G1 X146.071 Y100.832 Z6.3 E1
G1 X146.142 Y100.683 Z6.3 E1
G1 X146.264 Y100.639 Z6.3 E1
G1 X148.047 Y100.639 Z6.3 E1
G1 X148.047 Y88.98 Z6.3 E1
G1 X148.082 Y88.908 Z6.3 E1
G0 X157.982 Y101.023 Z6.3
G1 X157.923 Y100.896 Z6.3 E1
G1 X157.923 Y93.188 Z6.3 E1
G1 X154.423 Y93.188 Z6.3 E1
G1 X154.423 Y94.97 Z6.3 E1
G1 X154.351 Y95.12 Z6.3 E1
G1 X154.23 Y95.163 Z6.3 E1
G1 X152.447 Y95.163 Z6.3 E1
G1 X152.447 Y100.639 Z6.3 E1
G1 X154.23 Y100.639 Z6.3 E1
G1 X154.351 Y100.683 Z6.3 E1
G1 X154.423 Y100.832 Z6.3 E1
G1 X154.423 Y102.614 Z6.3 E1
G1 X156.173 Y102.614 Z6.3 E1
G1 X156.329 Y102.66 Z6.3 E1
G1 X156.398 Y102.807 Z6.3 E1
G1 X156.398 Y104.59 Z6.3 E1
G1 X165.824 Y104.59 Z6.3 E1
G1 X165.824 Y102.84 Z6.3 E1
G1 X165.87 Y102.683 Z6.3 E1
G1 X166.017 Y102.615 Z6.3 E1
G1 X167.8 Y102.615 Z6.3 E1
G1 X167.8 Y100.832 Z6.3 E1
G1 X167.871 Y100.683 Z6.3 E1
G1 X167.993 Y100.639 Z6.3 E1
G1 X169.775 Y100.639 Z6.3 E1
G1 X169.775 Y77.386 Z6.3 E1
G1 X167.993 Y77.386 Z6.3 E1
G1 X167.871 Y77.342 Z6.3 E1
G1 X167.8 Y77.193 Z6.3 E1
G1 X167.8 Y75.41 Z6.3 E1
G1 X166.049 Y75.41 Z6.3 E1
G1 X165.902 Y75.372 Z6.3 E1
G1 X165.824 Y75.217 Z6.3 E1
G1 X165.824 Y73.435 Z6.3 E1
G1 X164.299 Y73.435 Z6.3 E1
G1 X164.299 Y87.069 Z6.3 E1
G1 X164.243 Y87.205 Z6.3 E1
G1 X164.106 Y87.262 Z6.3 E1
G1 X158.116 Y87.262 Z6.3 E1
G1 X157.991 Y87.216 Z6.3 E1
G1 X157.923 Y87.069 Z6.3 E1
G1 X157.923 Y73.435 Z6.3 E1
G1 X156.398 Y73.435 Z6.3 E1
G1 X156.398 Y75.218 Z6.3 E1
G1 X156.321 Y75.372 Z6.3 E1
G1 X156.205 Y75.41 Z6.3 E1
G1 X154.423 Y75.41 Z6.3 E1
G1 X154.423 Y77.193 Z6.3 E1
G1 X154.351 Y77.342 Z6.3 E1
G1 X154.23 Y77.385 Z6.3 E1
G1 X152.447 Y77.385 Z6.3 E1
G1 X152.447 Y90.763 Z6.3 E1
G1 X164.106 Y90.763 Z6.3 E1
G1 X164.243 Y90.82 Z6.3 E1
G1 X164.299 Y90.955 Z6.3 E1
G1 X164.299 Y100.832 Z6.3 E1
G1 X164.254 Y101.02 Z6.3 E1
G1 X164.106 Y101.089 Z6.3 E1
G1 X158.148 Y101.089 Z6.3 E1
G1 X158.027 Y101.054 Z6.3 E1
G0 X15.768 Y76.994 Z6.6
G1 X15.746 Y77.005 Z6.6 E1
G1 X15.701 Y77.193 Z6.6 E1
G1 X15.701 Y100.896 Z6.6 E1
G1 X15.77 Y101.044 Z6.6 E1
G1 X15.926 Y101.089 Z6.6 E1
G1 X21.884 Y101.089 Z6.6 E1
G1 X22.032 Y101.02 Z6.6 E1
G1 X22.077 Y100.832 Z6.6 E1
G1 X22.077 Y77.129 Z6.6 E1
G1 X22.008 Y76.981 Z6.6 E1
G1 X21.852 Y76.936 Z6.6 E1
G1 X15.894 Y76.936 Z6.6 E1
G1 X15.823 Y76.969 Z6.6 E1
G0 X25.638 Y77.319 Z6.6
G1 X25.577 Y77.193 Z6.6 E1
G1 X25.577 Y75.41 Z6.6 E1
G1 X23.827 Y75.41 Z6.6 E1
G1 X23.671 Y75.365 Z6.6 E1
G1 X23.602 Y75.218 Z6.6 E1
G1 X23.602 Y73.435 Z6.6 E1
G1 X14.176 Y73.435 Z6.6 E1
G1 X14.176 Y75.185 Z6.6 E1
G1 X14.13 Y75.342 Z6.6 E1
G1 X13.983 Y75.41 Z6.6 E1
G1 X12.2 Y75.41 Z6.6 E1
G1 X12.2 Y77.193 Z6.6 E1
G1 X12.129 Y77.342 Z6.6 E1
G1 X12.007 Y77.385 Z6.6 E1
G1 X10.225 Y77.385 Z6.6 E1
G1 X10.225 Y100.639 Z6.6 E1
G1 X12.007 Y100.639 Z6.6 E1
G1 X12.129 Y100.683 Z6.6 E1
G1 X12.2 Y100.832 Z6.6 E1
G1 X12.2 Y102.615 Z6.6 E1
G1 X13.951 Y102.615 Z6.6 E1
G1 X14.107 Y102.66 Z6.6 E1
G1 X14.176 Y102.807 Z6.6 E1
G1 X14.176 Y104.59 Z6.6 E1
G1 X23.602 Y104.59 Z6.6 E1
G1 X23.602 Y102.84 Z6.6 E1
G1 X23.647 Y102.683 Z6.6 E1
G1 X23.795 Y102.615 Z6.6 E1
G1 X25.577 Y102.615 Z6.6 E1
G1 X25.577 Y100.832 Z6.6 E1
G1 X25.649 Y100.683 Z6.6 E1
G1 X25.77 Y100.639 Z6.6 E1
G1 X27.553 Y100.639 Z6.6 E1
G1 X27.553 Y77.385 Z6.6 E1
G1 X25.77 Y77.385 Z6.6 E1
G1 X25.681 Y77.354 Z6.6 E1
G0 X49.346 Y76.994 Z6.6
G1 X49.474 Y76.936 Z6.6 E1
G1 X55.432 Y76.936 Z6.6 E1
G1 X55.588 Y76.981 Z6.6 E1
G1 X55.657 Y77.129 Z6.6 E1
G1 X55.657 Y104.59 Z6.6 E1
G1 X57.182 Y104.59 Z6.6 E1
G1 X57.182 Y102.807 Z6.6 E1
G1 X57.26 Y102.653 Z6.6 E1
G1 X57.375 Y102.615 Z6.6 E1
G1 X59.158 Y102.615 Z6.6 E1
G1 X59.158 Y100.832 Z6.6 E1
G1 X59.229 Y100.683 Z6.6 E1
G1 X59.351 Y100.639 Z6.6 E1
G1 X61.133 Y100.639 Z6.6 E1
G1 X61.133 Y77.385 Z6.6 E1
G1 X59.351 Y77.385 Z6.6 E1
G1 X59.229 Y77.342 Z6.6 E1
G1 X59.158 Y77.193 Z6.6 E1
G1 X59.158 Y75.41 Z6.6 E1
G1 X57.407 Y75.41 Z6.6 E1
G1 X57.251 Y75.365 Z6.6 E1
G1 X57.182 Y75.217 Z6.6 E1
G1 X57.182 Y73.435 Z6.6 E1
G1 X49.474 Y73.435 Z6.6 E1
G1 X49.358 Y73.396 Z6.6 E1
G1 X49.281 Y73.242 Z6.6 E1
G1 X49.281 Y71.46 Z6.6 E1
G1 X43.805 Y71.46 Z6.6 E1
G1 X43.805 Y73.242 Z6.6 E1
G1 X43.757 Y73.37 Z6.6 E1
G1 X43.612 Y73.435 Z6.6 E1
G1 X35.904 Y73.435 Z6.6 E1
G1 X35.904 Y75.185 Z6.6 E1
G1 X35.859 Y75.341 Z6.6 E1
G1 X35.711 Y75.41 Z6.6 E1
G1 X33.929 Y75.41 Z6.6 E1
G1 X33.929 Y77.193 Z6.6 E1
G1 X33.858 Y77.342 Z6.6 E1
G1 X33.736 Y77.385 Z6.6 E1
G1 X31.954 Y77.385 Z6.6 E1
G1 X31.954 Y100.639 Z6.6 E1
G1 X33.736 Y100.639 Z6.6 E1
G1 X33.858 Y100.683 Z6.6 E1
G1 X33.929 Y100.832 Z6.6 E1
G1 X33.929 Y102.615 Z6.6 E1
G1 X35.679 Y102.615 Z6.6 E1
G1 X35.827 Y102.653 Z6.6 E1
G1 X35.904 Y102.807 Z6.6 E1
G1 X35.904 Y104.59 Z6.6 E1
G1 X37.429 Y104.59 Z6.6 E1
G1 X37.43 Y77.193 Z6.6 E1
G1 X37.475 Y77.005 Z6.6 E1
G1 X37.622 Y76.936 Z6.6 E1
G1 X43.612 Y76.936 Z6.6 E1
G1 X43.757 Y77.001 Z6.6 E1
G1 X43.805 Y77.129 Z6.6 E1
G1 X43.805 Y104.59 Z6.6 E1
G1 X49.281 Y104.59 Z6.6 E1
G1 X49.281 Y77.129 Z6.6 E1
G1 X49.315 Y77.04 Z6.6 E1
G0 X77.323 Y87.208 Z6.6
G1 X77.329 Y87.205 Z6.6 E1
G1 X77.386 Y87.069 Z6.6 E1
G1 X77.386 Y77.129 Z6.6 E1
G1 X77.318 Y76.982 Z6.6 E1
G1 X77.193 Y76.936 Z6.6 E1
G1 X71.203 Y76.936 Z6.6 E1
G1 X71.055 Y77.005 Z6.6 E1
G1 X71.01 Y77.193 Z6.6 E1
G1 X71.01 Y87.069 Z6.6 E1
G1 X71.058 Y87.197 Z6.6 E1
G1 X71.203 Y87.262 Z6.6 E1
G1 X77.193 Y87.262 Z6.6 E1
G1 X77.267 Y87.231 Z6.6 E1
G0 X65.469 Y87.204 Z6.6
G1 X65.341 Y87.262 Z6.6 E1
G1 X63.558 Y87.262 Z6.6 E1
G1 X63.558 Y90.763 Z6.6 E1
G1 X65.341 Y90.763 Z6.6 E1
G1 X65.485 Y90.828 Z6.6 E1
G1 X65.534 Y90.955 Z6.6 E1
G1 X65.534 Y104.59 Z6.6 E1
G1 X71.01 Y104.59 Z6.6 E1
G1 X71.01 Y90.955 Z6.6 E1
G1 X71.058 Y90.828 Z6.6 E1
G1 X71.203 Y90.763 Z6.6 E1
G1 X77.193 Y90.763 Z6.6 E1
G1 X77.329 Y90.819 Z6.6 E1
G1 X77.386 Y90.955 Z6.6 E1
G1 X77.386 Y104.59 Z6.6 E1
G1 X78.911 Y104.59 Z6.6 E1
G1 X78.911 Y102.807 Z6.6 E1
G1 X78.988 Y102.653 Z6.6 E1
G1 X79.104 Y102.615 Z6.6 E1
G1 X80.886 Y102.615 Z6.6 E1
G1 X80.886 Y100.832 Z6.6 E1
G1 X80.957 Y100.683 Z6.6 E1
G1 X81.079 Y100.639 Z6.6 E1
G1 X82.861 Y100.639 Z6.6 E1
G1 X82.862 Y73.435 Z6.6 E1
G1 X69.485 Y73.435 Z6.6 E1
G1 X69.485 Y75.185 Z6.6 E1
G1 X69.439 Y75.342 Z6.6 E1
G1 X69.292 Y75.41 Z6.6 E1
G1 X67.509 Y75.41 Z6.6 E1
G1 X67.509 Y77.193 Z6.6 E1
G1 X67.438 Y77.342 Z6.6 E1
G1 X67.316 Y77.385 Z6.6 E1
G1 X65.534 Y77.385 Z6.6 E1
G1 X65.534 Y87.069 Z6.6 E1
G1 X65.5 Y87.158 Z6.6 E1
G0 X99.055 Y77.001 Z6.6
G1 X99.046 Y76.982 Z6.6 E1
G1 X98.921 Y76.936 Z6.6 E1
G1 X92.931 Y76.936 Z6.6 E1
G1 X92.783 Y77.005 Z6.6 E1
G1 X92.738 Y77.193 Z6.6 E1
G1 X92.738 Y87.069 Z6.6 E1
G1 X92.786 Y87.197 Z6.6 E1
G1 X92.931 Y87.262 Z6.6 E1
G1 X98.921 Y87.262 Z6.6 E1
G1 X99.069 Y87.193 Z6.6 E1
G1 X99.114 Y87.005 Z6.6 E1
G1 X99.114 Y77.129 Z6.6 E1
G1 X99.08 Y77.056 Z6.6 E1
G0 X92.803 Y93.131 Z6.6
G1 X92.786 Y93.123 Z6.6 E1
G1 X92.738 Y92.995 Z6.6 E1
G1 X92.738 Y90.955 Z6.6 E1
G1 X92.786 Y90.828 Z6.6 E1
G1 X92.931 Y90.763 Z6.6 E1
G1 X100.64 Y90.763 Z6.6 E1
G1 X100.64 Y89.012 Z6.6 E1
G1 X100.685 Y88.856 Z6.6 E1
G1 X100.832 Y88.787 Z6.6 E1
G1 X102.615 Y88.787 Z6.6 E1
G1 X102.615 Y87.005 Z6.6 E1
G1 X102.686 Y86.855 Z6.6 E1
G1 X102.807 Y86.812 Z6.6 E1
G1 X104.59 Y86.812 Z6.6 E1
G1 X104.59 Y73.435 Z6.6 E1
G1 X91.213 Y73.435 Z6.6 E1
G1 X91.213 Y75.185 Z6.6 E1
G1 X91.168 Y75.342 Z6.6 E1
G1 X91.02 Y75.41 Z6.6 E1
G1 X89.237 Y75.41 Z6.6 E1
G1 X89.237 Y77.193 Z6.6 E1
G1 X89.166 Y77.342 Z6.6 E1
G1 X89.045 Y77.385 Z6.6 E1
G1 X87.262 Y77.385 Z6.6 E1
G1 X87.262 Y87.069 Z6.6 E1
G1 X87.214 Y87.197 Z6.6 E1
G1 X87.069 Y87.262 Z6.6 E1
G1 X85.287 Y87.262 Z6.6 E1
G1 X85.287 Y90.763 Z6.6 E1
G1 X87.069 Y90.763 Z6.6 E1
G1 X87.214 Y90.828 Z6.6 E1
G1 X87.262 Y90.955 Z6.6 E1
G1 X87.262 Y92.995 Z6.6 E1
G1 X87.214 Y93.123 Z6.6 E1
G1 X87.069 Y93.188 Z6.6 E1
G1 X85.287 Y93.188 Z6.6 E1
G1 X85.287 Y96.689 Z6.6 E1
G1 X87.069 Y96.689 Z6.6 E1
G1 X87.214 Y96.754 Z6.6 E1
G1 X87.262 Y96.882 Z6.6 E1
G1 X87.262 Y108.54 Z6.6 E1
G1 X92.738 Y108.541 Z6.6 E1
G1 X92.738 Y96.882 Z6.6 E1
G1 X92.786 Y96.754 Z6.6 E1
G1 X92.931 Y96.689 Z6.6 E1
G1 X98.921 Y96.689 Z6.6 E1
G1 X99.046 Y96.735 Z6.6 E1
G1 X99.114 Y96.882 Z6.6 E1
G1 X99.114 Y108.54 Z6.6 E1
G1 X100.903 Y108.54 Z6.6 E1
G1 X100.903 Y106.758 Z6.6 E1
G1 X100.966 Y106.615 Z6.6 E1
G1 X101.095 Y106.565 Z6.6 E1
G1 X102.615 Y106.565 Z6.6 E1
G1 X102.615 Y104.783 Z6.6 E1
G1 X102.686 Y104.633 Z6.6 E1
G1 X102.807 Y104.59 Z6.6 E1
G1 X104.59 Y104.59 Z6.6 E1
G1 X104.59 Y93.188 Z6.6 E1
G1 X92.931 Y93.188 Z6.6 E1
G1 X92.857 Y93.155 Z6.6 E1
G0 X124.403 Y80.952 Z6.6
G1 X124.414 Y80.929 Z6.6 E1
G1 X124.536 Y80.886 Z6.6 E1
G1 X126.318 Y80.886 Z6.6 E1
G1 X126.318 Y73.435 Z6.6 E1
G1 X112.941 Y73.435 Z6.6 E1
G1 X112.941 Y75.185 Z6.6 E1
G1 X112.896 Y75.342 Z6.6 E1
G1 X112.748 Y75.41 Z6.6 E1
G1 X110.966 Y75.41 Z6.6 E1
G1 X110.966 Y77.193 Z6.6 E1
G1 X110.894 Y77.342 Z6.6 E1
G1 X110.773 Y77.385 Z6.6 E1
G1 X108.99 Y77.385 Z6.6 E1
G1 X108.99 Y104.59 Z6.6 E1
G1 X122.368 Y104.59 Z6.6 E1
G1 X122.368 Y102.84 Z6.6 E1
G1 X122.413 Y102.683 Z6.6 E1
G1 X122.56 Y102.615 Z6.6 E1
G1 X124.343 Y102.614 Z6.6 E1
G1 X124.343 Y100.832 Z6.6 E1
G1 X124.42 Y100.678 Z6.6 E1
G1 X124.536 Y100.639 Z6.6 E1
G1 X126.318 Y100.639 Z6.6 E1
G1 X126.318 Y97.139 Z6.6 E1
G1 X124.568 Y97.139 Z6.6 E1
G1 X124.42 Y97.1 Z6.6 E1
G1 X124.343 Y96.946 Z6.6 E1
G1 X124.343 Y95.163 Z6.6 E1
G1 X122.593 Y95.163 Z6.6 E1
G1 X122.445 Y95.125 Z6.6 E1
G1 X122.368 Y94.97 Z6.6 E1
G1 X122.368 Y93.188 Z6.6 E1
G1 X120.842 Y93.188 Z6.6 E1
G1 X120.842 Y100.832 Z6.6 E1
G1 X120.797 Y101.02 Z6.6 E1
G1 X120.649 Y101.089 Z6.6 E1
G1 X114.659 Y101.089 Z6.6 E1
G1 X114.534 Y101.043 Z6.6 E1
G1 X114.466 Y100.896 Z6.6 E1
G1 X114.466 Y77.193 Z6.6 E1
G1 X114.512 Y77.005 Z6.6 E1
G1 X114.659 Y76.936 Z6.6 E1
G1 X120.649 Y76.936 Z6.6 E1
G1 X120.775 Y76.982 Z6.6 E1
G1 X120.842 Y77.129 Z6.6 E1
G1 X120.842 Y84.837 Z6.6 E1
G1 X122.368 Y84.837 Z6.6 E1
G1 X122.368 Y83.054 Z6.6 E1
G1 X122.445 Y82.9 Z6.6 E1
G1 X122.56 Y82.861 Z6.6 E1
G1 X124.343 Y82.861 Z6.6 E1
G1 X124.343 Y81.079 Z6.6 E1
G1 X124.377 Y81.006 Z6.6 E1
G0 X148.109 Y88.855 Z6.6
G1 X148.122 Y88.827 Z6.6 E1
G1 X148.239 Y88.787 Z6.6 E1
G1 X150.022 Y88.787 Z6.6 E1
G1 X150.022 Y87.262 Z6.6 E1
G1 X148.239 Y87.262 Z6.6 E1
G1 X148.122 Y87.222 Z6.6 E1
G1 X148.047 Y87.069 Z6.6 E1
G1 X148.047 Y77.385 Z6.6 E1
G1 X146.264 Y77.385 Z6.6 E1
G1 X146.142 Y77.342 Z6.6 E1
G1 X146.071 Y77.193 Z6.6 E1
G1 X146.071 Y75.41 Z6.6 E1
G1 X144.321 Y75.41 Z6.6 E1
G1 X144.173 Y75.372 Z6.6 E1
G1 X144.096 Y75.217 Z6.6 E1
G1 X144.096 Y73.435 Z6.6 E1
G1 X142.571 Y73.435 Z6.6 E1
G1 X142.571 Y87.069 Z6.6 E1
G1 X142.515 Y87.205 Z6.6 E1
G1 X142.378 Y87.262 Z6.6 E1
G1 X136.388 Y87.262 Z6.6 E1
G1 X136.243 Y87.197 Z6.6 E1
G1 X136.195 Y87.069 Z6.6 E1
G1 X136.195 Y73.435 Z6.6 E1
G1 X134.669 Y73.435 Z6.6 E1
G1 X134.669 Y75.218 Z6.6 E1
G1 X134.592 Y75.372 Z6.6 E1
G1 X134.477 Y75.41 Z6.6 E1
G1 X132.694 Y75.41 Z6.6 E1
G1 X132.694 Y77.193 Z6.6 E1
G1 X132.623 Y77.342 Z6.6 E1
G1 X132.501 Y77.385 Z6.6 E1
G1 X130.719 Y77.385 Z6.6 E1
G1 X130.719 Y87.069 Z6.6 E1
G1 X130.67 Y87.197 Z6.6 E1
G1 X130.526 Y87.262 Z6.6 E1
G1 X128.744 Y87.262 Z6.6 E1
G1 X128.744 Y89.012 Z6.6 E1
G1 X128.705 Y89.16 Z6.6 E1
G1 X128.551 Y89.237 Z6.6 E1
G1 X126.768 Y89.237 Z6.6 E1
G1 X126.768 Y90.763 Z6.6 E1
G1 X130.526 Y90.763 Z6.6 E1
G1 X130.67 Y90.828 Z6.6 E1
G1 X130.719 Y90.955 Z6.6 E1
G1 X130.719 Y104.59 Z6.6 E1
G1 X136.195 Y104.59 Z6.6 E1
G1 X136.195 Y90.955 Z6.6 E1
G1 X136.243 Y90.828 Z6.6 E1
G1 X136.388 Y90.763 Z6.6 E1
G1 X142.378 Y90.763 Z6.6 E1
G1 X142.515 Y90.82 Z6.6 E1
G1 X142.571 Y90.955 Z6.6 E1
G1 X142.571 Y104.59 Z6.6 E1
G1 X144.096 Y104.59 Z6.6 E1
G1 X144.096 Y102.807 Z6.6 E1
G1 X144.173 Y102.653 Z6.6 E1
G1 X144.289 Y102.615 Z6.6 E1
G1 X146.071 Y102.615 Z6.6 E1
G1 X146.071 Y100.832 Z6.6 E1
G1 X146.142 Y100.683 Z6.6 E1
G1 X146.264 Y100.639 Z6.6 E1
G1 X148.047 Y100.639 Z6.6 E1
G1 X148.047 Y88.98 Z6.6 E1
G1 X148.082 Y88.908 Z6.6 E1
G0 X157.982 Y101.023 Z6.6
G1 X157.923 Y100.896 Z6.6 E1
G1 X157.923 Y93.188 Z6.6 E1
G1 X154.423 Y93.188 Z6.6 E1
G1 X154.423 Y94.97 Z6.6 E1
G1 X154.351 Y95.12 Z6.6 E1
G1 X154.23 Y95.163 Z6.6 E1
G1 X152.447 Y95.163 Z6.6 E1
G1 X152.447 Y100.639 Z6.6 E1
G1 X154.23 Y100.639 Z6.6 E1
G1 X154.351 Y100.683 Z6.6 E1
G1 X154.423 Y100.832 Z6.6 E1
G1 X154.423 Y102.614 Z6.6 E1
G1 X156.173 Y102.614 Z6.6 E1
G1 X156.329 Y102.66 Z6.6 E1
G1 X156.398 Y102.807 Z6.6 E1
G1 X156.398 Y104.59 Z6.6 E1
G1 X165.824 Y104.59 Z6.6 E1
G1 X165.824 Y102.84 Z6.6 E1
G1 X165.87 Y102.683 Z6.6 E1
G1 X166.017 Y102.615 Z6.6 E1
G1 X167.8 Y102.615 Z6.6 E1
G1 X167.8 Y100.832 Z6.6 E1
G1 X167.871 Y100.683 Z6.6 E1
G1 X167.993 Y100.639 Z6.6 E1
G1 X169.775 Y100.639 Z6.6 E1
G1 X169.775 Y77.386 Z6.6 E1
G1 X167.993 Y77.386 Z6.6 E1
G1 X167.871 Y77.342 Z6.6 E1
G1 X167.8 Y77.193 Z6.6 E1
G1 X167.8 Y75.41 Z6.6 E1
G1 X166.049 Y75.41 Z6.6 E1
G1 X165.902 Y75.372 Z6.6 E1
G1 X165.824 Y75.217 Z6.6 E1
G1 X165.824 Y73.435 Z6.6 E1
G1 X164.299 Y73.435 Z6.6 E1
G1 X164.299 Y87.069 Z6.6 E1
G1 X164.243 Y87.205 Z6.6 E1
G1 X164.106 Y87.262 Z6.6 E1
G1 X158.116 Y87.262 Z6.6 E1
G1 X157.991 Y87.216 Z6.6 E1
G1 X157.923 Y87.069 Z6.6 E1
G1 X157.923 Y73.435 Z6.6 E1
G1 X156.398 Y73.435 Z6.6 E1
G1 X156.398 Y75.218 Z6.6 E1
G1 X156.321 Y75.372 Z6.6 E1
G1 X156.205 Y75.41 Z6.6 E1
G1 X154.423 Y75.41 Z6.6 E1
G1 X154.423 Y77.193 Z6.6 E1
G1 X154.351 Y77.342 Z6.6 E1
G1 X154.23 Y77.385 Z6.6 E1
G1 X152.447 Y77.385 Z6.6 E1
G1 X152.447 Y90.763 Z6.6 E1
G1 X164.106 Y90.763 Z6.6 E1
G1 X164.243 Y90.82 Z6.6 E1
G1 X164.299 Y90.955 Z6.6 E1
G1 X164.299 Y100.832 Z6.6 E1
G1 X164.254 Y101.02 Z6.6 E1
G1 X164.106 Y101.089 Z6.6 E1
G1 X158.148 Y101.089 Z6.6 E1
G1 X158.027 Y101.054 Z6.6 E1
G0 X15.768 Y76.994 Z6.9
G1 X15.746 Y77.005 Z6.9 E1
G1 X15.701 Y77.193 Z6.9 E1
G1 X15.701 Y100.896 Z6.9 E1
G1 X15.77 Y101.044 Z6.9 E1
G1 X15.926 Y101.089 Z6.9 E1
G1 X21.884 Y101.089 Z6.9 E1
G1 X22.032 Y101.02 Z6.9 E1
G1 X22.077 Y100.832 Z6.9 E1
G1 X22.077 Y77.129 Z6.9 E1
G1 X22.008 Y76.981 Z6.9 E1
G1 X21.852 Y76.936 Z6.9 E1
G1 X15.894 Y76.936 Z6.9 E1
G1 X15.823 Y76.969 Z6.9 E1
G0 X25.638 Y77.319 Z6.9
G1 X25.577 Y77.193 Z6.9 E1
G1 X25.577 Y75.41 Z6.9 E1
G1 X23.827 Y75.41 Z6.9 E1
G1 X23.671 Y75.365 Z6.9 E1
G1 X23.602 Y75.218 Z6.9 E1
G1 X23.602 Y73.435 Z6.9 E1
G1 X14.176 Y73.435 Z6.9 E1
G1 X14.176 Y75.185 Z6.9 E1
G1 X14.13 Y75.342 Z6.9 E1
G1 X13.983 Y75.41 Z6.9 E1
G1 X12.2 Y75.41 Z6.9 E1
G1 X12.2 Y77.193 Z6.9 E1
G1 X12.129 Y77.342 Z6.9 E1
G1 X12.007 Y77.385 Z6.9 E1
G1 X10.225 Y77.385 Z6.9 E1
G1 X10.225 Y100.639 Z6.9 E1
G1 X12.007 Y100.639 Z6.9 E1
G1 X12.129 Y100.683 Z6.9 E1
G1 X12.2 Y100.832 Z6.9 E1
G1 X12.2 Y102.615 Z6.9 E1
G1 X13.951 Y102.615 Z6.9 E1
G1 X14.107 Y102.66 Z6.9 E1
G1 X14.176 Y102.807 Z6.9 E1
G1 X14.176 Y104.59 Z6.9 E1
G1 X23.602 Y104.59 Z6.9 E1
G1 X23.602 Y102.84 Z6.9 E1
G1 X23.647 Y102.683 Z6.9 E1
G1 X23.795 Y102.615 Z6.9 E1
G1 X25.577 Y102.615 Z6.9 E1
G1 X25.577 Y100.832 Z6.9 E1
G1 X25.649 Y100.683 Z6.9 E1
G1 X25.77 Y100.639 Z6.9 E1
G1 X27.553 Y100.639 Z6.9 E1
G1 X27.553 Y77.385 Z6.9 E1
G1 X25.77 Y77.385 Z6.9 E1
G1 X25.681 Y77.354 Z6.9 E1
G0 X49.346 Y76.994 Z6.9
G1 X49.474 Y76.936 Z6.9 E1
G1 X55.432 Y76.936 Z6.9 E1
G1 X55.588 Y76.981 Z6.9 E1
G1 X55.657 Y77.129 Z6.9 E1
G1 X55.657 Y104.59 Z6.9 E1
G1 X57.182 Y104.59 Z6.9 E1
G1 X57.182 Y102.807 Z6.9 E1
G1 X57.26 Y102.653 Z6.9 E1
G1 X57.375 Y102.615 Z6.9 E1
G1 X59.158 Y102.615 Z6.9 E1
G1 X59.158 Y100.832 Z6.9 E1
G1 X59.229 Y100.683 Z6.9 E1
G1 X59.351 Y100.639 Z6.9 E1
G1 X61.133 Y100.639 Z6.9 E1
G1 X61.133 Y77.385 Z6.9 E1
G1 X59.351 Y77.385 Z6.9 E1
G1 X59.229 Y77.342 Z6.9 E1
G1 X59.158 Y77.193 Z6.9 E1
G1 X59.158 Y75.41 Z6.9 E1
G1 X57.407 Y75.41 Z6.9 E1
G1 X57.251 Y75.365 Z6.9 E1
G1 X57.182 Y75.217 Z6.9 E1
G1 X57.182 Y73.435 Z6.9 E1
G1 X49.474 Y73.435 Z6.9 E1
G1 X49.358 Y73.396 Z6.9 E1
G1 X49.281 Y73.242 Z6.9 E1
G1 X49.281 Y71.46 Z6.9 E1
G1 X43.805 Y71.46 Z6.9 E1
G1 X43.805 Y73.242 Z6.9 E1
G1 X43.757 Y73.37 Z6.9 E1
G1 X43.612 Y73.435 Z6.9 E1
G1 X35.904 Y73.435 Z6.9 E1
G1 X35.904 Y75.185 Z6.9 E1
G1 X35.859 Y75.341 Z6.9 E1
G1 X35.711 Y75.41 Z6.9 E1
G1 X33.929 Y75.41 Z6.9 E1
G1 X33.929 Y77.193 Z6.9 E1
G1 X33.858 Y77.342 Z6.9 E1
G1 X33.736 Y77.385 Z6.9 E1
G1 X31.954 Y77.385 Z6.9 E1
G1 X31.954 Y100.639 Z6.9 E1
G1 X33.736 Y100.639 Z6.9 E1
G1 X33.858 Y100.683 Z6.9 E1
G1 X33.929 Y100.832 Z6.9 E1
G1 X33.929 Y102.615 Z6.9 E1
G1 X35.679 Y102.615 Z6.9 E1
G1 X35.827 Y102.653 Z6.9 E1
G1 X35.904 Y102.807 Z6.9 E1
G1 X35.904 Y104.59 Z6.9 E1
G1 X37.429 Y104.59 Z6.9 E1
G1 X37.43 Y77.193 Z6.9 E1
G1 X37.475 Y77.005 Z6.9 E1
G1 X37.622 Y76.936 Z6.9 E1
G1 X43.612 Y76.936 Z6.9 E1
G1 X43.757 Y77.001 Z6.9 E1
G1 X43.805 Y77.129 Z6.9 E1
G1 X43.805 Y104.59 Z6.9 E1
G1 X49.281 Y104.59 Z6.9 E1
G1 X49.281 Y77.129 Z6.9 E1
G1 X49.315 Y77.04 Z6.9 E1
G0 X77.323 Y87.208 Z6.9
G1 X77.329 Y87.205 Z6.9 E1
G1 X77.386 Y87.069 Z6.9 E1
G1 X77.386 Y77.129 Z6.9 E1
G1 X77.318 Y76.982 Z6.9 E1
G1 X77.193 Y76.936 Z6.9 E1
G1 X71.203 Y76.936 Z6.9 E1
G1 X71.055 Y77.005 Z6.9 E1
G1 X71.01 Y77.193 Z6.9 E1
G1 X71.01 Y87.069 Z6.9 E1
G1 X71.058 Y87.197 Z6.9 E1
G1 X71.203 Y87.262 Z6.9 E1
G1 X77.193 Y87.262 Z6.9 E1
G1 X77.267 Y87.231 Z6.9 E1
G0 X65.469 Y87.204 Z6.9
G1 X65.341 Y87.262 Z6.9 E1
G1 X63.558 Y87.262 Z6.9 E1
G1 X63.558 Y90.763 Z6.9 E1
G1 X65.341 Y90.763 Z6.9 E1
G1 X65.485 Y90.828 Z6.9 E1
G1 X65.534 Y90.955 Z6.9 E1
G1 X65.534 Y104.59 Z6.9 E1
G1 X71.01 Y104.59 Z6.9 E1
G1 X71.01 Y90.955 Z6.9 E1
G1 X71.058 Y90.828 Z6.9 E1
G1 X71.203 Y90.763 Z6.9 E1
G1 X77.193 Y90.763 Z6.9 E1
G1 X77.329 Y90.819 Z6.9 E1
G1 X77.386 Y90.955 Z6.9 E1
G1 X77.386 Y104.59 Z6.9 E1
G1 X78.911 Y104.59 Z6.9 E1
G1 X78.911 Y102.807 Z6.9 E1
G1 X78.988 Y102.653 Z6.9 E1
G1 X79.104 Y102.615 Z6.9 E1
G1 X80.886 Y102.615 Z6.9 E1
G1 X80.886 Y100.832 Z6.9 E1
G1 X80.957 Y100.683 Z6.9 E1
G1 X81.079 Y100.639 Z6.9 E1
G1 X82.861 Y100.639 Z6.9 E1
G1 X82.862 Y73.435 Z6.9 E1
G1 X69.485 Y73.435 Z6.9 E1
G1 X69.485 Y75.185 Z6.9 E1
G1 X69.439 Y75.342 Z6.9 E1
G1 X69.292 Y75.41 Z6.9 E1
G1 X67.509 Y75.41 Z6.9 E1
G1 X67.509 Y77.193 Z6.9 E1
G1 X67.438 Y77.342 Z6.9 E1
G1 X67.316 Y77.385 Z6.9 E1
G1 X65.534 Y77.385 Z6.9 E1
G1 X65.534 Y87.069 Z6.9 E1
G1 X65.5 Y87.158 Z6.9 E1
G0 X99.055 Y77.001 Z6.9
G1 X99.046 Y76.982 Z6.9 E1
G1 X98.921 Y76.936 Z6.9 E1
G1 X92.931 Y76.936 Z6.9 E1
G1 X92.783 Y77.005 Z6.9 E1
G1 X92.738 Y77.193 Z6.9 E1
G1 X92.738 Y87.069 Z6.9 E1
G1 X92.786 Y87.197 Z6.9 E1
G1 X92.931 Y87.262 Z6.9 E1
G1 X98.921 Y87.262 Z6.9 E1
G1 X99.069 Y87.193 Z6.9 E1
G1 X99.114 Y87.005 Z6.9 E1
G1 X99.114 Y77.129 Z6.9 E1
G1 X99.08 Y77.056 Z6.9 E1
G0 X92.803 Y93.131 Z6.9
G1 X92.786 Y93.123 Z6.9 E1
G1 X92.738 Y92.995 Z6.9 E1
G1 X92.738 Y90.955 Z6.9 E1
G1 X92.786 Y90.828 Z6.9 E1
G1 X92.931 Y90.763 Z6.9 E1
G1 X100.64 Y90.763 Z6.9 E1
G1 X100.64 Y89.012 Z6.9 E1
G1 X100.685 Y88.856 Z6.9 E1
G1 X100.832 Y88.787 Z6.9 E1
G1 X102.615 Y88.787 Z6.9 E1
G1 X102.615 Y87.005 Z6.9 E1
G1 X102.686 Y86.855 Z6.9 E1
G1 X102.807 Y86.812 Z6.9 E1
G1 X104.59 Y86.812 Z6.9 E1
G1 X104.59 Y73.435 Z6.9 E1
G1 X91.213 Y73.435 Z6.9 E1
G1 X91.213 Y75.185 Z6.9 E1
G1 X91.168 Y75.342 Z6.9 E1
G1 X91.02 Y75.41 Z6.9 E1
G1 X89.237 Y75.41 Z6.9 E1
G1 X89.237 Y77.193 Z6.9 E1
G1 X89.166 Y77.342 Z6.9 E1
G1 X89.045 Y77.385 Z6.9 E1
G1 X87.262 Y77.385 Z6.9 E1
G1 X87.262 Y87.069 Z6.9 E1
G1 X87.214 Y87.197 Z6.9 E1
G1 X87.069 Y87.262 Z6.9 E1
G1 X85.287 Y87.262 Z6.9 E1
G1 X85.287 Y90.763 Z6.9 E1
G1 X87.069 Y90.763 Z6.9 E1
G1 X87.214 Y90.828 Z6.9 E1
G1 X87.262 Y90.955 Z6.9 E1
G1 X87.262 Y92.995 Z6.9 E1
G1 X87.214 Y93.123 Z6.9 E1
G1 X87.069 Y93.188 Z6.9 E1
G1 X85.287 Y93.188 Z6.9 E1
G1 X85.287 Y96.689 Z6.9 E1
G1 X87.069 Y96.689 Z6.9 E1
G1 X87.214 Y96.754 Z6.9 E1
G1 X87.262 Y96.882 Z6.9 E1
G1 X87.262 Y108.54 Z6.9 E1
G1 X92.738 Y108.541 Z6.9 E1
G1 X92.738 Y96.882 Z6.9 E1
G1 X92.786 Y96.754 Z6.9 E1
G1 X92.931 Y96.689 Z6.9 E1
G1 X98.921 Y96.689 Z6.9 E1
G1 X99.046 Y96.735 Z6.9 E1
G1 X99.114 Y96.882 Z6.9 E1
G1 X99.114 Y108.54 Z6.9 E1
G1 X100.903 Y108.54 Z6.9 E1
G1 X100.903 Y106.758 Z6.9 E1
G1 X100.966 Y106.615 Z6.9 E1
G1 X101.095 Y106.565 Z6.9 E1
G1 X102.615 Y106.565 Z6.9 E1
G1 X102.615 Y104.783 Z6.9 E1
G1 X102.686 Y104.633 Z6.9 E1
G1 X102.807 Y104.59 Z6.9 E1
G1 X104.59 Y104.59 Z6.9 E1
G1 X104.59 Y93.188 Z6.9 E1
G1 X92.931 Y93.188 Z6.9 E1
G1 X92.857 Y93.155 Z6.9 E1
G0 X124.403 Y80.952 Z6.9
G1 X124.414 Y80.929 Z6.9 E1
G1 X124.536 Y80.886 Z6.9 E1
G1 X126.318 Y80.886 Z6.9 E1
G1 X126.318 Y73.435 Z6.9 E1
G1 X112.941 Y73.435 Z6.9 E1
G1 X112.941 Y75.185 Z6.9 E1
G1 X112.896 Y75.342 Z6.9 E1
G1 X112.748 Y75.41 Z6.9 E1
G1 X110.966 Y75.41 Z6.9 E1
G1 X110.966 Y77.193 Z6.9 E1
G1 X110.894 Y77.342 Z6.9 E1
G1 X110.773 Y77.385 Z6.9 E1
G1 X108.99 Y77.385 Z6.9 E1
G1 X108.99 Y104.59 Z6.9 E1
G1 X122.368 Y104.59 Z6.9 E1
G1 X122.368 Y102.84 Z6.9 E1
G1 X122.413 Y102.683 Z6.9 E1
G1 X122.56 Y102.615 Z6.9 E1
G1 X124.343 Y102.614 Z6.9 E1
G1 X124.343 Y100.832 Z6.9 E1
G1 X124.42 Y100.678 Z6.9 E1
G1 X124.536 Y100.639 Z6.9 E1
G1 X126.318 Y100.639 Z6.9 E1
G1 X126.318 Y97.139 Z6.9 E1
G1 X124.568 Y97.139 Z6.9 E1
G1 X124.42 Y97.1 Z6.9 E1
G1 X124.343 Y96.946 Z6.9 E1
G1 X124.343 Y95.163 Z6.9 E1
G1 X122.593 Y95.163 Z6.9 E1
G1 X122.445 Y95.125 Z6.9 E1
G1 X122.368 Y94.97 Z6.9 E1
G1 X122.368 Y93.188 Z6.9 E1
G1 X120.842 Y93.188 Z6.9 E1
G1 X120.842 Y100.832 Z6.9 E1
G1 X120.797 Y101.02 Z6.9 E1
G1 X120.649 Y101.089 Z6.9 E1
G1 X114.659 Y101.089 Z6.9 E1
G1 X114.534 Y101.043 Z6.9 E1
G1 X114.466 Y100.896 Z6.9 E1
G1 X114.466 Y77.193 Z6.9 E1
G1 X114.512 Y77.005 Z6.9 E1
G1 X114.659 Y76.936 Z6.9 E1
G1 X120.649 Y76.936 Z6.9 E1
G1 X120.775 Y76.982 Z6.9 E1
G1 X120.842 Y77.129 Z6.9 E1
G1 X120.842 Y84.837 Z6.9 E1
G1 X122.368 Y84.837 Z6.9 E1
G1 X122.368 Y83.054 Z6.9 E1
G1 X122.445 Y82.9 Z6.9 E1
G1 X122.56 Y82.861 Z6.9 E1
G1 X124.343 Y82.861 Z6.9 E1
G1 X124.343 Y81.079 Z6.9 E1
G1 X124.377 Y81.006 Z6.9 E1
G0 X148.109 Y88.855 Z6.9
G1 X148.122 Y88.827 Z6.9 E1
G1 X148.239 Y88.787 Z6.9 E1
G1 X150.022 Y88.787 Z6.9 E1
G1 X150.022 Y87.262 Z6.9 E1
G1 X148.239 Y87.262 Z6.9 E1
G1 X148.122 Y87.222 Z6.9 E1
G1 X148.047 Y87.069 Z6.9 E1
G1 X148.047 Y77.385 Z6.9 E1
G1 X146.264 Y77.385 Z6.9 E1
G1 X146.142 Y77.342 Z6.9 E1
G1 X146.071 Y77.193 Z6.9 E1
G1 X146.071 Y75.41 Z6.9 E1
G1 X144.321 Y75.41 Z6.9 E1
G1 X144.173 Y75.372 Z6.9 E1
G1 X144.096 Y75.217 Z6.9 E1
G1 X144.096 Y73.435 Z6.9 E1
G1 X142.571 Y73.435 Z6.9 E1
G1 X142.571 Y87.069 Z6.9 E1
G1 X142.515 Y87.205 Z6.9 E1
G1 X142.378 Y87.262 Z6.9 E1
G1 X136.388 Y87.262 Z6.9 E1
G1 X136.243 Y87.197 Z6.9 E1
G1 X136.195 Y87.069 Z6.9 E1
G1 X136.195 Y73.435 Z6.9 E1
G1 X134.669 Y73.435 Z6.9 E1
G1 X134.669 Y75.218 Z6.9 E1
G1 X134.592 Y75.372 Z6.9 E1
G1 X134.477 Y75.41 Z6.9 E1
G1 X132.694 Y75.41 Z6.9 E1
G1 X132.694 Y77.193 Z6.9 E1
G1 X132.623 Y77.342 Z6.9 E1
G1 X132.501 Y77.385 Z6.9 E1
G1 X130.719 Y77.385 Z6.9 E1
G1 X130.719 Y87.069 Z6.9 E1
G1 X130.67 Y87.197 Z6.9 E1
G1 X130.526 Y87.262 Z6.9 E1
G1 X128.744 Y87.262 Z6.9 E1
G1 X128.744 Y89.012 Z6.9 E1
G1 X128.705 Y89.16 Z6.9 E1
G1 X128.551 Y89.237 Z6.9 E1
G1 X126.768 Y89.237 Z6.9 E1
G1 X126.768 Y90.763 Z6.9 E1
G1 X130.526 Y90.763 Z6.9 E1
G1 X130.67 Y90.828 Z6.9 E1
G1 X130.719 Y90.955 Z6.9 E1
G1 X130.719 Y104.59 Z6.9 E1
G1 X136.195 Y104.59 Z6.9 E1
G1 X136.195 Y90.955 Z6.9 E1
G1 X136.243 Y90.828 Z6.9 E1
G1 X136.388 Y90.763 Z6.9 E1
G1 X142.378 Y90.763 Z6.9 E1
G1 X142.515 Y90.82 Z6.9 E1
G1 X142.571 Y90.955 Z6.9 E1
G1 X142.571 Y104.59 Z6.9 E1
G1 X144.096 Y104.59 Z6.9 E1
G1 X144.096 Y102.807 Z6.9 E1
G1 X144.173 Y102.653 Z6.9 E1
G1 X144.289 Y102.615 Z6.9 E1
G1 X146.071 Y102.615 Z6.9 E1
G1 X146.071 Y100.832 Z6.9 E1
G1 X146.142 Y100.683 Z6.9 E1
G1 X146.264 Y100.639 Z6.9 E1
G1 X148.047 Y100.639 Z6.9 E1
G1 X148.047 Y88.98 Z6.9 E1
G1 X148.082 Y88.908 Z6.9 E1
G0 X157.982 Y101.023 Z6.9
G1 X157.923 Y100.896 Z6.9 E1
G1 X157.923 Y93.188 Z6.9 E1
G1 X154.423 Y93.188 Z6.9 E1
G1 X154.423 Y94.97 Z6.9 E1
G1 X154.351 Y95.12 Z6.9 E1
G1 X154.23 Y95.163 Z6.9 E1
G1 X152.447 Y95.163 Z6.9 E1
G1 X152.447 Y100.639 Z6.9 E1
G1 X154.23 Y100.639 Z6.9 E1
G1 X154.351 Y100.683 Z6.9 E1
G1 X154.423 Y100.832 Z6.9 E1
G1 X154.423 Y102.614 Z6.9 E1
G1 X156.173 Y102.614 Z6.9 E1
G1 X156.329 Y102.66 Z6.9 E1
G1 X156.398 Y102.807 Z6.9 E1
G1 X156.398 Y104.59 Z6.9 E1
G1 X165.824 Y104.59 Z6.9 E1
G1 X165.824 Y102.84 Z6.9 E1
G1 X165.87 Y102.683 Z6.9 E1
G1 X166.017 Y102.615 Z6.9 E1
G1 X167.8 Y102.615 Z6.9 E1
G1 X167.8 Y100.832 Z6.9 E1
G1 X167.871 Y100.683 Z6.9 E1
G1 X167.993 Y100.639 Z6.9 E1
G1 X169.775 Y100.639 Z6.9 E1
G1 X169.775 Y77.386 Z6.9 E1
G1 X167.993 Y77.386 Z6.9 E1
G1 X167.871 Y77.342 Z6.9 E1
G1 X167.8 Y77.193 Z6.9 E1
G1 X167.8 Y75.41 Z6.9 E1
G1 X166.049 Y75.41 Z6.9 E1
G1 X165.902 Y75.372 Z6.9 E1
G1 X165.824 Y75.217 Z6.9 E1
G1 X165.824 Y73.435 Z6.9 E1
G1 X164.299 Y73.435 Z6.9 E1
G1 X164.299 Y87.069 Z6.9 E1
G1 X164.243 Y87.205 Z6.9 E1
G1 X164.106 Y87.262 Z6.9 E1
G1 X158.116 Y87.262 Z6.9 E1
G1 X157.991 Y87.216 Z6.9 E1
G1 X157.923 Y87.069 Z6.9 E1
G1 X157.923 Y73.435 Z6.9 E1
G1 X156.398 Y73.435 Z6.9 E1
G1 X156.398 Y75.218 Z6.9 E1
G1 X156.321 Y75.372 Z6.9 E1
G1 X156.205 Y75.41 Z6.9 E1
G1 X154.423 Y75.41 Z6.9 E1
G1 X154.423 Y77.193 Z6.9 E1
G1 X154.351 Y77.342 Z6.9 E1
G1 X154.23 Y77.385 Z6.9 E1
G1 X152.447 Y77.385 Z6.9 E1
G1 X152.447 Y90.763 Z6.9 E1
G1 X164.106 Y90.763 Z6.9 E1
G1 X164.243 Y90.82 Z6.9 E1
G1 X164.299 Y90.955 Z6.9 E1
G1 X164.299 Y100.832 Z6.9 E1
G1 X164.254 Y101.02 Z6.9 E1
G1 X164.106 Y101.089 Z6.9 E1
G1 X158.148 Y101.089 Z6.9 E1
G1 X158.027 Y101.054 Z6.9 E1
G0 X15.768 Y76.994 Z7.2
G1 X15.746 Y77.005 Z7.2 E1
G1 X15.701 Y77.193 Z7.2 E1
G1 X15.701 Y100.896 Z7.2 E1
G1 X15.77 Y101.044 Z7.2 E1
G1 X15.926 Y101.089 Z7.2 E1
G1 X21.884 Y101.089 Z7.2 E1
G1 X22.032 Y101.02 Z7.2 E1
G1 X22.077 Y100.832 Z7.2 E1
G1 X22.077 Y77.129 Z7.2 E1
G1 X22.008 Y76.981 Z7.2 E1
G1 X21.852 Y76.936 Z7.2 E1
G1 X15.894 Y76.936 Z7.2 E1
G1 X15.823 Y76.969 Z7.2 E1
G0 X25.638 Y77.319 Z7.2
G1 X25.577 Y77.193 Z7.2 E1
G1 X25.577 Y75.41 Z7.2 E1
G1 X23.827 Y75.41 Z7.2 E1
G1 X23.671 Y75.365 Z7.2 E1
G1 X23.602 Y75.218 Z7.2 E1
G1 X23.602 Y73.435 Z7.2 E1
G1 X14.176 Y73.435 Z7.2 E1
G1 X14.176 Y75.185 Z7.2 E1
G1 X14.13 Y75.342 Z7.2 E1
G1 X13.983 Y75.41 Z7.2 E1
G1 X12.2 Y75.41 Z7.2 E1
G1 X12.2 Y77.193 Z7.2 E1
G1 X12.129 Y77.342 Z7.2 E1
G1 X12.007 Y77.385 Z7.2 E1
G1 X10.225 Y77.385 Z7.2 E1
G1 X10.225 Y100.639 Z7.2 E1
G1 X12.007 Y100.639 Z7.2 E1
G1 X12.129 Y100.683 Z7.2 E1
G1 X12.2 Y100.832 Z7.2 E1
G1 X12.2 Y102.615 Z7.2 E1
G1 X13.951 Y102.615 Z7.2 E1
G1 X14.107 Y102.66 Z7.2 E1
G1 X14.176 Y102.807 Z7.2 E1
G1 X14.176 Y104.59 Z7.2 E1
G1 X23.602 Y104.59 Z7.2 E1
G1 X23.602 Y102.84 Z7.2 E1
G1 X23.647 Y102.683 Z7.2 E1
G1 X23.795 Y102.615 Z7.2 E1
G1 X25.577 Y102.615 Z7.2 E1
G1 X25.577 Y100.832 Z7.2 E1
G1 X25.649 Y100.683 Z7.2 E1
G1 X25.77 Y100.639 Z7.2 E1
G1 X27.553 Y100.639 Z7.2 E1
G1 X27.553 Y77.385 Z7.2 E1
G1 X25.77 Y77.385 Z7.2 E1
G1 X25.681 Y77.354 Z7.2 E1
G0 X49.346 Y76.994 Z7.2
G1 X49.474 Y76.936 Z7.2 E1
G1 X55.432 Y76.936 Z7.2 E1
G1 X55.588 Y76.981 Z7.2 E1
G1 X55.657 Y77.129 Z7.2 E1
G1 X55.657 Y104.59 Z7.2 E1
G1 X57.182 Y104.59 Z7.2 E1
G1 X57.182 Y102.807 Z7.2 E1
G1 X57.26 Y102.653 Z7.2 E1
G1 X57.375 Y102.615 Z7.2 E1
G1 X59.158 Y102.615 Z7.2 E1
G1 X59.158 Y100.832 Z7.2 E1
G1 X59.229 Y100.683 Z7.2 E1
G1 X59.351 Y100.639 Z7.2 E1
G1 X61.133 Y100.639 Z7.2 E1
G1 X61.133 Y77.385 Z7.2 E1
G1 X59.351 Y77.385 Z7.2 E1
G1 X59.229 Y77.342 Z7.2 E1
G1 X59.158 Y77.193 Z7.2 E1
G1 X59.158 Y75.41 Z7.2 E1
G1 X57.407 Y75.41 Z7.2 E1
G1 X57.251 Y75.365 Z7.2 E1
G1 X57.182 Y75.217 Z7.2 E1
G1 X57.182 Y73.435 Z7.2 E1
G1 X49.474 Y73.435 Z7.2 E1
G1 X49.358 Y73.396 Z7.2 E1
G1 X49.281 Y73.242 Z7.2 E1
G1 X49.281 Y71.46 Z7.2 E1
G1 X43.805 Y71.46 Z7.2 E1
G1 X43.805 Y73.242 Z7.2 E1
G1 X43.757 Y73.37 Z7.2 E1
G1 X43.612 Y73.435 Z7.2 E1
G1 X35.904 Y73.435 Z7.2 E1
G1 X35.904 Y75.185 Z7.2 E1
G1 X35.859 Y75.341 Z7.2 E1
G1 X35.711 Y75.41 Z7.2 E1
G1 X33.929 Y75.41 Z7.2 E1
G1 X33.929 Y77.193 Z7.2 E1
G1 X33.858 Y77.342 Z7.2 E1
G1 X33.736 Y77.385 Z7.2 E1
G1 X31.954 Y77.385 Z7.2 E1
G1 X31.954 Y100.639 Z7.2 E1
G1 X33.736 Y100.639 Z7.2 E1
G1 X33.858 Y100.683 Z7.2 E1
G1 X33.929 Y100.832 Z7.2 E1
G1 X33.929 Y102.615 Z7.2 E1
G1 X35.679 Y102.615 Z7.2 E1
G1 X35.827 Y102.653 Z7.2 E1
G1 X35.904 Y102.807 Z7.2 E1
G1 X35.904 Y104.59 Z7.2 E1
G1 X37.429 Y104.59 Z7.2 E1
G1 X37.43 Y77.193 Z7.2 E1
G1 X37.475 Y77.005 Z7.2 E1
G1 X37.622 Y76.936 Z7.2 E1
G1 X43.612 Y76.936 Z7.2 E1
G1 X43.757 Y77.001 Z7.2 E1
G1 X43.805 Y77.129 Z7.2 E1
G1 X43.805 Y104.59 Z7.2 E1
G1 X49.281 Y104.59 Z7.2 E1
G1 X49.281 Y77.129 Z7.2 E1
G1 X49.315 Y77.04 Z7.2 E1
G0 X77.323 Y87.208 Z7.2
G1 X77.329 Y87.205 Z7.2 E1
G1 X77.386 Y87.069 Z7.2 E1
G1 X77.386 Y77.129 Z7.2 E1
G1 X77.318 Y76.982 Z7.2 E1
G1 X77.193 Y76.936 Z7.2 E1
G1 X71.203 Y76.936 Z7.2 E1
G1 X71.055 Y77.005 Z7.2 E1
G1 X71.01 Y77.193 Z7.2 E1
G1 X71.01 Y87.069 Z7.2 E1
G1 X71.058 Y87.197 Z7.2 E1
G1 X71.203 Y87.262 Z7.2 E1
G1 X77.193 Y87.262 Z7.2 E1
G1 X77.267 Y87.231 Z7.2 E1
G0 X65.469 Y87.204 Z7.2
G1 X65.341 Y87.262 Z7.2 E1
G1 X63.558 Y87.262 Z7.2 E1
G1 X63.558 Y90.763 Z7.2 E1
G1 X65.341 Y90.763 Z7.2 E1
G1 X65.485 Y90.828 Z7.2 E1
G1 X65.534 Y90.955 Z7.2 E1
G1 X65.534 Y104.59 Z7.2 E1
G1 X71.01 Y104.59 Z7.2 E1
G1 X71.01 Y90.955 Z7.2 E1
G1 X71.058 Y90.828 Z7.2 E1
G1 X71.203 Y90.763 Z7.2 E1
G1 X77.193 Y90.763 Z7.2 E1
G1 X77.329 Y90.819 Z7.2 E1
G1 X77.386 Y90.955 Z7.2 E1
G1 X77.386 Y104.59 Z7.2 E1
G1 X78.911 Y104.59 Z7.2 E1
G1 X78.911 Y102.807 Z7.2 E1
G1 X78.988 Y102.653 Z7.2 E1
G1 X79.104 Y102.615 Z7.2 E1
G1 X80.886 Y102.615 Z7.2 E1
G1 X80.886 Y100.832 Z7.2 E1
G1 X80.957 Y100.683 Z7.2 E1
G1 X81.079 Y100.639 Z7.2 E1
G1 X82.861 Y100.639 Z7.2 E1
G1 X82.862 Y73.435 Z7.2 E1
G1 X69.485 Y73.435 Z7.2 E1
G1 X69.485 Y75.185 Z7.2 E1
G1 X69.439 Y75.342 Z7.2 E1
G1 X69.292 Y75.41 Z7.2 E1
G1 X67.509 Y75.41 Z7.2 E1
G1 X67.509 Y77.193 Z7.2 E1
G1 X67.438 Y77.342 Z7.2 E1
G1 X67.316 Y77.385 Z7.2 E1
G1 X65.534 Y77.385 Z7.2 E1
G1 X65.534 Y87.069 Z7.2 E1
G1 X65.5 Y87.158 Z7.2 E1
G0 X99.055 Y77.001 Z7.2
G1 X99.046 Y76.982 Z7.2 E1
G1 X98.921 Y76.936 Z7.2 E1
G1 X92.931 Y76.936 Z7.2 E1
G1 X92.783 Y77.005 Z7.2 E1
G1 X92.738 Y77.193 Z7.2 E1
G1 X92.738 Y87.069 Z7.2 E1
G1 X92.786 Y87.197 Z7.2 E1
G1 X92.931 Y87.262 Z7.2 E1
G1 X98.921 Y87.262 Z7.2 E1
G1 X99.069 Y87.193 Z7.2 E1
G1 X99.114 Y87.005 Z7.2 E1
G1 X99.114 Y77.129 Z7.2 E1
G1 X99.08 Y77.056 Z7.2 E1
G0 X92.803 Y93.131 Z7.2
G1 X92.786 Y93.123 Z7.2 E1
G1 X92.738 Y92.995 Z7.2 E1
G1 X92.738 Y90.955 Z7.2 E1
G1 X92.786 Y90.828 Z7.2 E1
G1 X92.931 Y90.763 Z7.2 E1
G1 X100.64 Y90.763 Z7.2 E1
G1 X100.64 Y89.012 Z7.2 E1
G1 X100.685 Y88.856 Z7.2 E1
G1 X100.832 Y88.787 Z7.2 E1
G1 X102.615 Y88.787 Z7.2 E1
G1 X102.615 Y87.005 Z7.2 E1
G1 X102.686 Y86.855 Z7.2 E1
G1 X102.807 Y86.812 Z7.2 E1
G1 X104.59 Y86.812 Z7.2 E1
G1 X104.59 Y73.435 Z7.2 E1
G1 X91.213 Y73.435 Z7.2 E1
G1 X91.213 Y75.185 Z7.2 E1
G1 X91.168 Y75.342 Z7.2 E1
G1 X91.02 Y75.41 Z7.2 E1
G1 X89.237 Y75.41 Z7.2 E1
G1 X89.237 Y77.193 Z7.2 E1
G1 X89.166 Y77.342 Z7.2 E1
G1 X89.045 Y77.385 Z7.2 E1
G1 X87.262 Y77.385 Z7.2 E1
G1 X87.262 Y87.069 Z7.2 E1
G1 X87.214 Y87.197 Z7.2 E1
G1 X87.069 Y87.262 Z7.2 E1
G1 X85.287 Y87.262 Z7.2 E1
G1 X85.287 Y90.763 Z7.2 E1
G1 X87.069 Y90.763 Z7.2 E1
G1 X87.214 Y90.828 Z7.2 E1
G1 X87.262 Y90.955 Z7.2 E1
G1 X87.262 Y92.995 Z7.2 E1
G1 X87.214 Y93.123 Z7.2 E1
G1 X87.069 Y93.188 Z7.2 E1
G1 X85.287 Y93.188 Z7.2 E1
G1 X85.287 Y96.689 Z7.2 E1
G1 X87.069 Y96.689 Z7.2 E1
G1 X87.214 Y96.754 Z7.2 E1
G1 X87.262 Y96.882 Z7.2 E1
G1 X87.262 Y108.54 Z7.2 E1
G1 X92.738 Y108.541 Z7.2 E1
G1 X92.738 Y96.882 Z7.2 E1
G1 X92.786 Y96.754 Z7.2 E1
G1 X92.931 Y96.689 Z7.2 E1
G1 X98.921 Y96.689 Z7.2 E1
G1 X99.046 Y96.735 Z7.2 E1
G1 X99.114 Y96.882 Z7.2 E1
G1 X99.114 Y108.54 Z7.2 E1
G1 X100.903 Y108.54 Z7.2 E1
G1 X100.903 Y106.758 Z7.2 E1
G1 X100.966 Y106.615 Z7.2 E1
G1 X101.095 Y106.565 Z7.2 E1
G1 X102.615 Y106.565 Z7.2 E1
G1 X102.615 Y104.783 Z7.2 E1
G1 X102.686 Y104.633 Z7.2 E1
G1 X102.807 Y104.59 Z7.2 E1
G1 X104.59 Y104.59 Z7.2 E1
G1 X104.59 Y93.188 Z7.2 E1
G1 X92.931 Y93.188 Z7.2 E1
G1 X92.857 Y93.155 Z7.2 E1
G0 X124.403 Y80.952 Z7.2
G1 X124.414 Y80.929 Z7.2 E1
G1 X124.536 Y80.886 Z7.2 E1
G1 X126.318 Y80.886 Z7.2 E1
G1 X126.318 Y73.435 Z7.2 E1
G1 X112.941 Y73.435 Z7.2 E1
G1 X112.941 Y75.185 Z7.2 E1
G1 X112.896 Y75.342 Z7.2 E1
G1 X112.748 Y75.41 Z7.2 E1
G1 X110.966 Y75.41 Z7.2 E1
G1 X110.966 Y77.193 Z7.2 E1
G1 X110.894 Y77.342 Z7.2 E1
G1 X110.773 Y77.385 Z7.2 E1
G1 X108.99 Y77.385 Z7.2 E1
G1 X108.99 Y104.59 Z7.2 E1
G1 X122.368 Y104.59 Z7.2 E1
G1 X122.368 Y102.84 Z7.2 E1
G1 X122.413 Y102.683 Z7.2 E1
G1 X122.56 Y102.615 Z7.2 E1
G1 X124.343 Y102.614 Z7.2 E1
G1 X124.343 Y100.832 Z7.2 E1
G1 X124.42 Y100.678 Z7.2 E1
G1 X124.536 Y100.639 Z7.2 E1
G1 X126.318 Y100.639 Z7.2 E1
G1 X126.318 Y97.139 Z7.2 E1
G1 X124.568 Y97.139 Z7.2 E1
G1 X124.42 Y97.1 Z7.2 E1
G1 X124.343 Y96.946 Z7.2 E1
G1 X124.343 Y95.163 Z7.2 E1
G1 X122.593 Y95.163 Z7.2 E1
G1 X122.445 Y95.125 Z7.2 E1
G1 X122.368 Y94.97 Z7.2 E1
G1 X122.368 Y93.188 Z7.2 E1
G1 X120.842 Y93.188 Z7.2 E1
G1 X120.842 Y100.832 Z7.2 E1
G1 X120.797 Y101.02 Z7.2 E1
G1 X120.649 Y101.089 Z7.2 E1
G1 X114.659 Y101.089 Z7.2 E1
G1 X114.534 Y101.043 Z7.2 E1
G1 X114.466 Y100.896 Z7.2 E1
G1 X114.466 Y77.193 Z7.2 E1
G1 X114.512 Y77.005 Z7.2 E1
G1 X114.659 Y76.936 Z7.2 E1
G1 X120.649 Y76.936 Z7.2 E1
G1 X120.775 Y76.982 Z7.2 E1
G1 X120.842 Y77.129 Z7.2 E1
G1 X120.842 Y84.837 Z7.2 E1
G1 X122.368 Y84.837 Z7.2 E1
G1 X122.368 Y83.054 Z7.2 E1
G1 X122.445 Y82.9 Z7.2 E1
G1 X122.56 Y82.861 Z7.2 E1
G1 X124.343 Y82.861 Z7.2 E1
G1 X124.343 Y81.079 Z7.2 E1
G1 X124.377 Y81.006 Z7.2 E1
G0 X148.109 Y88.855 Z7.2
G1 X148.122 Y88.827 Z7.2 E1
G1 X148.239 Y88.787 Z7.2 E1
G1 X150.022 Y88.787 Z7.2 E1
G1 X150.022 Y87.262 Z7.2 E1
G1 X148.239 Y87.262 Z7.2 E1
G1 X148.122 Y87.222 Z7.2 E1
G1 X148.047 Y87.069 Z7.2 E1
G1 X148.047 Y77.385 Z7.2 E1
G1 X146.264 Y77.385 Z7.2 E1
G1 X146.142 Y77.342 Z7.2 E1
G1 X146.071 Y77.193 Z7.2 E1
G1 X146.071 Y75.41 Z7.2 E1
G1 X144.321 Y75.41 Z7.2 E1
G1 X144.173 Y75.372 Z7.2 E1
G1 X144.096 Y75.217 Z7.2 E1
G1 X144.096 Y73.435 Z7.2 E1
G1 X142.571 Y73.435 Z7.2 E1
G1 X142.571 Y87.069 Z7.2 E1
G1 X142.515 Y87.205 Z7.2 E1
G1 X142.378 Y87.262 Z7.2 E1
G1 X136.388 Y87.262 Z7.2 E1
G1 X136.243 Y87.197 Z7.2 E1
G1 X136.195 Y87.069 Z7.2 E1
G1 X136.195 Y73.435 Z7.2 E1
G1 X134.669 Y73.435 Z7.2 E1
G1 X134.669 Y75.218 Z7.2 E1
G1 X134.592 Y75.372 Z7.2 E1
G1 X134.477 Y75.41 Z7.2 E1
G1 X132.694 Y75.41 Z7.2 E1
G1 X132.694 Y77.193 Z7.2 E1
G1 X132.623 Y77.342 Z7.2 E1
G1 X132.501 Y77.385 Z7.2 E1
G1 X130.719 Y77.385 Z7.2 E1
G1 X130.719 Y87.069 Z7.2 E1
G1 X130.67 Y87.197 Z7.2 E1
G1 X130.526 Y87.262 Z7.2 E1
G1 X128.744 Y87.262 Z7.2 E1
G1 X128.744 Y89.012 Z7.2 E1
G1 X128.705 Y89.16 Z7.2 E1
G1 X128.551 Y89.237 Z7.2 E1
G1 X126.768 Y89.237 Z7.2 E1
G1 X126.768 Y90.763 Z7.2 E1
G1 X130.526 Y90.763 Z7.2 E1
G1 X130.67 Y90.828 Z7.2 E1
G1 X130.719 Y90.955 Z7.2 E1
G1 X130.719 Y104.59 Z7.2 E1
G1 X136.195 Y104.59 Z7.2 E1
G1 X136.195 Y90.955 Z7.2 E1
G1 X136.243 Y90.828 Z7.2 E1
G1 X136.388 Y90.763 Z7.2 E1
G1 X142.378 Y90.763 Z7.2 E1
G1 X142.515 Y90.82 Z7.2 E1
G1 X142.571 Y90.955 Z7.2 E1
G1 X142.571 Y104.59 Z7.2 E1
G1 X144.096 Y104.59 Z7.2 E1
G1 X144.096 Y102.807 Z7.2 E1
G1 X144.173 Y102.653 Z7.2 E1
G1 X144.289 Y102.615 Z7.2 E1
G1 X146.071 Y102.615 Z7.2 E1
G1 X146.071 Y100.832 Z7.2 E1
G1 X146.142 Y100.683 Z7.2 E1
G1 X146.264 Y100.639 Z7.2 E1
G1 X148.047 Y100.639 Z7.2 E1
G1 X148.047 Y88.98 Z7.2 E1
G1 X148.082 Y88.908 Z7.2 E1
G0 X157.982 Y101.023 Z7.2
G1 X157.923 Y100.896 Z7.2 E1
G1 X157.923 Y93.188 Z7.2 E1
G1 X154.423 Y93.188 Z7.2 E1
G1 X154.423 Y94.97 Z7.2 E1
G1 X154.351 Y95.12 Z7.2 E1
G1 X154.23 Y95.163 Z7.2 E1
G1 X152.447 Y95.163 Z7.2 E1
G1 X152.447 Y100.639 Z7.2 E1
G1 X154.23 Y100.639 Z7.2 E1
G1 X154.351 Y100.683 Z7.2 E1
G1 X154.423 Y100.832 Z7.2 E1
G1 X154.423 Y102.614 Z7.2 E1
G1 X156.173 Y102.614 Z7.2 E1
G1 X156.329 Y102.66 Z7.2 E1
G1 X156.398 Y102.807 Z7.2 E1
G1 X156.398 Y104.59 Z7.2 E1
G1 X165.824 Y104.59 Z7.2 E1
G1 X165.824 Y102.84 Z7.2 E1
G1 X165.87 Y102.683 Z7.2 E1
G1 X166.017 Y102.615 Z7.2 E1
G1 X167.8 Y102.615 Z7.2 E1
G1 X167.8 Y100.832 Z7.2 E1
G1 X167.871 Y100.683 Z7.2 E1
G1 X167.993 Y100.639 Z7.2 E1
G1 X169.775 Y100.639 Z7.2 E1
G1 X169.775 Y77.386 Z7.2 E1
G1 X167.993 Y77.386 Z7.2 E1
G1 X167.871 Y77.342 Z7.2 E1
G1 X167.8 Y77.193 Z7.2 E1
G1 X167.8 Y75.41 Z7.2 E1
G1 X166.049 Y75.41 Z7.2 E1
G1 X165.902 Y75.372 Z7.2 E1
G1 X165.824 Y75.217 Z7.2 E1
G1 X165.824 Y73.435 Z7.2 E1
G1 X164.299 Y73.435 Z7.2 E1
G1 X164.299 Y87.069 Z7.2 E1
G1 X164.243 Y87.205 Z7.2 E1
G1 X164.106 Y87.262 Z7.2 E1
G1 X158.116 Y87.262 Z7.2 E1
G1 X157.991 Y87.216 Z7.2 E1
G1 X157.923 Y87.069 Z7.2 E1
G1 X157.923 Y73.435 Z7.2 E1
G1 X156.398 Y73.435 Z7.2 E1
G1 X156.398 Y75.218 Z7.2 E1
G1 X156.321 Y75.372 Z7.2 E1
G1 X156.205 Y75.41 Z7.2 E1
G1 X154.423 Y75.41 Z7.2 E1
G1 X154.423 Y77.193 Z7.2 E1
G1 X154.351 Y77.342 Z7.2 E1
G1 X154.23 Y77.385 Z7.2 E1
G1 X152.447 Y77.385 Z7.2 E1
G1 X152.447 Y90.763 Z7.2 E1
G1 X164.106 Y90.763 Z7.2 E1
G1 X164.243 Y90.82 Z7.2 E1
G1 X164.299 Y90.955 Z7.2 E1
G1 X164.299 Y100.832 Z7.2 E1
G1 X164.254 Y101.02 Z7.2 E1
G1 X164.106 Y101.089 Z7.2 E1
G1 X158.148 Y101.089 Z7.2 E1
G1 X158.027 Y101.054 Z7.2 E1
G0 X15.768 Y76.994 Z7.5
G1 X15.746 Y77.005 Z7.5 E1
G1 X15.701 Y77.193 Z7.5 E1
G1 X15.701 Y100.896 Z7.5 E1
G1 X15.77 Y101.044 Z7.5 E1
G1 X15.926 Y101.089 Z7.5 E1
G1 X21.884 Y101.089 Z7.5 E1
G1 X22.032 Y101.02 Z7.5 E1
G1 X22.077 Y100.832 Z7.5 E1
G1 X22.077 Y77.129 Z7.5 E1
G1 X22.008 Y76.981 Z7.5 E1
G1 X21.852 Y76.936 Z7.5 E1
G1 X15.894 Y76.936 Z7.5 E1
G1 X15.823 Y76.969 Z7.5 E1
G0 X25.638 Y77.319 Z7.5
G1 X25.577 Y77.193 Z7.5 E1
G1 X25.577 Y75.41 Z7.5 E1
G1 X23.827 Y75.41 Z7.5 E1
G1 X23.671 Y75.365 Z7.5 E1
G1 X23.602 Y75.218 Z7.5 E1
G1 X23.602 Y73.435 Z7.5 E1
G1 X14.176 Y73.435 Z7.5 E1
G1 X14.176 Y75.185 Z7.5 E1
G1 X14.13 Y75.342 Z7.5 E1
G1 X13.983 Y75.41 Z7.5 E1
G1 X12.2 Y75.41 Z7.5 E1
G1 X12.2 Y77.193 Z7.5 E1
G1 X12.129 Y77.342 Z7.5 E1
G1 X12.007 Y77.385 Z7.5 E1
G1 X10.225 Y77.385 Z7.5 E1
G1 X10.225 Y100.639 Z7.5 E1
G1 X12.007 Y100.639 Z7.5 E1
G1 X12.129 Y100.683 Z7.5 E1
G1 X12.2 Y100.832 Z7.5 E1
G1 X12.2 Y102.615 Z7.5 E1
G1 X13.951 Y102.615 Z7.5 E1
G1 X14.107 Y102.66 Z7.5 E1
G1 X14.176 Y102.807 Z7.5 E1
G1 X14.176 Y104.59 Z7.5 E1
G1 X23.602 Y104.59 Z7.5 E1
G1 X23.602 Y102.84 Z7.5 E1
G1 X23.647 Y102.683 Z7.5 E1
G1 X23.795 Y102.615 Z7.5 E1
G1 X25.577 Y102.615 Z7.5 E1
G1 X25.577 Y100.832 Z7.5 E1
G1 X25.649 Y100.683 Z7.5 E1
G1 X25.77 Y100.639 Z7.5 E1
G1 X27.553 Y100.639 Z7.5 E1
G1 X27.553 Y77.385 Z7.5 E1
G1 X25.77 Y77.385 Z7.5 E1
G1 X25.681 Y77.354 Z7.5 E1
G0 X49.346 Y76.994 Z7.5
G1 X49.474 Y76.936 Z7.5 E1
G1 X55.432 Y76.936 Z7.5 E1
G1 X55.588 Y76.981 Z7.5 E1
G1 X55.657 Y77.129 Z7.5 E1
G1 X55.657 Y104.59 Z7.5 E1
G1 X57.182 Y104.59 Z7.5 E1
G1 X57.182 Y102.807 Z7.5 E1
G1 X57.26 Y102.653 Z7.5 E1
G1 X57.375 Y102.615 Z7.5 E1
G1 X59.158 Y102.615 Z7.5 E1
G1 X59.158 Y100.832 Z7.5 E1
G1 X59.229 Y100.683 Z7.5 E1
G1 X59.351 Y100.639 Z7.5 E1
G1 X61.133 Y100.639 Z7.5 E1
G1 X61.133 Y77.385 Z7.5 E1
G1 X59.351 Y77.385 Z7.5 E1
G1 X59.229 Y77.342 Z7.5 E1
G1 X59.158 Y77.193 Z7.5 E1
G1 X59.158 Y75.41 Z7.5 E1
G1 X57.407 Y75.41 Z7.5 E1
G1 X57.251 Y75.365 Z7.5 E1
G1 X57.182 Y75.217 Z7.5 E1
G1 X57.182 Y73.435 Z7.5 E1
G1 X49.474 Y73.435 Z7.5 E1
G1 X49.358 Y73.396 Z7.5 E1
G1 X49.281 Y73.242 Z7.5 E1
G1 X49.281 Y71.46 Z7.5 E1
G1 X43.805 Y71.46 Z7.5 E1
G1 X43.805 Y73.242 Z7.5 E1
G1 X43.757 Y73.37 Z7.5 E1
G1 X43.612 Y73.435 Z7.5 E1
G1 X35.904 Y73.435 Z7.5 E1
G1 X35.904 Y75.185 Z7.5 E1
G1 X35.859 Y75.341 Z7.5 E1
G1 X35.711 Y75.41 Z7.5 E1
G1 X33.929 Y75.41 Z7.5 E1
G1 X33.929 Y77.193 Z7.5 E1
G1 X33.858 Y77.342 Z7.5 E1
G1 X33.736 Y77.385 Z7.5 E1
G1 X31.954 Y77.385 Z7.5 E1
G1 X31.954 Y100.639 Z7.5 E1
G1 X33.736 Y100.639 Z7.5 E1
G1 X33.858 Y100.683 Z7.5 E1
G1 X33.929 Y100.832 Z7.5 E1
G1 X33.929 Y102.615 Z7.5 E1
G1 X35.679 Y102.615 Z7.5 E1
G1 X35.827 Y102.653 Z7.5 E1
G1 X35.904 Y102.807 Z7.5 E1
G1 X35.904 Y104.59 Z7.5 E1
G1 X37.429 Y104.59 Z7.5 E1
G1 X37.43 Y77.193 Z7.5 E1
G1 X37.475 Y77.005 Z7.5 E1
G1 X37.622 Y76.936 Z7.5 E1
G1 X43.612 Y76.936 Z7.5 E1
G1 X43.757 Y77.001 Z7.5 E1
G1 X43.805 Y77.129 Z7.5 E1
G1 X43.805 Y104.59 Z7.5 E1
G1 X49.281 Y104.59 Z7.5 E1
G1 X49.281 Y77.129 Z7.5 E1
G1 X49.315 Y77.04 Z7.5 E1
G0 X77.323 Y87.208 Z7.5
G1 X77.329 Y87.205 Z7.5 E1
G1 X77.386 Y87.069 Z7.5 E1
G1 X77.386 Y77.129 Z7.5 E1
G1 X77.318 Y76.982 Z7.5 E1
G1 X77.193 Y76.936 Z7.5 E1
G1 X71.203 Y76.936 Z7.5 E1
G1 X71.055 Y77.005 Z7.5 E1
G1 X71.01 Y77.193 Z7.5 E1
G1 X71.01 Y87.069 Z7.5 E1
G1 X71.058 Y87.197 Z7.5 E1
G1 X71.203 Y87.262 Z7.5 E1
G1 X77.193 Y87.262 Z7.5 E1
G1 X77.267 Y87.231 Z7.5 E1
G0 X65.469 Y87.204 Z7.5
G1 X65.341 Y87.262 Z7.5 E1
G1 X63.558 Y87.262 Z7.5 E1
G1 X63.558 Y90.763 Z7.5 E1
G1 X65.341 Y90.763 Z7.5 E1
G1 X65.485 Y90.828 Z7.5 E1
G1 X65.534 Y90.955 Z7.5 E1
G1 X65.534 Y104.59 Z7.5 E1
G1 X71.01 Y104.59 Z7.5 E1
G1 X71.01 Y90.955 Z7.5 E1
G1 X71.058 Y90.828 Z7.5 E1
G1 X71.203 Y90.763 Z7.5 E1
G1 X77.193 Y90.763 Z7.5 E1
G1 X77.329 Y90.819 Z7.5 E1
G1 X77.386 Y90.955 Z7.5 E1
G1 X77.386 Y104.59 Z7.5 E1
G1 X78.911 Y104.59 Z7.5 E1
G1 X78.911 Y102.807 Z7.5 E1
G1 X78.988 Y102.653 Z7.5 E1
G1 X79.104 Y102.615 Z7.5 E1
G1 X80.886 Y102.615 Z7.5 E1
G1 X80.886 Y100.832 Z7.5 E1
G1 X80.957 Y100.683 Z7.5 E1
G1 X81.079 Y100.639 Z7.5 E1
G1 X82.861 Y100.639 Z7.5 E1
G1 X82.862 Y73.435 Z7.5 E1
G1 X69.485 Y73.435 Z7.5 E1
G1 X69.485 Y75.185 Z7.5 E1
G1 X69.439 Y75.342 Z7.5 E1
G1 X69.292 Y75.41 Z7.5 E1
G1 X67.509 Y75.41 Z7.5 E1
G1 X67.509 Y77.193 Z7.5 E1
G1 X67.438 Y77.342 Z7.5 E1
G1 X67.316 Y77.385 Z7.5 E1
G1 X65.534 Y77.385 Z7.5 E1
G1 X65.534 Y87.069 Z7.5 E1
G1 X65.5 Y87.158 Z7.5 E1
G0 X99.055 Y77.001 Z7.5
G1 X99.046 Y76.982 Z7.5 E1
G1 X98.921 Y76.936 Z7.5 E1
G1 X92.931 Y76.936 Z7.5 E1
G1 X92.783 Y77.005 Z7.5 E1
G1 X92.738 Y77.193 Z7.5 E1
G1 X92.738 Y87.069 Z7.5 E1
G1 X92.786 Y87.197 Z7.5 E1
G1 X92.931 Y87.262 Z7.5 E1
G1 X98.921 Y87.262 Z7.5 E1
G1 X99.069 Y87.193 Z7.5 E1
G1 X99.114 Y87.005 Z7.5 E1
G1 X99.114 Y77.129 Z7.5 E1
G1 X99.08 Y77.056 Z7.5 E1
G0 X92.803 Y93.131 Z7.5
G1 X92.786 Y93.123 Z7.5 E1
G1 X92.738 Y92.995 Z7.5 E1
G1 X92.738 Y90.955 Z7.5 E1
G1 X92.786 Y90.828 Z7.5 E1
G1 X92.931 Y90.763 Z7.5 E1
G1 X100.64 Y90.763 Z7.5 E1
G1 X100.64 Y89.012 Z7.5 E1
G1 X100.685 Y88.856 Z7.5 E1
G1 X100.832 Y88.787 Z7.5 E1
G1 X102.615 Y88.787 Z7.5 E1
G1 X102.615 Y87.005 Z7.5 E1
G1 X102.686 Y86.855 Z7.5 E1
G1 X102.807 Y86.812 Z7.5 E1
G1 X104.59 Y86.812 Z7.5 E1
G1 X104.59 Y73.435 Z7.5 E1
G1 X91.213 Y73.435 Z7.5 E1
G1 X91.213 Y75.185 Z7.5 E1
G1 X91.168 Y75.342 Z7.5 E1
G1 X91.02 Y75.41 Z7.5 E1
G1 X89.237 Y75.41 Z7.5 E1
G1 X89.237 Y77.193 Z7.5 E1
G1 X89.166 Y77.342 Z7.5 E1
G1 X89.045 Y77.385 Z7.5 E1
G1 X87.262 Y77.385 Z7.5 E1
G1 X87.262 Y87.069 Z7.5 E1
G1 X87.214 Y87.197 Z7.5 E1
G1 X87.069 Y87.262 Z7.5 E1
G1 X85.287 Y87.262 Z7.5 E1
G1 X85.287 Y90.763 Z7.5 E1
G1 X87.069 Y90.763 Z7.5 E1
G1 X87.214 Y90.828 Z7.5 E1
G1 X87.262 Y90.955 Z7.5 E1
G1 X87.262 Y92.995 Z7.5 E1
G1 X87.214 Y93.123 Z7.5 E1
G1 X87.069 Y93.188 Z7.5 E1
G1 X85.287 Y93.188 Z7.5 E1
G1 X85.287 Y96.689 Z7.5 E1
G1 X87.069 Y96.689 Z7.5 E1
G1 X87.214 Y96.754 Z7.5 E1
G1 X87.262 Y96.882 Z7.5 E1
G1 X87.262 Y108.54 Z7.5 E1
G1 X92.738 Y108.541 Z7.5 E1
G1 X92.738 Y96.882 Z7.5 E1
G1 X92.786 Y96.754 Z7.5 E1
G1 X92.931 Y96.689 Z7.5 E1
G1 X98.921 Y96.689 Z7.5 E1
G1 X99.046 Y96.735 Z7.5 E1
G1 X99.114 Y96.882 Z7.5 E1
G1 X99.114 Y108.54 Z7.5 E1
G1 X100.903 Y108.54 Z7.5 E1
G1 X100.903 Y106.758 Z7.5 E1
G1 X100.966 Y106.615 Z7.5 E1
G1 X101.095 Y106.565 Z7.5 E1
G1 X102.615 Y106.565 Z7.5 E1
G1 X102.615 Y104.783 Z7.5 E1
G1 X102.686 Y104.633 Z7.5 E1
G1 X102.807 Y104.59 Z7.5 E1
G1 X104.59 Y104.59 Z7.5 E1
G1 X104.59 Y93.188 Z7.5 E1
G1 X92.931 Y93.188 Z7.5 E1
G1 X92.857 Y93.155 Z7.5 E1
G0 X124.403 Y80.952 Z7.5
G1 X124.414 Y80.929 Z7.5 E1
G1 X124.536 Y80.886 Z7.5 E1
G1 X126.318 Y80.886 Z7.5 E1
G1 X126.318 Y73.435 Z7.5 E1
G1 X112.941 Y73.435 Z7.5 E1
G1 X112.941 Y75.185 Z7.5 E1
G1 X112.896 Y75.342 Z7.5 E1
G1 X112.748 Y75.41 Z7.5 E1
G1 X110.966 Y75.41 Z7.5 E1
G1 X110.966 Y77.193 Z7.5 E1
G1 X110.894 Y77.342 Z7.5 E1
G1 X110.773 Y77.385 Z7.5 E1
G1 X108.99 Y77.385 Z7.5 E1
G1 X108.99 Y104.59 Z7.5 E1
G1 X122.368 Y104.59 Z7.5 E1
G1 X122.368 Y102.84 Z7.5 E1
G1 X122.413 Y102.683 Z7.5 E1
G1 X122.56 Y102.615 Z7.5 E1
G1 X124.343 Y102.614 Z7.5 E1
G1 X124.343 Y100.832 Z7.5 E1
G1 X124.42 Y100.678 Z7.5 E1
G1 X124.536 Y100.639 Z7.5 E1
G1 X126.318 Y100.639 Z7.5 E1
G1 X126.318 Y97.139 Z7.5 E1
G1 X124.568 Y97.139 Z7.5 E1
G1 X124.42 Y97.1 Z7.5 E1
G1 X124.343 Y96.946 Z7.5 E1
G1 X124.343 Y95.163 Z7.5 E1
G1 X122.593 Y95.163 Z7.5 E1
G1 X122.445 Y95.125 Z7.5 E1
G1 X122.368 Y94.97 Z7.5 E1
G1 X122.368 Y93.188 Z7.5 E1
G1 X120.842 Y93.188 Z7.5 E1
G1 X120.842 Y100.832 Z7.5 E1
G1 X120.797 Y101.02 Z7.5 E1
G1 X120.649 Y101.089 Z7.5 E1
G1 X114.659 Y101.089 Z7.5 E1
G1 X114.534 Y101.043 Z7.5 E1
G1 X114.466 Y100.896 Z7.5 E1
G1 X114.466 Y77.193 Z7.5 E1
G1 X114.512 Y77.005 Z7.5 E1
G1 X114.659 Y76.936 Z7.5 E1
G1 X120.649 Y76.936 Z7.5 E1
G1 X120.775 Y76.982 Z7.5 E1
G1 X120.842 Y77.129 Z7.5 E1
G1 X120.842 Y84.837 Z7.5 E1
G1 X122.368 Y84.837 Z7.5 E1
G1 X122.368 Y83.054 Z7.5 E1
G1 X122.445 Y82.9 Z7.5 E1
G1 X122.56 Y82.861 Z7.5 E1
G1 X124.343 Y82.861 Z7.5 E1
G1 X124.343 Y81.079 Z7.5 E1
G1 X124.377 Y81.006 Z7.5 E1
G0 X148.109 Y88.855 Z7.5
G1 X148.122 Y88.827 Z7.5 E1
G1 X148.239 Y88.787 Z7.5 E1
G1 X150.022 Y88.787 Z7.5 E1
G1 X150.022 Y87.262 Z7.5 E1
G1 X148.239 Y87.262 Z7.5 E1
G1 X148.122 Y87.222 Z7.5 E1
G1 X148.047 Y87.069 Z7.5 E1
G1 X148.047 Y77.385 Z7.5 E1
G1 X146.264 Y77.385 Z7.5 E1
G1 X146.142 Y77.342 Z7.5 E1
G1 X146.071 Y77.193 Z7.5 E1
G1 X146.071 Y75.41 Z7.5 E1
G1 X144.321 Y75.41 Z7.5 E1
G1 X144.173 Y75.372 Z7.5 E1
G1 X144.096 Y75.217 Z7.5 E1
G1 X144.096 Y73.435 Z7.5 E1
G1 X142.571 Y73.435 Z7.5 E1
G1 X142.571 Y87.069 Z7.5 E1
G1 X142.515 Y87.205 Z7.5 E1
G1 X142.378 Y87.262 Z7.5 E1
G1 X136.388 Y87.262 Z7.5 E1
G1 X136.243 Y87.197 Z7.5 E1
G1 X136.195 Y87.069 Z7.5 E1
G1 X136.195 Y73.435 Z7.5 E1
G1 X134.669 Y73.435 Z7.5 E1
G1 X134.669 Y75.218 Z7.5 E1
G1 X134.592 Y75.372 Z7.5 E1
G1 X134.477 Y75.41 Z7.5 E1
G1 X132.694 Y75.41 Z7.5 E1
G1 X132.694 Y77.193 Z7.5 E1
G1 X132.623 Y77.342 Z7.5 E1
G1 X132.501 Y77.385 Z7.5 E1
G1 X130.719 Y77.385 Z7.5 E1
G1 X130.719 Y87.069 Z7.5 E1
G1 X130.67 Y87.197 Z7.5 E1
G1 X130.526 Y87.262 Z7.5 E1
G1 X128.744 Y87.262 Z7.5 E1
G1 X128.744 Y89.012 Z7.5 E1
G1 X128.705 Y89.16 Z7.5 E1
G1 X128.551 Y89.237 Z7.5 E1
G1 X126.768 Y89.237 Z7.5 E1
G1 X126.768 Y90.763 Z7.5 E1
G1 X130.526 Y90.763 Z7.5 E1
G1 X130.67 Y90.828 Z7.5 E1
G1 X130.719 Y90.955 Z7.5 E1
G1 X130.719 Y104.59 Z7.5 E1
G1 X136.195 Y104.59 Z7.5 E1
G1 X136.195 Y90.955 Z7.5 E1
G1 X136.243 Y90.828 Z7.5 E1
G1 X136.388 Y90.763 Z7.5 E1
G1 X142.378 Y90.763 Z7.5 E1
G1 X142.515 Y90.82 Z7.5 E1
G1 X142.571 Y90.955 Z7.5 E1
G1 X142.571 Y104.59 Z7.5 E1
G1 X144.096 Y104.59 Z7.5 E1
G1 X144.096 Y102.807 Z7.5 E1
G1 X144.173 Y102.653 Z7.5 E1
G1 X144.289 Y102.615 Z7.5 E1
G1 X146.071 Y102.615 Z7.5 E1
G1 X146.071 Y100.832 Z7.5 E1
G1 X146.142 Y100.683 Z7.5 E1
G1 X146.264 Y100.639 Z7.5 E1
G1 X148.047 Y100.639 Z7.5 E1
G1 X148.047 Y88.98 Z7.5 E1
G1 X148.082 Y88.908 Z7.5 E1
G0 X157.982 Y101.023 Z7.5
G1 X157.923 Y100.896 Z7.5 E1
G1 X157.923 Y93.188 Z7.5 E1
G1 X154.423 Y93.188 Z7.5 E1
G1 X154.423 Y94.97 Z7.5 E1
G1 X154.351 Y95.12 Z7.5 E1
G1 X154.23 Y95.163 Z7.5 E1
G1 X152.447 Y95.163 Z7.5 E1
G1 X152.447 Y100.639 Z7.5 E1
G1 X154.23 Y100.639 Z7.5 E1
G1 X154.351 Y100.683 Z7.5 E1
G1 X154.423 Y100.832 Z7.5 E1
G1 X154.423 Y102.614 Z7.5 E1
G1 X156.173 Y102.614 Z7.5 E1
G1 X156.329 Y102.66 Z7.5 E1
G1 X156.398 Y102.807 Z7.5 E1
G1 X156.398 Y104.59 Z7.5 E1
G1 X165.824 Y104.59 Z7.5 E1
G1 X165.824 Y102.84 Z7.5 E1
G1 X165.87 Y102.683 Z7.5 E1
G1 X166.017 Y102.615 Z7.5 E1
G1 X167.8 Y102.615 Z7.5 E1
G1 X167.8 Y100.832 Z7.5 E1
G1 X167.871 Y100.683 Z7.5 E1
G1 X167.993 Y100.639 Z7.5 E1
G1 X169.775 Y100.639 Z7.5 E1
G1 X169.775 Y77.386 Z7.5 E1
G1 X167.993 Y77.386 Z7.5 E1
G1 X167.871 Y77.342 Z7.5 E1
G1 X167.8 Y77.193 Z7.5 E1
G1 X167.8 Y75.41 Z7.5 E1
G1 X166.049 Y75.41 Z7.5 E1
G1 X165.902 Y75.372 Z7.5 E1
G1 X165.824 Y75.217 Z7.5 E1
G1 X165.824 Y73.435 Z7.5 E1
G1 X164.299 Y73.435 Z7.5 E1
G1 X164.299 Y87.069 Z7.5 E1
G1 X164.243 Y87.205 Z7.5 E1
G1 X164.106 Y87.262 Z7.5 E1
G1 X158.116 Y87.262 Z7.5 E1
G1 X157.991 Y87.216 Z7.5 E1
G1 X157.923 Y87.069 Z7.5 E1
G1 X157.923 Y73.435 Z7.5 E1
G1 X156.398 Y73.435 Z7.5 E1
G1 X156.398 Y75.218 Z7.5 E1
G1 X156.321 Y75.372 Z7.5 E1
G1 X156.205 Y75.41 Z7.5 E1
G1 X154.423 Y75.41 Z7.5 E1
G1 X154.423 Y77.193 Z7.5 E1
G1 X154.351 Y77.342 Z7.5 E1
G1 X154.23 Y77.385 Z7.5 E1
G1 X152.447 Y77.385 Z7.5 E1
G1 X152.447 Y90.763 Z7.5 E1
G1 X164.106 Y90.763 Z7.5 E1
G1 X164.243 Y90.82 Z7.5 E1
G1 X164.299 Y90.955 Z7.5 E1
G1 X164.299 Y100.832 Z7.5 E1
G1 X164.254 Y101.02 Z7.5 E1
G1 X164.106 Y101.089 Z7.5 E1
G1 X158.148 Y101.089 Z7.5 E1
G1 X158.027 Y101.054 Z7.5 E1
G0 X15.768 Y76.994 Z7.8
G1 X15.746 Y77.005 Z7.8 E1
G1 X15.701 Y77.193 Z7.8 E1
G1 X15.701 Y100.896 Z7.8 E1
G1 X15.77 Y101.044 Z7.8 E1
G1 X15.926 Y101.089 Z7.8 E1
G1 X21.884 Y101.089 Z7.8 E1
G1 X22.032 Y101.02 Z7.8 E1
G1 X22.077 Y100.832 Z7.8 E1
G1 X22.077 Y77.129 Z7.8 E1
G1 X22.008 Y76.981 Z7.8 E1
G1 X21.852 Y76.936 Z7.8 E1
G1 X15.894 Y76.936 Z7.8 E1
G1 X15.823 Y76.969 Z7.8 E1
G0 X25.638 Y77.319 Z7.8
G1 X25.577 Y77.193 Z7.8 E1
G1 X25.577 Y75.41 Z7.8 E1
G1 X23.827 Y75.41 Z7.8 E1
G1 X23.671 Y75.365 Z7.8 E1
G1 X23.602 Y75.218 Z7.8 E1
G1 X23.602 Y73.435 Z7.8 E1
G1 X14.176 Y73.435 Z7.8 E1
G1 X14.176 Y75.185 Z7.8 E1
G1 X14.13 Y75.342 Z7.8 E1
G1 X13.983 Y75.41 Z7.8 E1
G1 X12.2 Y75.41 Z7.8 E1
G1 X12.2 Y77.193 Z7.8 E1
G1 X12.129 Y77.342 Z7.8 E1
G1 X12.007 Y77.385 Z7.8 E1
G1 X10.225 Y77.385 Z7.8 E1
G1 X10.225 Y100.639 Z7.8 E1
G1 X12.007 Y100.639 Z7.8 E1
G1 X12.129 Y100.683 Z7.8 E1
G1 X12.2 Y100.832 Z7.8 E1
G1 X12.2 Y102.615 Z7.8 E1
G1 X13.951 Y102.615 Z7.8 E1
G1 X14.107 Y102.66 Z7.8 E1
G1 X14.176 Y102.807 Z7.8 E1
G1 X14.176 Y104.59 Z7.8 E1
G1 X23.602 Y104.59 Z7.8 E1
G1 X23.602 Y102.84 Z7.8 E1
G1 X23.647 Y102.683 Z7.8 E1
G1 X23.795 Y102.615 Z7.8 E1
G1 X25.577 Y102.615 Z7.8 E1
G1 X25.577 Y100.832 Z7.8 E1
G1 X25.649 Y100.683 Z7.8 E1
G1 X25.77 Y100.639 Z7.8 E1
G1 X27.553 Y100.639 Z7.8 E1
G1 X27.553 Y77.385 Z7.8 E1
G1 X25.77 Y77.385 Z7.8 E1
G1 X25.681 Y77.354 Z7.8 E1
G0 X49.346 Y76.994 Z7.8
G1 X49.474 Y76.936 Z7.8 E1
G1 X55.432 Y76.936 Z7.8 E1
G1 X55.588 Y76.981 Z7.8 E1
G1 X55.657 Y77.129 Z7.8 E1
G1 X55.657 Y104.59 Z7.8 E1
G1 X57.182 Y104.59 Z7.8 E1
G1 X57.182 Y102.807 Z7.8 E1
G1 X57.26 Y102.653 Z7.8 E1
G1 X57.375 Y102.615 Z7.8 E1
G1 X59.158 Y102.615 Z7.8 E1
G1 X59.158 Y100.832 Z7.8 E1
G1 X59.229 Y100.683 Z7.8 E1
G1 X59.351 Y100.639 Z7.8 E1
G1 X61.133 Y100.639 Z7.8 E1
G1 X61.133 Y77.385 Z7.8 E1
G1 X59.351 Y77.385 Z7.8 E1
G1 X59.229 Y77.342 Z7.8 E1
G1 X59.158 Y77.193 Z7.8 E1
G1 X59.158 Y75.41 Z7.8 E1
G1 X57.407 Y75.41 Z7.8 E1
G1 X57.251 Y75.365 Z7.8 E1
G1 X57.182 Y75.217 Z7.8 E1
G1 X57.182 Y73.435 Z7.8 E1
G1 X49.474 Y73.435 Z7.8 E1
G1 X49.358 Y73.396 Z7.8 E1
G1 X49.281 Y73.242 Z7.8 E1
G1 X49.281 Y71.46 Z7.8 E1
G1 X43.805 Y71.46 Z7.8 E1
G1 X43.805 Y73.242 Z7.8 E1
G1 X43.757 Y73.37 Z7.8 E1
G1 X43.612 Y73.435 Z7.8 E1
G1 X35.904 Y73.435 Z7.8 E1
G1 X35.904 Y75.185 Z7.8 E1
G1 X35.859 Y75.341 Z7.8 E1
G1 X35.711 Y75.41 Z7.8 E1
G1 X33.929 Y75.41 Z7.8 E1
G1 X33.929 Y77.193 Z7.8 E1
G1 X33.858 Y77.342 Z7.8 E1
G1 X33.736 Y77.385 Z7.8 E1
G1 X31.954 Y77.385 Z7.8 E1
G1 X31.954 Y100.639 Z7.8 E1
G1 X33.736 Y100.639 Z7.8 E1
G1 X33.858 Y100.683 Z7.8 E1
G1 X33.929 Y100.832 Z7.8 E1
G1 X33.929 Y102.615 Z7.8 E1
G1 X35.679 Y102.615 Z7.8 E1
G1 X35.827 Y102.653 Z7.8 E1
G1 X35.904 Y102.807 Z7.8 E1
G1 X35.904 Y104.59 Z7.8 E1
G1 X37.429 Y104.59 Z7.8 E1
G1 X37.43 Y77.193 Z7.8 E1
G1 X37.475 Y77.005 Z7.8 E1
G1 X37.622 Y76.936 Z7.8 E1
G1 X43.612 Y76.936 Z7.8 E1
G1 X43.757 Y77.001 Z7.8 E1
G1 X43.805 Y77.129 Z7.8 E1
G1 X43.805 Y104.59 Z7.8 E1
G1 X49.281 Y104.59 Z7.8 E1
G1 X49.281 Y77.129 Z7.8 E1
G1 X49.315 Y77.04 Z7.8 E1
G0 X77.323 Y87.208 Z7.8
G1 X77.329 Y87.205 Z7.8 E1
G1 X77.386 Y87.069 Z7.8 E1
G1 X77.386 Y77.129 Z7.8 E1
G1 X77.318 Y76.982 Z7.8 E1
G1 X77.193 Y76.936 Z7.8 E1
G1 X71.203 Y76.936 Z7.8 E1
G1 X71.055 Y77.005 Z7.8 E1
G1 X71.01 Y77.193 Z7.8 E1
G1 X71.01 Y87.069 Z7.8 E1
G1 X71.058 Y87.197 Z7.8 E1
G1 X71.203 Y87.262 Z7.8 E1
G1 X77.193 Y87.262 Z7.8 E1
G1 X77.267 Y87.231 Z7.8 E1
G0 X65.469 Y87.204 Z7.8
G1 X65.341 Y87.262 Z7.8 E1
G1 X63.558 Y87.262 Z7.8 E1
G1 X63.558 Y90.763 Z7.8 E1
G1 X65.341 Y90.763 Z7.8 E1
G1 X65.485 Y90.828 Z7.8 E1
G1 X65.534 Y90.955 Z7.8 E1
G1 X65.534 Y104.59 Z7.8 E1
G1 X71.01 Y104.59 Z7.8 E1
G1 X71.01 Y90.955 Z7.8 E1
G1 X71.058 Y90.828 Z7.8 E1
G1 X71.203 Y90.763 Z7.8 E1
G1 X77.193 Y90.763 Z7.8 E1
G1 X77.329 Y90.819 Z7.8 E1
G1 X77.386 Y90.955 Z7.8 E1
G1 X77.386 Y104.59 Z7.8 E1
G1 X78.911 Y104.59 Z7.8 E1
G1 X78.911 Y102.807 Z7.8 E1
G1 X78.988 Y102.653 Z7.8 E1
G1 X79.104 Y102.615 Z7.8 E1
G1 X80.886 Y102.615 Z7.8 E1
G1 X80.886 Y100.832 Z7.8 E1
G1 X80.957 Y100.683 Z7.8 E1
G1 X81.079 Y100.639 Z7.8 E1
G1 X82.861 Y100.639 Z7.8 E1
G1 X82.862 Y73.435 Z7.8 E1
G1 X69.485 Y73.435 Z7.8 E1
G1 X69.485 Y75.185 Z7.8 E1
G1 X69.439 Y75.342 Z7.8 E1
G1 X69.292 Y75.41 Z7.8 E1
G1 X67.509 Y75.41 Z7.8 E1
G1 X67.509 Y77.193 Z7.8 E1
G1 X67.438 Y77.342 Z7.8 E1
G1 X67.316 Y77.385 Z7.8 E1
G1 X65.534 Y77.385 Z7.8 E1
G1 X65.534 Y87.069 Z7.8 E1
G1 X65.5 Y87.158 Z7.8 E1
G0 X99.055 Y77.001 Z7.8
G1 X99.046 Y76.982 Z7.8 E1
G1 X98.921 Y76.936 Z7.8 E1
G1 X92.931 Y76.936 Z7.8 E1
G1 X92.783 Y77.005 Z7.8 E1
G1 X92.738 Y77.193 Z7.8 E1
G1 X92.738 Y87.069 Z7.8 E1
G1 X92.786 Y87.197 Z7.8 E1
G1 X92.931 Y87.262 Z7.8 E1
G1 X98.921 Y87.262 Z7.8 E1
G1 X99.069 Y87.193 Z7.8 E1
G1 X99.114 Y87.005 Z7.8 E1
G1 X99.114 Y77.129 Z7.8 E1
G1 X99.08 Y77.056 Z7.8 E1
G0 X92.803 Y93.131 Z7.8
G1 X92.786 Y93.123 Z7.8 E1
G1 X92.738 Y92.995 Z7.8 E1
G1 X92.738 Y90.955 Z7.8 E1
G1 X92.786 Y90.828 Z7.8 E1
G1 X92.931 Y90.763 Z7.8 E1
G1 X100.64 Y90.763 Z7.8 E1
G1 X100.64 Y89.012 Z7.8 E1
G1 X100.685 Y88.856 Z7.8 E1
G1 X100.832 Y88.787 Z7.8 E1
G1 X102.615 Y88.787 Z7.8 E1
G1 X102.615 Y87.005 Z7.8 E1
G1 X102.686 Y86.855 Z7.8 E1
G1 X102.807 Y86.812 Z7.8 E1
G1 X104.59 Y86.812 Z7.8 E1
G1 X104.59 Y73.435 Z7.8 E1
G1 X91.213 Y73.435 Z7.8 E1
G1 X91.213 Y75.185 Z7.8 E1
G1 X91.168 Y75.342 Z7.8 E1
G1 X91.02 Y75.41 Z7.8 E1
G1 X89.237 Y75.41 Z7.8 E1
G1 X89.237 Y77.193 Z7.8 E1
G1 X89.166 Y77.342 Z7.8 E1
G1 X89.045 Y77.385 Z7.8 E1
G1 X87.262 Y77.385 Z7.8 E1
G1 X87.262 Y87.069 Z7.8 E1
G1 X87.214 Y87.197 Z7.8 E1
G1 X87.069 Y87.262 Z7.8 E1
G1 X85.287 Y87.262 Z7.8 E1
G1 X85.287 Y90.763 Z7.8 E1
G1 X87.069 Y90.763 Z7.8 E1
G1 X87.214 Y90.828 Z7.8 E1
G1 X87.262 Y90.955 Z7.8 E1
G1 X87.262 Y92.995 Z7.8 E1
G1 X87.214 Y93.123 Z7.8 E1
G1 X87.069 Y93.188 Z7.8 E1
G1 X85.287 Y93.188 Z7.8 E1
G1 X85.287 Y96.689 Z7.8 E1
G1 X87.069 Y96.689 Z7.8 E1
G1 X87.214 Y96.754 Z7.8 E1
G1 X87.262 Y96.882 Z7.8 E1
G1 X87.262 Y108.54 Z7.8 E1
G1 X92.738 Y108.541 Z7.8 E1
G1 X92.738 Y96.882 Z7.8 E1
G1 X92.786 Y96.754 Z7.8 E1
G1 X92.931 Y96.689 Z7.8 E1
G1 X98.921 Y96.689 Z7.8 E1
G1 X99.046 Y96.735 Z7.8 E1
G1 X99.114 Y96.882 Z7.8 E1
G1 X99.114 Y108.54 Z7.8 E1
G1 X100.903 Y108.54 Z7.8 E1
G1 X100.903 Y106.758 Z7.8 E1
G1 X100.966 Y106.615 Z7.8 E1
G1 X101.095 Y106.565 Z7.8 E1
G1 X102.615 Y106.565 Z7.8 E1
G1 X102.615 Y104.783 Z7.8 E1
G1 X102.686 Y104.633 Z7.8 E1
G1 X102.807 Y104.59 Z7.8 E1
G1 X104.59 Y104.59 Z7.8 E1
G1 X104.59 Y93.188 Z7.8 E1
G1 X92.931 Y93.188 Z7.8 E1
G1 X92.857 Y93.155 Z7.8 E1
G0 X124.403 Y80.952 Z7.8
G1 X124.414 Y80.929 Z7.8 E1
G1 X124.536 Y80.886 Z7.8 E1
G1 X126.318 Y80.886 Z7.8 E1
G1 X126.318 Y73.435 Z7.8 E1
G1 X112.941 Y73.435 Z7.8 E1
G1 X112.941 Y75.185 Z7.8 E1
G1 X112.896 Y75.342 Z7.8 E1
G1 X112.748 Y75.41 Z7.8 E1
G1 X110.966 Y75.41 Z7.8 E1
G1 X110.966 Y77.193 Z7.8 E1
G1 X110.894 Y77.342 Z7.8 E1
G1 X110.773 Y77.385 Z7.8 E1
G1 X108.99 Y77.385 Z7.8 E1
G1 X108.99 Y104.59 Z7.8 E1
G1 X122.368 Y104.59 Z7.8 E1
G1 X122.368 Y102.84 Z7.8 E1
G1 X122.413 Y102.683 Z7.8 E1
G1 X122.56 Y102.615 Z7.8 E1
G1 X124.343 Y102.614 Z7.8 E1
G1 X124.343 Y100.832 Z7.8 E1
G1 X124.42 Y100.678 Z7.8 E1
G1 X124.536 Y100.639 Z7.8 E1
G1 X126.318 Y100.639 Z7.8 E1
G1 X126.318 Y97.139 Z7.8 E1
G1 X124.568 Y97.139 Z7.8 E1
G1 X124.42 Y97.1 Z7.8 E1
G1 X124.343 Y96.946 Z7.8 E1
G1 X124.343 Y95.163 Z7.8 E1
G1 X122.593 Y95.163 Z7.8 E1
G1 X122.445 Y95.125 Z7.8 E1
G1 X122.368 Y94.97 Z7.8 E1
G1 X122.368 Y93.188 Z7.8 E1
G1 X120.842 Y93.188 Z7.8 E1
G1 X120.842 Y100.832 Z7.8 E1
G1 X120.797 Y101.02 Z7.8 E1
G1 X120.649 Y101.089 Z7.8 E1
G1 X114.659 Y101.089 Z7.8 E1
G1 X114.534 Y101.043 Z7.8 E1
G1 X114.466 Y100.896 Z7.8 E1
G1 X114.466 Y77.193 Z7.8 E1
G1 X114.512 Y77.005 Z7.8 E1
G1 X114.659 Y76.936 Z7.8 E1
G1 X120.649 Y76.936 Z7.8 E1
G1 X120.775 Y76.982 Z7.8 E1
G1 X120.842 Y77.129 Z7.8 E1
G1 X120.842 Y84.837 Z7.8 E1
G1 X122.368 Y84.837 Z7.8 E1
G1 X122.368 Y83.054 Z7.8 E1
G1 X122.445 Y82.9 Z7.8 E1
G1 X122.56 Y82.861 Z7.8 E1
G1 X124.343 Y82.861 Z7.8 E1
G1 X124.343 Y81.079 Z7.8 E1
G1 X124.377 Y81.006 Z7.8 E1
G0 X148.109 Y88.855 Z7.8
G1 X148.122 Y88.827 Z7.8 E1
G1 X148.239 Y88.787 Z7.8 E1
G1 X150.022 Y88.787 Z7.8 E1
G1 X150.022 Y87.262 Z7.8 E1
G1 X148.239 Y87.262 Z7.8 E1
G1 X148.122 Y87.222 Z7.8 E1
G1 X148.047 Y87.069 Z7.8 E1
G1 X148.047 Y77.385 Z7.8 E1
G1 X146.264 Y77.385 Z7.8 E1
G1 X146.142 Y77.342 Z7.8 E1
G1 X146.071 Y77.193 Z7.8 E1
G1 X146.071 Y75.41 Z7.8 E1
G1 X144.321 Y75.41 Z7.8 E1
G1 X144.173 Y75.372 Z7.8 E1
G1 X144.096 Y75.217 Z7.8 E1
G1 X144.096 Y73.435 Z7.8 E1
G1 X142.571 Y73.435 Z7.8 E1
G1 X142.571 Y87.069 Z7.8 E1
G1 X142.515 Y87.205 Z7.8 E1
G1 X142.378 Y87.262 Z7.8 E1
G1 X136.388 Y87.262 Z7.8 E1
G1 X136.243 Y87.197 Z7.8 E1
G1 X136.195 Y87.069 Z7.8 E1
G1 X136.195 Y73.435 Z7.8 E1
G1 X134.669 Y73.435 Z7.8 E1
G1 X134.669 Y75.218 Z7.8 E1
G1 X134.592 Y75.372 Z7.8 E1
G1 X134.477 Y75.41 Z7.8 E1
G1 X132.694 Y75.41 Z7.8 E1
G1 X132.694 Y77.193 Z7.8 E1
G1 X132.623 Y77.342 Z7.8 E1
G1 X132.501 Y77.385 Z7.8 E1
G1 X130.719 Y77.385 Z7.8 E1
G1 X130.719 Y87.069 Z7.8 E1
G1 X130.67 Y87.197 Z7.8 E1
G1 X130.526 Y87.262 Z7.8 E1
G1 X128.744 Y87.262 Z7.8 E1
G1 X128.744 Y89.012 Z7.8 E1
G1 X128.705 Y89.16 Z7.8 E1
G1 X128.551 Y89.237 Z7.8 E1
G1 X126.768 Y89.237 Z7.8 E1
G1 X126.768 Y90.763 Z7.8 E1
G1 X130.526 Y90.763 Z7.8 E1
G1 X130.67 Y90.828 Z7.8 E1
G1 X130.719 Y90.955 Z7.8 E1
G1 X130.719 Y104.59 Z7.8 E1
G1 X136.195 Y104.59 Z7.8 E1
G1 X136.195 Y90.955 Z7.8 E1
G1 X136.243 Y90.828 Z7.8 E1
G1 X136.388 Y90.763 Z7.8 E1
G1 X142.378 Y90.763 Z7.8 E1
G1 X142.515 Y90.82 Z7.8 E1
G1 X142.571 Y90.955 Z7.8 E1
G1 X142.571 Y104.59 Z7.8 E1
G1 X144.096 Y104.59 Z7.8 E1
G1 X144.096 Y102.807 Z7.8 E1
G1 X144.173 Y102.653 Z7.8 E1
G1 X144.289 Y102.615 Z7.8 E1
G1 X146.071 Y102.615 Z7.8 E1
G1 X146.071 Y100.832 Z7.8 E1
G1 X146.142 Y100.683 Z7.8 E1
G1 X146.264 Y100.639 Z7.8 E1
G1 X148.047 Y100.639 Z7.8 E1
G1 X148.047 Y88.98 Z7.8 E1
G1 X148.082 Y88.908 Z7.8 E1
G0 X157.982 Y101.023 Z7.8
G1 X157.923 Y100.896 Z7.8 E1
G1 X157.923 Y93.188 Z7.8 E1
G1 X154.423 Y93.188 Z7.8 E1
G1 X154.423 Y94.97 Z7.8 E1
G1 X154.351 Y95.12 Z7.8 E1
G1 X154.23 Y95.163 Z7.8 E1
G1 X152.447 Y95.163 Z7.8 E1
G1 X152.447 Y100.639 Z7.8 E1
G1 X154.23 Y100.639 Z7.8 E1
G1 X154.351 Y100.683 Z7.8 E1
G1 X154.423 Y100.832 Z7.8 E1
G1 X154.423 Y102.614 Z7.8 E1
G1 X156.173 Y102.614 Z7.8 E1
G1 X156.329 Y102.66 Z7.8 E1
G1 X156.398 Y102.807 Z7.8 E1
G1 X156.398 Y104.59 Z7.8 E1
G1 X165.824 Y104.59 Z7.8 E1
G1 X165.824 Y102.84 Z7.8 E1
G1 X165.87 Y102.683 Z7.8 E1
G1 X166.017 Y102.615 Z7.8 E1
G1 X167.8 Y102.615 Z7.8 E1
G1 X167.8 Y100.832 Z7.8 E1
G1 X167.871 Y100.683 Z7.8 E1
G1 X167.993 Y100.639 Z7.8 E1
G1 X169.775 Y100.639 Z7.8 E1
G1 X169.775 Y77.386 Z7.8 E1
G1 X167.993 Y77.386 Z7.8 E1
G1 X167.871 Y77.342 Z7.8 E1
G1 X167.8 Y77.193 Z7.8 E1
G1 X167.8 Y75.41 Z7.8 E1
G1 X166.049 Y75.41 Z7.8 E1
G1 X165.902 Y75.372 Z7.8 E1
G1 X165.824 Y75.217 Z7.8 E1
G1 X165.824 Y73.435 Z7.8 E1
G1 X164.299 Y73.435 Z7.8 E1
G1 X164.299 Y87.069 Z7.8 E1
G1 X164.243 Y87.205 Z7.8 E1
G1 X164.106 Y87.262 Z7.8 E1
G1 X158.116 Y87.262 Z7.8 E1
G1 X157.991 Y87.216 Z7.8 E1
G1 X157.923 Y87.069 Z7.8 E1
G1 X157.923 Y73.435 Z7.8 E1
G1 X156.398 Y73.435 Z7.8 E1
G1 X156.398 Y75.218 Z7.8 E1
G1 X156.321 Y75.372 Z7.8 E1
G1 X156.205 Y75.41 Z7.8 E1
G1 X154.423 Y75.41 Z7.8 E1
G1 X154.423 Y77.193 Z7.8 E1
G1 X154.351 Y77.342 Z7.8 E1
G1 X154.23 Y77.385 Z7.8 E1
G1 X152.447 Y77.385 Z7.8 E1
G1 X152.447 Y90.763 Z7.8 E1
G1 X164.106 Y90.763 Z7.8 E1
G1 X164.243 Y90.82 Z7.8 E1
G1 X164.299 Y90.955 Z7.8 E1
G1 X164.299 Y100.832 Z7.8 E1
G1 X164.254 Y101.02 Z7.8 E1
G1 X164.106 Y101.089 Z7.8 E1
G1 X158.148 Y101.089 Z7.8 E1
G1 X158.027 Y101.054 Z7.8 E1
G0 X15.768 Y76.994 Z8.1
G1 X15.746 Y77.005 Z8.1 E1
G1 X15.701 Y77.193 Z8.1 E1
G1 X15.701 Y100.896 Z8.1 E1
G1 X15.77 Y101.044 Z8.1 E1
G1 X15.926 Y101.089 Z8.1 E1
G1 X21.884 Y101.089 Z8.1 E1
G1 X22.032 Y101.02 Z8.1 E1
G1 X22.077 Y100.832 Z8.1 E1
G1 X22.077 Y77.129 Z8.1 E1
G1 X22.008 Y76.981 Z8.1 E1
G1 X21.852 Y76.936 Z8.1 E1
G1 X15.894 Y76.936 Z8.1 E1
G1 X15.823 Y76.969 Z8.1 E1
G0 X25.638 Y77.319 Z8.1
G1 X25.577 Y77.193 Z8.1 E1
G1 X25.577 Y75.41 Z8.1 E1
G1 X23.827 Y75.41 Z8.1 E1
G1 X23.671 Y75.365 Z8.1 E1
G1 X23.602 Y75.218 Z8.1 E1
G1 X23.602 Y73.435 Z8.1 E1
G1 X14.176 Y73.435 Z8.1 E1
G1 X14.176 Y75.185 Z8.1 E1
G1 X14.13 Y75.342 Z8.1 E1
G1 X13.983 Y75.41 Z8.1 E1
G1 X12.2 Y75.41 Z8.1 E1
G1 X12.2 Y77.193 Z8.1 E1
G1 X12.129 Y77.342 Z8.1 E1
G1 X12.007 Y77.385 Z8.1 E1
G1 X10.225 Y77.385 Z8.1 E1
G1 X10.225 Y100.639 Z8.1 E1
G1 X12.007 Y100.639 Z8.1 E1
G1 X12.129 Y100.683 Z8.1 E1
G1 X12.2 Y100.832 Z8.1 E1
G1 X12.2 Y102.615 Z8.1 E1
G1 X13.951 Y102.615 Z8.1 E1
G1 X14.107 Y102.66 Z8.1 E1
G1 X14.176 Y102.807 Z8.1 E1
G1 X14.176 Y104.59 Z8.1 E1
G1 X23.602 Y104.59 Z8.1 E1
G1 X23.602 Y102.84 Z8.1 E1
G1 X23.647 Y102.683 Z8.1 E1
G1 X23.795 Y102.615 Z8.1 E1
G1 X25.577 Y102.615 Z8.1 E1
G1 X25.577 Y100.832 Z8.1 E1
G1 X25.649 Y100.683 Z8.1 E1
G1 X25.77 Y100.639 Z8.1 E1
G1 X27.553 Y100.639 Z8.1 E1
G1 X27.553 Y77.385 Z8.1 E1
G1 X25.77 Y77.385 Z8.1 E1
G1 X25.681 Y77.354 Z8.1 E1
G0 X49.346 Y76.994 Z8.1
G1 X49.474 Y76.936 Z8.1 E1
G1 X55.432 Y76.936 Z8.1 E1
G1 X55.588 Y76.981 Z8.1 E1
G1 X55.657 Y77.129 Z8.1 E1
G1 X55.657 Y104.59 Z8.1 E1
G1 X57.182 Y104.59 Z8.1 E1
G1 X57.182 Y102.807 Z8.1 E1
G1 X57.26 Y102.653 Z8.1 E1
G1 X57.375 Y102.615 Z8.1 E1
G1 X59.158 Y102.615 Z8.1 E1
G1 X59.158 Y100.832 Z8.1 E1
G1 X59.229 Y100.683 Z8.1 E1
G1 X59.351 Y100.639 Z8.1 E1
G1 X61.133 Y100.639 Z8.1 E1
G1 X61.133 Y77.385 Z8.1 E1
G1 X59.351 Y77.385 Z8.1 E1
G1 X59.229 Y77.342 Z8.1 E1
G1 X59.158 Y77.193 Z8.1 E1
G1 X59.158 Y75.41 Z8.1 E1
G1 X57.407 Y75.41 Z8.1 E1
G1 X57.251 Y75.365 Z8.1 E1
G1 X57.182 Y75.217 Z8.1 E1
G1 X57.182 Y73.435 Z8.1 E1
G1 X49.474 Y73.435 Z8.1 E1
G1 X49.358 Y73.396 Z8.1 E1
G1 X49.281 Y73.242 Z8.1 E1
G1 X49.281 Y71.46 Z8.1 E1
G1 X43.805 Y71.46 Z8.1 E1
G1 X43.805 Y73.242 Z8.1 E1
G1 X43.757 Y73.37 Z8.1 E1
G1 X43.612 Y73.435 Z8.1 E1
G1 X35.904 Y73.435 Z8.1 E1
G1 X35.904 Y75.185 Z8.1 E1
G1 X35.859 Y75.341 Z8.1 E1
G1 X35.711 Y75.41 Z8.1 E1
G1 X33.929 Y75.41 Z8.1 E1
G1 X33.929 Y77.193 Z8.1 E1
G1 X33.858 Y77.342 Z8.1 E1
G1 X33.736 Y77.385 Z8.1 E1
G1 X31.954 Y77.385 Z8.1 E1
G1 X31.954 Y100.639 Z8.1 E1
G1 X33.736 Y100.639 Z8.1 E1
G1 X33.858 Y100.683 Z8.1 E1
G1 X33.929 Y100.832 Z8.1 E1
G1 X33.929 Y102.615 Z8.1 E1
G1 X35.679 Y102.615 Z8.1 E1
G1 X35.827 Y102.653 Z8.1 E1
G1 X35.904 Y102.807 Z8.1 E1
G1 X35.904 Y104.59 Z8.1 E1
G1 X37.429 Y104.59 Z8.1 E1
G1 X37.43 Y77.193 Z8.1 E1
G1 X37.475 Y77.005 Z8.1 E1
G1 X37.622 Y76.936 Z8.1 E1
G1 X43.612 Y76.936 Z8.1 E1
G1 X43.757 Y77.001 Z8.1 E1
G1 X43.805 Y77.129 Z8.1 E1
G1 X43.805 Y104.59 Z8.1 E1
G1 X49.281 Y104.59 Z8.1 E1
G1 X49.281 Y77.129 Z8.1 E1
G1 X49.315 Y77.04 Z8.1 E1
G0 X77.323 Y87.208 Z8.1
G1 X77.329 Y87.205 Z8.1 E1
G1 X77.386 Y87.069 Z8.1 E1
G1 X77.386 Y77.129 Z8.1 E1
G1 X77.318 Y76.982 Z8.1 E1
G1 X77.193 Y76.936 Z8.1 E1
G1 X71.203 Y76.936 Z8.1 E1
G1 X71.055 Y77.005 Z8.1 E1
G1 X71.01 Y77.193 Z8.1 E1
G1 X71.01 Y87.069 Z8.1 E1
G1 X71.058 Y87.197 Z8.1 E1
G1 X71.203 Y87.262 Z8.1 E1
G1 X77.193 Y87.262 Z8.1 E1
G1 X77.267 Y87.231 Z8.1 E1
G0 X65.469 Y87.204 Z8.1
G1 X65.341 Y87.262 Z8.1 E1
G1 X63.558 Y87.262 Z8.1 E1
G1 X63.558 Y90.763 Z8.1 E1
G1 X65.341 Y90.763 Z8.1 E1
G1 X65.485 Y90.828 Z8.1 E1
G1 X65.534 Y90.955 Z8.1 E1
G1 X65.534 Y104.59 Z8.1 E1
G1 X71.01 Y104.59 Z8.1 E1
G1 X71.01 Y90.955 Z8.1 E1
G1 X71.058 Y90.828 Z8.1 E1
G1 X71.203 Y90.763 Z8.1 E1
G1 X77.193 Y90.763 Z8.1 E1
G1 X77.329 Y90.819 Z8.1 E1
G1 X77.386 Y90.955 Z8.1 E1
G1 X77.386 Y104.59 Z8.1 E1
G1 X78.911 Y104.59 Z8.1 E1
G1 X78.911 Y102.807 Z8.1 E1
G1 X78.988 Y102.653 Z8.1 E1
G1 X79.104 Y102.615 Z8.1 E1
G1 X80.886 Y102.615 Z8.1 E1
G1 X80.886 Y100.832 Z8.1 E1
G1 X80.957 Y100.683 Z8.1 E1
G1 X81.079 Y100.639 Z8.1 E1
G1 X82.861 Y100.639 Z8.1 E1
G1 X82.862 Y73.435 Z8.1 E1
G1 X69.485 Y73.435 Z8.1 E1
G1 X69.485 Y75.185 Z8.1 E1
G1 X69.439 Y75.342 Z8.1 E1
G1 X69.292 Y75.41 Z8.1 E1
G1 X67.509 Y75.41 Z8.1 E1
G1 X67.509 Y77.193 Z8.1 E1
G1 X67.438 Y77.342 Z8.1 E1
G1 X67.316 Y77.385 Z8.1 E1
G1 X65.534 Y77.385 Z8.1 E1
G1 X65.534 Y87.069 Z8.1 E1
G1 X65.5 Y87.158 Z8.1 E1
G0 X99.055 Y77.001 Z8.1
G1 X99.046 Y76.982 Z8.1 E1
G1 X98.921 Y76.936 Z8.1 E1
G1 X92.931 Y76.936 Z8.1 E1
G1 X92.783 Y77.005 Z8.1 E1
G1 X92.738 Y77.193 Z8.1 E1
G1 X92.738 Y87.069 Z8.1 E1
G1 X92.786 Y87.197 Z8.1 E1
G1 X92.931 Y87.262 Z8.1 E1
G1 X98.921 Y87.262 Z8.1 E1
G1 X99.069 Y87.193 Z8.1 E1
G1 X99.114 Y87.005 Z8.1 E1
G1 X99.114 Y77.129 Z8.1 E1
G1 X99.08 Y77.056 Z8.1 E1
G0 X92.803 Y93.131 Z8.1
G1 X92.786 Y93.123 Z8.1 E1
G1 X92.738 Y92.995 Z8.1 E1
G1 X92.738 Y90.955 Z8.1 E1
G1 X92.786 Y90.828 Z8.1 E1
G1 X92.931 Y90.763 Z8.1 E1
G1 X100.64 Y90.763 Z8.1 E1
G1 X100.64 Y89.012 Z8.1 E1
G1 X100.685 Y88.856 Z8.1 E1
G1 X100.832 Y88.787 Z8.1 E1
G1 X102.615 Y88.787 Z8.1 E1
G1 X102.615 Y87.005 Z8.1 E1
G1 X102.686 Y86.855 Z8.1 E1
G1 X102.807 Y86.812 Z8.1 E1
G1 X104.59 Y86.812 Z8.1 E1
G1 X104.59 Y73.435 Z8.1 E1
G1 X91.213 Y73.435 Z8.1 E1
G1 X91.213 Y75.185 Z8.1 E1
G1 X91.168 Y75.342 Z8.1 E1
G1 X91.02 Y75.41 Z8.1 E1
G1 X89.237 Y75.41 Z8.1 E1
G1 X89.237 Y77.193 Z8.1 E1
G1 X89.166 Y77.342 Z8.1 E1
G1 X89.045 Y77.385 Z8.1 E1
G1 X87.262 Y77.385 Z8.1 E1
G1 X87.262 Y87.069 Z8.1 E1
G1 X87.214 Y87.197 Z8.1 E1
G1 X87.069 Y87.262 Z8.1 E1
G1 X85.287 Y87.262 Z8.1 E1
G1 X85.287 Y90.763 Z8.1 E1
G1 X87.069 Y90.763 Z8.1 E1
G1 X87.214 Y90.828 Z8.1 E1
G1 X87.262 Y90.955 Z8.1 E1
G1 X87.262 Y92.995 Z8.1 E1
G1 X87.214 Y93.123 Z8.1 E1
G1 X87.069 Y93.188 Z8.1 E1
G1 X85.287 Y93.188 Z8.1 E1
G1 X85.287 Y96.689 Z8.1 E1
G1 X87.069 Y96.689 Z8.1 E1
G1 X87.214 Y96.754 Z8.1 E1
G1 X87.262 Y96.882 Z8.1 E1
G1 X87.262 Y108.54 Z8.1 E1
G1 X92.738 Y108.541 Z8.1 E1
G1 X92.738 Y96.882 Z8.1 E1
G1 X92.786 Y96.754 Z8.1 E1
G1 X92.931 Y96.689 Z8.1 E1
G1 X98.921 Y96.689 Z8.1 E1
G1 X99.046 Y96.735 Z8.1 E1
G1 X99.114 Y96.882 Z8.1 E1
G1 X99.114 Y108.54 Z8.1 E1
G1 X100.903 Y108.54 Z8.1 E1
G1 X100.903 Y106.758 Z8.1 E1
G1 X100.966 Y106.615 Z8.1 E1
G1 X101.095 Y106.565 Z8.1 E1
G1 X102.615 Y106.565 Z8.1 E1
G1 X102.615 Y104.783 Z8.1 E1
G1 X102.686 Y104.633 Z8.1 E1
G1 X102.807 Y104.59 Z8.1 E1
G1 X104.59 Y104.59 Z8.1 E1
G1 X104.59 Y93.188 Z8.1 E1
G1 X92.931 Y93.188 Z8.1 E1
G1 X92.857 Y93.155 Z8.1 E1
G0 X124.403 Y80.952 Z8.1
G1 X124.414 Y80.929 Z8.1 E1
G1 X124.536 Y80.886 Z8.1 E1
G1 X126.318 Y80.886 Z8.1 E1
G1 X126.318 Y73.435 Z8.1 E1
G1 X112.941 Y73.435 Z8.1 E1
G1 X112.941 Y75.185 Z8.1 E1
G1 X112.896 Y75.342 Z8.1 E1
G1 X112.748 Y75.41 Z8.1 E1
G1 X110.966 Y75.41 Z8.1 E1
G1 X110.966 Y77.193 Z8.1 E1
G1 X110.894 Y77.342 Z8.1 E1
G1 X110.773 Y77.385 Z8.1 E1
G1 X108.99 Y77.385 Z8.1 E1
G1 X108.99 Y104.59 Z8.1 E1
G1 X122.368 Y104.59 Z8.1 E1
G1 X122.368 Y102.84 Z8.1 E1
G1 X122.413 Y102.683 Z8.1 E1
G1 X122.56 Y102.615 Z8.1 E1
G1 X124.343 Y102.614 Z8.1 E1
G1 X124.343 Y100.832 Z8.1 E1
G1 X124.42 Y100.678 Z8.1 E1
G1 X124.536 Y100.639 Z8.1 E1
G1 X126.318 Y100.639 Z8.1 E1
G1 X126.318 Y97.139 Z8.1 E1
G1 X124.568 Y97.139 Z8.1 E1
G1 X124.42 Y97.1 Z8.1 E1
G1 X124.343 Y96.946 Z8.1 E1
G1 X124.343 Y95.163 Z8.1 E1
G1 X122.593 Y95.163 Z8.1 E1
G1 X122.445 Y95.125 Z8.1 E1
G1 X122.368 Y94.97 Z8.1 E1
G1 X122.368 Y93.188 Z8.1 E1
G1 X120.842 Y93.188 Z8.1 E1
G1 X120.842 Y100.832 Z8.1 E1
G1 X120.797 Y101.02 Z8.1 E1
G1 X120.649 Y101.089 Z8.1 E1
G1 X114.659 Y101.089 Z8.1 E1
G1 X114.534 Y101.043 Z8.1 E1
G1 X114.466 Y100.896 Z8.1 E1
G1 X114.466 Y77.193 Z8.1 E1
G1 X114.512 Y77.005 Z8.1 E1
G1 X114.659 Y76.936 Z8.1 E1
G1 X120.649 Y76.936 Z8.1 E1
G1 X120.775 Y76.982 Z8.1 E1
G1 X120.842 Y77.129 Z8.1 E1
G1 X120.842 Y84.837 Z8.1 E1
G1 X122.368 Y84.837 Z8.1 E1
G1 X122.368 Y83.054 Z8.1 E1
G1 X122.445 Y82.9 Z8.1 E1
G1 X122.56 Y82.861 Z8.1 E1
G1 X124.343 Y82.861 Z8.1 E1
G1 X124.343 Y81.079 Z8.1 E1
G1 X124.377 Y81.006 Z8.1 E1
G0 X148.109 Y88.855 Z8.1
G1 X148.122 Y88.827 Z8.1 E1
G1 X148.239 Y88.787 Z8.1 E1
G1 X150.022 Y88.787 Z8.1 E1
G1 X150.022 Y87.262 Z8.1 E1
G1 X148.239 Y87.262 Z8.1 E1
G1 X148.122 Y87.222 Z8.1 E1
G1 X148.047 Y87.069 Z8.1 E1
G1 X148.047 Y77.385 Z8.1 E1
G1 X146.264 Y77.385 Z8.1 E1
G1 X146.142 Y77.342 Z8.1 E1
G1 X146.071 Y77.193 Z8.1 E1
G1 X146.071 Y75.41 Z8.1 E1
G1 X144.321 Y75.41 Z8.1 E1
G1 X144.173 Y75.372 Z8.1 E1
G1 X144.096 Y75.217 Z8.1 E1
G1 X144.096 Y73.435 Z8.1 E1
G1 X142.571 Y73.435 Z8.1 E1
G1 X142.571 Y87.069 Z8.1 E1
G1 X142.515 Y87.205 Z8.1 E1
G1 X142.378 Y87.262 Z8.1 E1
G1 X136.388 Y87.262 Z8.1 E1
G1 X136.243 Y87.197 Z8.1 E1
G1 X136.195 Y87.069 Z8.1 E1
G1 X136.195 Y73.435 Z8.1 E1
G1 X134.669 Y73.435 Z8.1 E1
G1 X134.669 Y75.218 Z8.1 E1
G1 X134.592 Y75.372 Z8.1 E1
G1 X134.477 Y75.41 Z8.1 E1
G1 X132.694 Y75.41 Z8.1 E1
G1 X132.694 Y77.193 Z8.1 E1
G1 X132.623 Y77.342 Z8.1 E1
G1 X132.501 Y77.385 Z8.1 E1
G1 X130.719 Y77.385 Z8.1 E1
G1 X130.719 Y87.069 Z8.1 E1
G1 X130.67 Y87.197 Z8.1 E1
G1 X130.526 Y87.262 Z8.1 E1
G1 X128.744 Y87.262 Z8.1 E1
G1 X128.744 Y89.012 Z8.1 E1
G1 X128.705 Y89.16 Z8.1 E1
G1 X128.551 Y89.237 Z8.1 E1
G1 X126.768 Y89.237 Z8.1 E1
G1 X126.768 Y90.763 Z8.1 E1
G1 X130.526 Y90.763 Z8.1 E1
G1 X130.67 Y90.828 Z8.1 E1
G1 X130.719 Y90.955 Z8.1 E1
G1 X130.719 Y104.59 Z8.1 E1
G1 X136.195 Y104.59 Z8.1 E1
G1 X136.195 Y90.955 Z8.1 E1
G1 X136.243 Y90.828 Z8.1 E1
G1 X136.388 Y90.763 Z8.1 E1
G1 X142.378 Y90.763 Z8.1 E1
G1 X142.515 Y90.82 Z8.1 E1
G1 X142.571 Y90.955 Z8.1 E1
G1 X142.571 Y104.59 Z8.1 E1
G1 X144.096 Y104.59 Z8.1 E1
G1 X144.096 Y102.807 Z8.1 E1
G1 X144.173 Y102.653 Z8.1 E1
G1 X144.289 Y102.615 Z8.1 E1
G1 X146.071 Y102.615 Z8.1 E1
G1 X146.071 Y100.832 Z8.1 E1
G1 X146.142 Y100.683 Z8.1 E1
G1 X146.264 Y100.639 Z8.1 E1
G1 X148.047 Y100.639 Z8.1 E1
G1 X148.047 Y88.98 Z8.1 E1
G1 X148.082 Y88.908 Z8.1 E1
G0 X157.982 Y101.023 Z8.1
G1 X157.923 Y100.896 Z8.1 E1
G1 X157.923 Y93.188 Z8.1 E1
G1 X154.423 Y93.188 Z8.1 E1
G1 X154.423 Y94.97 Z8.1 E1
G1 X154.351 Y95.12 Z8.1 E1
G1 X154.23 Y95.163 Z8.1 E1
G1 X152.447 Y95.163 Z8.1 E1
G1 X152.447 Y100.639 Z8.1 E1
G1 X154.23 Y100.639 Z8.1 E1
G1 X154.351 Y100.683 Z8.1 E1
G1 X154.423 Y100.832 Z8.1 E1
G1 X154.423 Y102.614 Z8.1 E1
G1 X156.173 Y102.614 Z8.1 E1
G1 X156.329 Y102.66 Z8.1 E1
G1 X156.398 Y102.807 Z8.1 E1
G1 X156.398 Y104.59 Z8.1 E1
G1 X165.824 Y104.59 Z8.1 E1
G1 X165.824 Y102.84 Z8.1 E1
G1 X165.87 Y102.683 Z8.1 E1
G1 X166.017 Y102.615 Z8.1 E1
G1 X167.8 Y102.615 Z8.1 E1
G1 X167.8 Y100.832 Z8.1 E1
G1 X167.871 Y100.683 Z8.1 E1
G1 X167.993 Y100.639 Z8.1 E1
G1 X169.775 Y100.639 Z8.1 E1
G1 X169.775 Y77.386 Z8.1 E1
G1 X167.993 Y77.386 Z8.1 E1
G1 X167.871 Y77.342 Z8.1 E1
G1 X167.8 Y77.193 Z8.1 E1
G1 X167.8 Y75.41 Z8.1 E1
G1 X166.049 Y75.41 Z8.1 E1
G1 X165.902 Y75.372 Z8.1 E1
G1 X165.824 Y75.217 Z8.1 E1
G1 X165.824 Y73.435 Z8.1 E1
G1 X164.299 Y73.435 Z8.1 E1
G1 X164.299 Y87.069 Z8.1 E1
G1 X164.243 Y87.205 Z8.1 E1
G1 X164.106 Y87.262 Z8.1 E1
G1 X158.116 Y87.262 Z8.1 E1
G1 X157.991 Y87.216 Z8.1 E1
G1 X157.923 Y87.069 Z8.1 E1
G1 X157.923 Y73.435 Z8.1 E1
G1 X156.398 Y73.435 Z8.1 E1
G1 X156.398 Y75.218 Z8.1 E1
G1 X156.321 Y75.372 Z8.1 E1
G1 X156.205 Y75.41 Z8.1 E1
G1 X154.423 Y75.41 Z8.1 E1
G1 X154.423 Y77.193 Z8.1 E1
G1 X154.351 Y77.342 Z8.1 E1
G1 X154.23 Y77.385 Z8.1 E1
G1 X152.447 Y77.385 Z8.1 E1
G1 X152.447 Y90.763 Z8.1 E1
G1 X164.106 Y90.763 Z8.1 E1
G1 X164.243 Y90.82 Z8.1 E1
G1 X164.299 Y90.955 Z8.1 E1
G1 X164.299 Y100.832 Z8.1 E1
G1 X164.254 Y101.02 Z8.1 E1
G1 X164.106 Y101.089 Z8.1 E1
G1 X158.148 Y101.089 Z8.1 E1
G1 X158.027 Y101.054 Z8.1 E1
G0 X15.768 Y76.994 Z8.4
G1 X15.746 Y77.005 Z8.4 E1
G1 X15.701 Y77.193 Z8.4 E1
G1 X15.701 Y100.896 Z8.4 E1
G1 X15.77 Y101.044 Z8.4 E1
G1 X15.926 Y101.089 Z8.4 E1
G1 X21.884 Y101.089 Z8.4 E1
G1 X22.032 Y101.02 Z8.4 E1
G1 X22.077 Y100.832 Z8.4 E1
G1 X22.077 Y77.129 Z8.4 E1
G1 X22.008 Y76.981 Z8.4 E1
G1 X21.852 Y76.936 Z8.4 E1
G1 X15.894 Y76.936 Z8.4 E1
G1 X15.823 Y76.969 Z8.4 E1
G0 X25.638 Y77.319 Z8.4
G1 X25.577 Y77.193 Z8.4 E1
G1 X25.577 Y75.41 Z8.4 E1
G1 X23.827 Y75.41 Z8.4 E1
G1 X23.671 Y75.365 Z8.4 E1
G1 X23.602 Y75.218 Z8.4 E1
G1 X23.602 Y73.435 Z8.4 E1
G1 X14.176 Y73.435 Z8.4 E1
G1 X14.176 Y75.185 Z8.4 E1
G1 X14.13 Y75.342 Z8.4 E1
G1 X13.983 Y75.41 Z8.4 E1
G1 X12.2 Y75.41 Z8.4 E1
G1 X12.2 Y77.193 Z8.4 E1
G1 X12.129 Y77.342 Z8.4 E1
G1 X12.007 Y77.385 Z8.4 E1
G1 X10.225 Y77.385 Z8.4 E1
G1 X10.225 Y100.639 Z8.4 E1
G1 X12.007 Y100.639 Z8.4 E1
G1 X12.129 Y100.683 Z8.4 E1
G1 X12.2 Y100.832 Z8.4 E1
G1 X12.2 Y102.615 Z8.4 E1
G1 X13.951 Y102.615 Z8.4 E1
G1 X14.107 Y102.66 Z8.4 E1
G1 X14.176 Y102.807 Z8.4 E1
G1 X14.176 Y104.59 Z8.4 E1
G1 X23.602 Y104.59 Z8.4 E1
G1 X23.602 Y102.84 Z8.4 E1
G1 X23.647 Y102.683 Z8.4 E1
G1 X23.795 Y102.615 Z8.4 E1
G1 X25.577 Y102.615 Z8.4 E1
G1 X25.577 Y100.832 Z8.4 E1
G1 X25.649 Y100.683 Z8.4 E1
G1 X25.77 Y100.639 Z8.4 E1
G1 X27.553 Y100.639 Z8.4 E1
G1 X27.553 Y77.385 Z8.4 E1
G1 X25.77 Y77.385 Z8.4 E1
G1 X25.681 Y77.354 Z8.4 E1
G0 X49.346 Y76.994 Z8.4
G1 X49.474 Y76.936 Z8.4 E1
G1 X55.432 Y76.936 Z8.4 E1
G1 X55.588 Y76.981 Z8.4 E1
G1 X55.657 Y77.129 Z8.4 E1
G1 X55.657 Y104.59 Z8.4 E1
G1 X57.182 Y104.59 Z8.4 E1
G1 X57.182 Y102.807 Z8.4 E1
G1 X57.26 Y102.653 Z8.4 E1
G1 X57.375 Y102.615 Z8.4 E1
G1 X59.158 Y102.615 Z8.4 E1
G1 X59.158 Y100.832 Z8.4 E1
G1 X59.229 Y100.683 Z8.4 E1
G1 X59.351 Y100.639 Z8.4 E1
G1 X61.133 Y100.639 Z8.4 E1
G1 X61.133 Y77.385 Z8.4 E1
G1 X59.351 Y77.385 Z8.4 E1
G1 X59.229 Y77.342 Z8.4 E1
G1 X59.158 Y77.193 Z8.4 E1
G1 X59.158 Y75.41 Z8.4 E1
G1 X57.407 Y75.41 Z8.4 E1
G1 X57.251 Y75.365 Z8.4 E1
G1 X57.182 Y75.217 Z8.4 E1
G1 X57.182 Y73.435 Z8.4 E1
G1 X49.474 Y73.435 Z8.4 E1
G1 X49.358 Y73.396 Z8.4 E1
G1 X49.281 Y73.242 Z8.4 E1
G1 X49.281 Y71.46 Z8.4 E1
G1 X43.805 Y71.46 Z8.4 E1
G1 X43.805 Y73.242 Z8.4 E1
G1 X43.757 Y73.37 Z8.4 E1
G1 X43.612 Y73.435 Z8.4 E1
G1 X35.904 Y73.435 Z8.4 E1
G1 X35.904 Y75.185 Z8.4 E1
G1 X35.859 Y75.341 Z8.4 E1
G1 X35.711 Y75.41 Z8.4 E1
G1 X33.929 Y75.41 Z8.4 E1
G1 X33.929 Y77.193 Z8.4 E1
G1 X33.858 Y77.342 Z8.4 E1
G1 X33.736 Y77.385 Z8.4 E1
G1 X31.954 Y77.385 Z8.4 E1
G1 X31.954 Y100.639 Z8.4 E1
G1 X33.736 Y100.639 Z8.4 E1
G1 X33.858 Y100.683 Z8.4 E1
G1 X33.929 Y100.832 Z8.4 E1
G1 X33.929 Y102.615 Z8.4 E1
G1 X35.679 Y102.615 Z8.4 E1
G1 X35.827 Y102.653 Z8.4 E1
G1 X35.904 Y102.807 Z8.4 E1
G1 X35.904 Y104.59 Z8.4 E1
G1 X37.429 Y104.59 Z8.4 E1
G1 X37.43 Y77.193 Z8.4 E1
G1 X37.475 Y77.005 Z8.4 E1
G1 X37.622 Y76.936 Z8.4 E1
G1 X43.612 Y76.936 Z8.4 E1
G1 X43.757 Y77.001 Z8.4 E1
G1 X43.805 Y77.129 Z8.4 E1
G1 X43.805 Y104.59 Z8.4 E1
G1 X49.281 Y104.59 Z8.4 E1
G1 X49.281 Y77.129 Z8.4 E1
G1 X49.315 Y77.04 Z8.4 E1
G0 X77.323 Y87.208 Z8.4
G1 X77.329 Y87.205 Z8.4 E1
G1 X77.386 Y87.069 Z8.4 E1
G1 X77.386 Y77.129 Z8.4 E1
G1 X77.318 Y76.982 Z8.4 E1
G1 X77.193 Y76.936 Z8.4 E1
G1 X71.203 Y76.936 Z8.4 E1
G1 X71.055 Y77.005 Z8.4 E1
G1 X71.01 Y77.193 Z8.4 E1
G1 X71.01 Y87.069 Z8.4 E1
G1 X71.058 Y87.197 Z8.4 E1
G1 X71.203 Y87.262 Z8.4 E1
G1 X77.193 Y87.262 Z8.4 E1
G1 X77.267 Y87.231 Z8.4 E1
G0 X65.469 Y87.204 Z8.4
G1 X65.341 Y87.262 Z8.4 E1
G1 X63.558 Y87.262 Z8.4 E1
G1 X63.558 Y90.763 Z8.4 E1
G1 X65.341 Y90.763 Z8.4 E1
G1 X65.485 Y90.828 Z8.4 E1
G1 X65.534 Y90.955 Z8.4 E1
G1 X65.534 Y104.59 Z8.4 E1
G1 X71.01 Y104.59 Z8.4 E1
G1 X71.01 Y90.955 Z8.4 E1
G1 X71.058 Y90.828 Z8.4 E1
G1 X71.203 Y90.763 Z8.4 E1
G1 X77.193 Y90.763 Z8.4 E1
G1 X77.329 Y90.819 Z8.4 E1
G1 X77.386 Y90.955 Z8.4 E1
G1 X77.386 Y104.59 Z8.4 E1
G1 X78.911 Y104.59 Z8.4 E1
G1 X78.911 Y102.807 Z8.4 E1
G1 X78.988 Y102.653 Z8.4 E1
G1 X79.104 Y102.615 Z8.4 E1
G1 X80.886 Y102.615 Z8.4 E1
G1 X80.886 Y100.832 Z8.4 E1
G1 X80.957 Y100.683 Z8.4 E1
G1 X81.079 Y100.639 Z8.4 E1
G1 X82.861 Y100.639 Z8.4 E1
G1 X82.862 Y73.435 Z8.4 E1
G1 X69.485 Y73.435 Z8.4 E1
G1 X69.485 Y75.185 Z8.4 E1
G1 X69.439 Y75.342 Z8.4 E1
G1 X69.292 Y75.41 Z8.4 E1
G1 X67.509 Y75.41 Z8.4 E1
G1 X67.509 Y77.193 Z8.4 E1
G1 X67.438 Y77.342 Z8.4 E1
G1 X67.316 Y77.385 Z8.4 E1
G1 X65.534 Y77.385 Z8.4 E1
G1 X65.534 Y87.069 Z8.4 E1
G1 X65.5 Y87.158 Z8.4 E1
G0 X99.055 Y77.001 Z8.4
G1 X99.046 Y76.982 Z8.4 E1
G1 X98.921 Y76.936 Z8.4 E1
G1 X92.931 Y76.936 Z8.4 E1
G1 X92.783 Y77.005 Z8.4 E1
G1 X92.738 Y77.193 Z8.4 E1
G1 X92.738 Y87.069 Z8.4 E1
G1 X92.786 Y87.197 Z8.4 E1
G1 X92.931 Y87.262 Z8.4 E1
G1 X98.921 Y87.262 Z8.4 E1
G1 X99.069 Y87.193 Z8.4 E1
G1 X99.114 Y87.005 Z8.4 E1
G1 X99.114 Y77.129 Z8.4 E1
G1 X99.08 Y77.056 Z8.4 E1
G0 X92.803 Y93.131 Z8.4
G1 X92.786 Y93.123 Z8.4 E1
G1 X92.738 Y92.995 Z8.4 E1
G1 X92.738 Y90.955 Z8.4 E1
G1 X92.786 Y90.828 Z8.4 E1
G1 X92.931 Y90.763 Z8.4 E1
G1 X100.64 Y90.763 Z8.4 E1
G1 X100.64 Y89.012 Z8.4 E1
G1 X100.685 Y88.856 Z8.4 E1
G1 X100.832 Y88.787 Z8.4 E1
G1 X102.615 Y88.787 Z8.4 E1
G1 X102.615 Y87.005 Z8.4 E1
G1 X102.686 Y86.855 Z8.4 E1
G1 X102.807 Y86.812 Z8.4 E1
G1 X104.59 Y86.812 Z8.4 E1
G1 X104.59 Y73.435 Z8.4 E1
G1 X91.213 Y73.435 Z8.4 E1
G1 X91.213 Y75.185 Z8.4 E1
G1 X91.168 Y75.342 Z8.4 E1
G1 X91.02 Y75.41 Z8.4 E1
G1 X89.237 Y75.41 Z8.4 E1
G1 X89.237 Y77.193 Z8.4 E1
G1 X89.166 Y77.342 Z8.4 E1
G1 X89.045 Y77.385 Z8.4 E1
G1 X87.262 Y77.385 Z8.4 E1
G1 X87.262 Y87.069 Z8.4 E1
G1 X87.214 Y87.197 Z8.4 E1
G1 X87.069 Y87.262 Z8.4 E1
G1 X85.287 Y87.262 Z8.4 E1
G1 X85.287 Y90.763 Z8.4 E1
G1 X87.069 Y90.763 Z8.4 E1
G1 X87.214 Y90.828 Z8.4 E1
G1 X87.262 Y90.955 Z8.4 E1
G1 X87.262 Y92.995 Z8.4 E1
G1 X87.214 Y93.123 Z8.4 E1
G1 X87.069 Y93.188 Z8.4 E1
G1 X85.287 Y93.188 Z8.4 E1
G1 X85.287 Y96.689 Z8.4 E1
G1 X87.069 Y96.689 Z8.4 E1
G1 X87.214 Y96.754 Z8.4 E1
G1 X87.262 Y96.882 Z8.4 E1
G1 X87.262 Y108.54 Z8.4 E1
G1 X92.738 Y108.541 Z8.4 E1
G1 X92.738 Y96.882 Z8.4 E1
G1 X92.786 Y96.754 Z8.4 E1
G1 X92.931 Y96.689 Z8.4 E1
G1 X98.921 Y96.689 Z8.4 E1
G1 X99.046 Y96.735 Z8.4 E1
G1 X99.114 Y96.882 Z8.4 E1
G1 X99.114 Y108.54 Z8.4 E1
G1 X100.903 Y108.54 Z8.4 E1
G1 X100.903 Y106.758 Z8.4 E1
G1 X100.966 Y106.615 Z8.4 E1
G1 X101.095 Y106.565 Z8.4 E1
G1 X102.615 Y106.565 Z8.4 E1
G1 X102.615 Y104.783 Z8.4 E1
G1 X102.686 Y104.633 Z8.4 E1
G1 X102.807 Y104.59 Z8.4 E1
G1 X104.59 Y104.59 Z8.4 E1
G1 X104.59 Y93.188 Z8.4 E1
G1 X92.931 Y93.188 Z8.4 E1
G1 X92.857 Y93.155 Z8.4 E1
G0 X124.403 Y80.952 Z8.4
G1 X124.414 Y80.929 Z8.4 E1
G1 X124.536 Y80.886 Z8.4 E1
G1 X126.318 Y80.886 Z8.4 E1
G1 X126.318 Y73.435 Z8.4 E1
G1 X112.941 Y73.435 Z8.4 E1
G1 X112.941 Y75.185 Z8.4 E1
G1 X112.896 Y75.342 Z8.4 E1
G1 X112.748 Y75.41 Z8.4 E1
G1 X110.966 Y75.41 Z8.4 E1
G1 X110.966 Y77.193 Z8.4 E1
G1 X110.894 Y77.342 Z8.4 E1
G1 X110.773 Y77.385 Z8.4 E1
G1 X108.99 Y77.385 Z8.4 E1
G1 X108.99 Y104.59 Z8.4 E1
G1 X122.368 Y104.59 Z8.4 E1
G1 X122.368 Y102.84 Z8.4 E1
G1 X122.413 Y102.683 Z8.4 E1
G1 X122.56 Y102.615 Z8.4 E1
G1 X124.343 Y102.614 Z8.4 E1
G1 X124.343 Y100.832 Z8.4 E1
G1 X124.42 Y100.678 Z8.4 E1
G1 X124.536 Y100.639 Z8.4 E1
G1 X126.318 Y100.639 Z8.4 E1
G1 X126.318 Y97.139 Z8.4 E1
G1 X124.568 Y97.139 Z8.4 E1
G1 X124.42 Y97.1 Z8.4 E1
G1 X124.343 Y96.946 Z8.4 E1
G1 X124.343 Y95.163 Z8.4 E1
G1 X122.593 Y95.163 Z8.4 E1
G1 X122.445 Y95.125 Z8.4 E1
G1 X122.368 Y94.97 Z8.4 E1
G1 X122.368 Y93.188 Z8.4 E1
G1 X120.842 Y93.188 Z8.4 E1
G1 X120.842 Y100.832 Z8.4 E1
G1 X120.797 Y101.02 Z8.4 E1
G1 X120.649 Y101.089 Z8.4 E1
G1 X114.659 Y101.089 Z8.4 E1
G1 X114.534 Y101.043 Z8.4 E1
G1 X114.466 Y100.896 Z8.4 E1
G1 X114.466 Y77.193 Z8.4 E1
G1 X114.512 Y77.005 Z8.4 E1
G1 X114.659 Y76.936 Z8.4 E1
G1 X120.649 Y76.936 Z8.4 E1
G1 X120.775 Y76.982 Z8.4 E1
G1 X120.842 Y77.129 Z8.4 E1
G1 X120.842 Y84.837 Z8.4 E1
G1 X122.368 Y84.837 Z8.4 E1
G1 X122.368 Y83.054 Z8.4 E1
G1 X122.445 Y82.9 Z8.4 E1
G1 X122.56 Y82.861 Z8.4 E1
G1 X124.343 Y82.861 Z8.4 E1
G1 X124.343 Y81.079 Z8.4 E1
G1 X124.377 Y81.006 Z8.4 E1
G0 X148.109 Y88.855 Z8.4
G1 X148.122 Y88.827 Z8.4 E1
G1 X148.239 Y88.787 Z8.4 E1
G1 X150.022 Y88.787 Z8.4 E1
G1 X150.022 Y87.262 Z8.4 E1
G1 X148.239 Y87.262 Z8.4 E1
G1 X148.122 Y87.222 Z8.4 E1
G1 X148.047 Y87.069 Z8.4 E1
G1 X148.047 Y77.385 Z8.4 E1
G1 X146.264 Y77.385 Z8.4 E1
G1 X146.142 Y77.342 Z8.4 E1
G1 X146.071 Y77.193 Z8.4 E1
G1 X146.071 Y75.41 Z8.4 E1
G1 X144.321 Y75.41 Z8.4 E1
G1 X144.173 Y75.372 Z8.4 E1
G1 X144.096 Y75.217 Z8.4 E1
G1 X144.096 Y73.435 Z8.4 E1
G1 X142.571 Y73.435 Z8.4 E1
G1 X142.571 Y87.069 Z8.4 E1
G1 X142.515 Y87.205 Z8.4 E1
G1 X142.378 Y87.262 Z8.4 E1
G1 X136.388 Y87.262 Z8.4 E1
G1 X136.243 Y87.197 Z8.4 E1
G1 X136.195 Y87.069 Z8.4 E1
G1 X136.195 Y73.435 Z8.4 E1
G1 X134.669 Y73.435 Z8.4 E1
G1 X134.669 Y75.218 Z8.4 E1
G1 X134.592 Y75.372 Z8.4 E1
G1 X134.477 Y75.41 Z8.4 E1
G1 X132.694 Y75.41 Z8.4 E1
G1 X132.694 Y77.193 Z8.4 E1
G1 X132.623 Y77.342 Z8.4 E1
G1 X132.501 Y77.385 Z8.4 E1
G1 X130.719 Y77.385 Z8.4 E1
G1 X130.719 Y87.069 Z8.4 E1
G1 X130.67 Y87.197 Z8.4 E1
G1 X130.526 Y87.262 Z8.4 E1
G1 X128.744 Y87.262 Z8.4 E1
G1 X128.744 Y89.012 Z8.4 E1
G1 X128.705 Y89.16 Z8.4 E1
G1 X128.551 Y89.237 Z8.4 E1
G1 X126.768 Y89.237 Z8.4 E1
G1 X126.768 Y90.763 Z8.4 E1
G1 X130.526 Y90.763 Z8.4 E1
G1 X130.67 Y90.828 Z8.4 E1
G1 X130.719 Y90.955 Z8.4 E1
G1 X130.719 Y104.59 Z8.4 E1
G1 X136.195 Y104.59 Z8.4 E1
G1 X136.195 Y90.955 Z8.4 E1
G1 X136.243 Y90.828 Z8.4 E1
G1 X136.388 Y90.763 Z8.4 E1
G1 X142.378 Y90.763 Z8.4 E1
G1 X142.515 Y90.82 Z8.4 E1
G1 X142.571 Y90.955 Z8.4 E1
G1 X142.571 Y104.59 Z8.4 E1
G1 X144.096 Y104.59 Z8.4 E1
G1 X144.096 Y102.807 Z8.4 E1
G1 X144.173 Y102.653 Z8.4 E1
G1 X144.289 Y102.615 Z8.4 E1
G1 X146.071 Y102.615 Z8.4 E1
G1 X146.071 Y100.832 Z8.4 E1
G1 X146.142 Y100.683 Z8.4 E1
G1 X146.264 Y100.639 Z8.4 E1
G1 X148.047 Y100.639 Z8.4 E1
G1 X148.047 Y88.98 Z8.4 E1
G1 X148.082 Y88.908 Z8.4 E1
G0 X157.982 Y101.023 Z8.4
G1 X157.923 Y100.896 Z8.4 E1
G1 X157.923 Y93.188 Z8.4 E1
G1 X154.423 Y93.188 Z8.4 E1
G1 X154.423 Y94.97 Z8.4 E1
G1 X154.351 Y95.12 Z8.4 E1
G1 X154.23 Y95.163 Z8.4 E1
G1 X152.447 Y95.163 Z8.4 E1
G1 X152.447 Y100.639 Z8.4 E1
G1 X154.23 Y100.639 Z8.4 E1
G1 X154.351 Y100.683 Z8.4 E1
G1 X154.423 Y100.832 Z8.4 E1
G1 X154.423 Y102.614 Z8.4 E1
G1 X156.173 Y102.614 Z8.4 E1
G1 X156.329 Y102.66 Z8.4 E1
G1 X156.398 Y102.807 Z8.4 E1
G1 X156.398 Y104.59 Z8.4 E1
G1 X165.824 Y104.59 Z8.4 E1
G1 X165.824 Y102.84 Z8.4 E1
G1 X165.87 Y102.683 Z8.4 E1
G1 X166.017 Y102.615 Z8.4 E1
G1 X167.8 Y102.615 Z8.4 E1
G1 X167.8 Y100.832 Z8.4 E1
G1 X167.871 Y100.683 Z8.4 E1
G1 X167.993 Y100.639 Z8.4 E1
G1 X169.775 Y100.639 Z8.4 E1
G1 X169.775 Y77.386 Z8.4 E1
G1 X167.993 Y77.386 Z8.4 E1
G1 X167.871 Y77.342 Z8.4 E1
G1 X167.8 Y77.193 Z8.4 E1
G1 X167.8 Y75.41 Z8.4 E1
G1 X166.049 Y75.41 Z8.4 E1
G1 X165.902 Y75.372 Z8.4 E1
G1 X165.824 Y75.217 Z8.4 E1
G1 X165.824 Y73.435 Z8.4 E1
G1 X164.299 Y73.435 Z8.4 E1
G1 X164.299 Y87.069 Z8.4 E1
G1 X164.243 Y87.205 Z8.4 E1
G1 X164.106 Y87.262 Z8.4 E1
G1 X158.116 Y87.262 Z8.4 E1
G1 X157.991 Y87.216 Z8.4 E1
G1 X157.923 Y87.069 Z8.4 E1
G1 X157.923 Y73.435 Z8.4 E1
G1 X156.398 Y73.435 Z8.4 E1
G1 X156.398 Y75.218 Z8.4 E1
G1 X156.321 Y75.372 Z8.4 E1
G1 X156.205 Y75.41 Z8.4 E1
G1 X154.423 Y75.41 Z8.4 E1
G1 X154.423 Y77.193 Z8.4 E1
G1 X154.351 Y77.342 Z8.4 E1
G1 X154.23 Y77.385 Z8.4 E1
G1 X152.447 Y77.385 Z8.4 E1
G1 X152.447 Y90.763 Z8.4 E1
G1 X164.106 Y90.763 Z8.4 E1
G1 X164.243 Y90.82 Z8.4 E1
G1 X164.299 Y90.955 Z8.4 E1
G1 X164.299 Y100.832 Z8.4 E1
G1 X164.254 Y101.02 Z8.4 E1
G1 X164.106 Y101.089 Z8.4 E1
G1 X158.148 Y101.089 Z8.4 E1
G1 X158.027 Y101.054 Z8.4 E1
G0 X15.768 Y76.994 Z8.7
G1 X15.746 Y77.005 Z8.7 E1
G1 X15.701 Y77.193 Z8.7 E1
G1 X15.701 Y100.896 Z8.7 E1
G1 X15.77 Y101.044 Z8.7 E1
G1 X15.926 Y101.089 Z8.7 E1
G1 X21.884 Y101.089 Z8.7 E1
G1 X22.032 Y101.02 Z8.7 E1
G1 X22.077 Y100.832 Z8.7 E1
G1 X22.077 Y77.129 Z8.7 E1
G1 X22.008 Y76.981 Z8.7 E1
G1 X21.852 Y76.936 Z8.7 E1
G1 X15.894 Y76.936 Z8.7 E1
G1 X15.823 Y76.969 Z8.7 E1
G0 X25.638 Y77.319 Z8.7
G1 X25.577 Y77.193 Z8.7 E1
G1 X25.577 Y75.41 Z8.7 E1
G1 X23.827 Y75.41 Z8.7 E1
G1 X23.671 Y75.365 Z8.7 E1
G1 X23.602 Y75.218 Z8.7 E1
G1 X23.602 Y73.435 Z8.7 E1
G1 X14.176 Y73.435 Z8.7 E1
G1 X14.176 Y75.185 Z8.7 E1
G1 X14.13 Y75.342 Z8.7 E1
G1 X13.983 Y75.41 Z8.7 E1
G1 X12.2 Y75.41 Z8.7 E1
G1 X12.2 Y77.193 Z8.7 E1
G1 X12.129 Y77.342 Z8.7 E1
G1 X12.007 Y77.385 Z8.7 E1
G1 X10.225 Y77.385 Z8.7 E1
G1 X10.225 Y100.639 Z8.7 E1
G1 X12.007 Y100.639 Z8.7 E1
G1 X12.129 Y100.683 Z8.7 E1
G1 X12.2 Y100.832 Z8.7 E1
G1 X12.2 Y102.615 Z8.7 E1
G1 X13.951 Y102.615 Z8.7 E1
G1 X14.107 Y102.66 Z8.7 E1
G1 X14.176 Y102.807 Z8.7 E1
G1 X14.176 Y104.59 Z8.7 E1
G1 X23.602 Y104.59 Z8.7 E1
G1 X23.602 Y102.84 Z8.7 E1
G1 X23.647 Y102.683 Z8.7 E1
G1 X23.795 Y102.615 Z8.7 E1
G1 X25.577 Y102.615 Z8.7 E1
G1 X25.577 Y100.832 Z8.7 E1
G1 X25.649 Y100.683 Z8.7 E1
G1 X25.77 Y100.639 Z8.7 E1
G1 X27.553 Y100.639 Z8.7 E1
G1 X27.553 Y77.385 Z8.7 E1
G1 X25.77 Y77.385 Z8.7 E1
G1 X25.681 Y77.354 Z8.7 E1
G0 X49.346 Y76.994 Z8.7
G1 X49.474 Y76.936 Z8.7 E1
G1 X55.432 Y76.936 Z8.7 E1
G1 X55.588 Y76.981 Z8.7 E1
G1 X55.657 Y77.129 Z8.7 E1
G1 X55.657 Y104.59 Z8.7 E1
G1 X57.182 Y104.59 Z8.7 E1
G1 X57.182 Y102.807 Z8.7 E1
G1 X57.26 Y102.653 Z8.7 E1
G1 X57.375 Y102.615 Z8.7 E1
G1 X59.158 Y102.615 Z8.7 E1
G1 X59.158 Y100.832 Z8.7 E1
G1 X59.229 Y100.683 Z8.7 E1
G1 X59.351 Y100.639 Z8.7 E1
G1 X61.133 Y100.639 Z8.7 E1
G1 X61.133 Y77.385 Z8.7 E1
G1 X59.351 Y77.385 Z8.7 E1
G1 X59.229 Y77.342 Z8.7 E1
G1 X59.158 Y77.193 Z8.7 E1
G1 X59.158 Y75.41 Z8.7 E1
G1 X57.407 Y75.41 Z8.7 E1
G1 X57.251 Y75.365 Z8.7 E1
G1 X57.182 Y75.217 Z8.7 E1
G1 X57.182 Y73.435 Z8.7 E1
G1 X49.474 Y73.435 Z8.7 E1
G1 X49.358 Y73.396 Z8.7 E1
G1 X49.281 Y73.242 Z8.7 E1
G1 X49.281 Y71.46 Z8.7 E1
G1 X43.805 Y71.46 Z8.7 E1
G1 X43.805 Y73.242 Z8.7 E1
G1 X43.757 Y73.37 Z8.7 E1
G1 X43.612 Y73.435 Z8.7 E1
G1 X35.904 Y73.435 Z8.7 E1
G1 X35.904 Y75.185 Z8.7 E1
G1 X35.859 Y75.341 Z8.7 E1
G1 X35.711 Y75.41 Z8.7 E1
G1 X33.929 Y75.41 Z8.7 E1
G1 X33.929 Y77.193 Z8.7 E1
G1 X33.858 Y77.342 Z8.7 E1
G1 X33.736 Y77.385 Z8.7 E1
G1 X31.954 Y77.385 Z8.7 E1
G1 X31.954 Y100.639 Z8.7 E1
G1 X33.736 Y100.639 Z8.7 E1
G1 X33.858 Y100.683 Z8.7 E1
G1 X33.929 Y100.832 Z8.7 E1
G1 X33.929 Y102.615 Z8.7 E1
G1 X35.679 Y102.615 Z8.7 E1
G1 X35.827 Y102.653 Z8.7 E1
G1 X35.904 Y102.807 Z8.7 E1
G1 X35.904 Y104.59 Z8.7 E1
G1 X37.429 Y104.59 Z8.7 E1
G1 X37.43 Y77.193 Z8.7 E1
G1 X37.475 Y77.005 Z8.7 E1
G1 X37.622 Y76.936 Z8.7 E1
G1 X43.612 Y76.936 Z8.7 E1
G1 X43.757 Y77.001 Z8.7 E1
G1 X43.805 Y77.129 Z8.7 E1
G1 X43.805 Y104.59 Z8.7 E1
G1 X49.281 Y104.59 Z8.7 E1
G1 X49.281 Y77.129 Z8.7 E1
G1 X49.315 Y77.04 Z8.7 E1
G0 X77.323 Y87.208 Z8.7
G1 X77.329 Y87.205 Z8.7 E1
G1 X77.386 Y87.069 Z8.7 E1
G1 X77.386 Y77.129 Z8.7 E1
G1 X77.318 Y76.982 Z8.7 E1
G1 X77.193 Y76.936 Z8.7 E1
G1 X71.203 Y76.936 Z8.7 E1
G1 X71.055 Y77.005 Z8.7 E1
G1 X71.01 Y77.193 Z8.7 E1
G1 X71.01 Y87.069 Z8.7 E1
G1 X71.058 Y87.197 Z8.7 E1
G1 X71.203 Y87.262 Z8.7 E1
G1 X77.193 Y87.262 Z8.7 E1
G1 X77.267 Y87.231 Z8.7 E1
G0 X65.469 Y87.204 Z8.7
G1 X65.341 Y87.262 Z8.7 E1
G1 X63.558 Y87.262 Z8.7 E1
G1 X63.558 Y90.763 Z8.7 E1
G1 X65.341 Y90.763 Z8.7 E1
G1 X65.485 Y90.828 Z8.7 E1
G1 X65.534 Y90.955 Z8.7 E1
G1 X65.534 Y104.59 Z8.7 E1
G1 X71.01 Y104.59 Z8.7 E1
G1 X71.01 Y90.955 Z8.7 E1
G1 X71.058 Y90.828 Z8.7 E1
G1 X71.203 Y90.763 Z8.7 E1
G1 X77.193 Y90.763 Z8.7 E1
G1 X77.329 Y90.819 Z8.7 E1
G1 X77.386 Y90.955 Z8.7 E1
G1 X77.386 Y104.59 Z8.7 E1
G1 X78.911 Y104.59 Z8.7 E1
G1 X78.911 Y102.807 Z8.7 E1
G1 X78.988 Y102.653 Z8.7 E1
G1 X79.104 Y102.615 Z8.7 E1
G1 X80.886 Y102.615 Z8.7 E1
G1 X80.886 Y100.832 Z8.7 E1
G1 X80.957 Y100.683 Z8.7 E1
G1 X81.079 Y100.639 Z8.7 E1
G1 X82.861 Y100.639 Z8.7 E1
G1 X82.862 Y73.435 Z8.7 E1
G1 X69.485 Y73.435 Z8.7 E1
G1 X69.485 Y75.185 Z8.7 E1
G1 X69.439 Y75.342 Z8.7 E1
G1 X69.292 Y75.41 Z8.7 E1
G1 X67.509 Y75.41 Z8.7 E1
G1 X67.509 Y77.193 Z8.7 E1
G1 X67.438 Y77.342 Z8.7 E1
G1 X67.316 Y77.385 Z8.7 E1
G1 X65.534 Y77.385 Z8.7 E1
G1 X65.534 Y87.069 Z8.7 E1
G1 X65.5 Y87.158 Z8.7 E1
G0 X99.055 Y77.001 Z8.7
G1 X99.046 Y76.982 Z8.7 E1
G1 X98.921 Y76.936 Z8.7 E1
G1 X92.931 Y76.936 Z8.7 E1
G1 X92.783 Y77.005 Z8.7 E1
G1 X92.738 Y77.193 Z8.7 E1
G1 X92.738 Y87.069 Z8.7 E1
G1 X92.786 Y87.197 Z8.7 E1
G1 X92.931 Y87.262 Z8.7 E1
G1 X98.921 Y87.262 Z8.7 E1
G1 X99.069 Y87.193 Z8.7 E1
G1 X99.114 Y87.005 Z8.7 E1
G1 X99.114 Y77.129 Z8.7 E1
G1 X99.08 Y77.056 Z8.7 E1
G0 X92.803 Y93.131 Z8.7
G1 X92.786 Y93.123 Z8.7 E1
G1 X92.738 Y92.995 Z8.7 E1
G1 X92.738 Y90.955 Z8.7 E1
G1 X92.786 Y90.828 Z8.7 E1
G1 X92.931 Y90.763 Z8.7 E1
G1 X100.64 Y90.763 Z8.7 E1
G1 X100.64 Y89.012 Z8.7 E1
G1 X100.685 Y88.856 Z8.7 E1
G1 X100.832 Y88.787 Z8.7 E1
G1 X102.615 Y88.787 Z8.7 E1
G1 X102.615 Y87.005 Z8.7 E1
G1 X102.686 Y86.855 Z8.7 E1
G1 X102.807 Y86.812 Z8.7 E1
G1 X104.59 Y86.812 Z8.7 E1
G1 X104.59 Y73.435 Z8.7 E1
G1 X91.213 Y73.435 Z8.7 E1
G1 X91.213 Y75.185 Z8.7 E1
G1 X91.168 Y75.342 Z8.7 E1
G1 X91.02 Y75.41 Z8.7 E1
G1 X89.237 Y75.41 Z8.7 E1
G1 X89.237 Y77.193 Z8.7 E1
G1 X89.166 Y77.342 Z8.7 E1
G1 X89.045 Y77.385 Z8.7 E1
G1 X87.262 Y77.385 Z8.7 E1
G1 X87.262 Y87.069 Z8.7 E1
G1 X87.214 Y87.197 Z8.7 E1
G1 X87.069 Y87.262 Z8.7 E1
G1 X85.287 Y87.262 Z8.7 E1
G1 X85.287 Y90.763 Z8.7 E1
G1 X87.069 Y90.763 Z8.7 E1
G1 X87.214 Y90.828 Z8.7 E1
G1 X87.262 Y90.955 Z8.7 E1
G1 X87.262 Y92.995 Z8.7 E1
G1 X87.214 Y93.123 Z8.7 E1
G1 X87.069 Y93.188 Z8.7 E1
G1 X85.287 Y93.188 Z8.7 E1
G1 X85.287 Y96.689 Z8.7 E1
G1 X87.069 Y96.689 Z8.7 E1
G1 X87.214 Y96.754 Z8.7 E1
G1 X87.262 Y96.882 Z8.7 E1
G1 X87.262 Y108.54 Z8.7 E1
G1 X92.738 Y108.541 Z8.7 E1
G1 X92.738 Y96.882 Z8.7 E1
G1 X92.786 Y96.754 Z8.7 E1
G1 X92.931 Y96.689 Z8.7 E1
G1 X98.921 Y96.689 Z8.7 E1
G1 X99.046 Y96.735 Z8.7 E1
G1 X99.114 Y96.882 Z8.7 E1
G1 X99.114 Y108.54 Z8.7 E1
G1 X100.903 Y108.54 Z8.7 E1
G1 X100.903 Y106.758 Z8.7 E1
G1 X100.966 Y106.615 Z8.7 E1
G1 X101.095 Y106.565 Z8.7 E1
G1 X102.615 Y106.565 Z8.7 E1
G1 X102.615 Y104.783 Z8.7 E1
G1 X102.686 Y104.633 Z8.7 E1
G1 X102.807 Y104.59 Z8.7 E1
G1 X104.59 Y104.59 Z8.7 E1
G1 X104.59 Y93.188 Z8.7 E1
G1 X92.931 Y93.188 Z8.7 E1
G1 X92.857 Y93.155 Z8.7 E1
G0 X124.403 Y80.952 Z8.7
G1 X124.414 Y80.929 Z8.7 E1
G1 X124.536 Y80.886 Z8.7 E1
G1 X126.318 Y80.886 Z8.7 E1
G1 X126.318 Y73.435 Z8.7 E1
G1 X112.941 Y73.435 Z8.7 E1
G1 X112.941 Y75.185 Z8.7 E1
G1 X112.896 Y75.342 Z8.7 E1
G1 X112.748 Y75.41 Z8.7 E1
G1 X110.966 Y75.41 Z8.7 E1
G1 X110.966 Y77.193 Z8.7 E1
G1 X110.894 Y77.342 Z8.7 E1
G1 X110.773 Y77.385 Z8.7 E1
G1 X108.99 Y77.385 Z8.7 E1
G1 X108.99 Y104.59 Z8.7 E1
G1 X122.368 Y104.59 Z8.7 E1
G1 X122.368 Y102.84 Z8.7 E1
G1 X122.413 Y102.683 Z8.7 E1
G1 X122.56 Y102.615 Z8.7 E1
G1 X124.343 Y102.614 Z8.7 E1
G1 X124.343 Y100.832 Z8.7 E1
G1 X124.42 Y100.678 Z8.7 E1
G1 X124.536 Y100.639 Z8.7 E1
G1 X126.318 Y100.639 Z8.7 E1
G1 X126.318 Y97.139 Z8.7 E1
G1 X124.568 Y97.139 Z8.7 E1
G1 X124.42 Y97.1 Z8.7 E1
G1 X124.343 Y96.946 Z8.7 E1
G1 X124.343 Y95.163 Z8.7 E1
G1 X122.593 Y95.163 Z8.7 E1
G1 X122.445 Y95.125 Z8.7 E1
G1 X122.368 Y94.97 Z8.7 E1
G1 X122.368 Y93.188 Z8.7 E1
G1 X120.842 Y93.188 Z8.7 E1
G1 X120.842 Y100.832 Z8.7 E1
G1 X120.797 Y101.02 Z8.7 E1
G1 X120.649 Y101.089 Z8.7 E1
G1 X114.659 Y101.089 Z8.7 E1
G1 X114.534 Y101.043 Z8.7 E1
G1 X114.466 Y100.896 Z8.7 E1
G1 X114.466 Y77.193 Z8.7 E1
G1 X114.512 Y77.005 Z8.7 E1
G1 X114.659 Y76.936 Z8.7 E1
G1 X120.649 Y76.936 Z8.7 E1
G1 X120.775 Y76.982 Z8.7 E1
G1 X120.842 Y77.129 Z8.7 E1
G1 X120.842 Y84.837 Z8.7 E1
G1 X122.368 Y84.837 Z8.7 E1
G1 X122.368 Y83.054 Z8.7 E1
G1 X122.445 Y82.9 Z8.7 E1
G1 X122.56 Y82.861 Z8.7 E1
G1 X124.343 Y82.861 Z8.7 E1
G1 X124.343 Y81.079 Z8.7 E1
G1 X124.377 Y81.006 Z8.7 E1
G0 X148.109 Y88.855 Z8.7
G1 X148.122 Y88.827 Z8.7 E1
G1 X148.239 Y88.787 Z8.7 E1
G1 X150.022 Y88.787 Z8.7 E1
G1 X150.022 Y87.262 Z8.7 E1
G1 X148.239 Y87.262 Z8.7 E1
G1 X148.122 Y87.222 Z8.7 E1
G1 X148.047 Y87.069 Z8.7 E1
G1 X148.047 Y77.385 Z8.7 E1
G1 X146.264 Y77.385 Z8.7 E1
G1 X146.142 Y77.342 Z8.7 E1
G1 X146.071 Y77.193 Z8.7 E1
G1 X146.071 Y75.41 Z8.7 E1
G1 X144.321 Y75.41 Z8.7 E1
G1 X144.173 Y75.372 Z8.7 E1
G1 X144.096 Y75.217 Z8.7 E1
G1 X144.096 Y73.435 Z8.7 E1
G1 X142.571 Y73.435 Z8.7 E1
G1 X142.571 Y87.069 Z8.7 E1
G1 X142.515 Y87.205 Z8.7 E1
G1 X142.378 Y87.262 Z8.7 E1
G1 X136.388 Y87.262 Z8.7 E1
G1 X136.243 Y87.197 Z8.7 E1
G1 X136.195 Y87.069 Z8.7 E1
G1 X136.195 Y73.435 Z8.7 E1
G1 X134.669 Y73.435 Z8.7 E1
G1 X134.669 Y75.218 Z8.7 E1
G1 X134.592 Y75.372 Z8.7 E1
G1 X134.477 Y75.41 Z8.7 E1
G1 X132.694 Y75.41 Z8.7 E1
G1 X132.694 Y77.193 Z8.7 E1
G1 X132.623 Y77.342 Z8.7 E1
G1 X132.501 Y77.385 Z8.7 E1
G1 X130.719 Y77.385 Z8.7 E1
G1 X130.719 Y87.069 Z8.7 E1
G1 X130.67 Y87.197 Z8.7 E1
G1 X130.526 Y87.262 Z8.7 E1
G1 X128.744 Y87.262 Z8.7 E1
G1 X128.744 Y89.012 Z8.7 E1
G1 X128.705 Y89.16 Z8.7 E1
G1 X128.551 Y89.237 Z8.7 E1
G1 X126.768 Y89.237 Z8.7 E1
G1 X126.768 Y90.763 Z8.7 E1
G1 X130.526 Y90.763 Z8.7 E1
G1 X130.67 Y90.828 Z8.7 E1
G1 X130.719 Y90.955 Z8.7 E1
G1 X130.719 Y104.59 Z8.7 E1
G1 X136.195 Y104.59 Z8.7 E1
G1 X136.195 Y90.955 Z8.7 E1
G1 X136.243 Y90.828 Z8.7 E1
G1 X136.388 Y90.763 Z8.7 E1
G1 X142.378 Y90.763 Z8.7 E1
G1 X142.515 Y90.82 Z8.7 E1
G1 X142.571 Y90.955 Z8.7 E1
G1 X142.571 Y104.59 Z8.7 E1
G1 X144.096 Y104.59 Z8.7 E1
G1 X144.096 Y102.807 Z8.7 E1
G1 X144.173 Y102.653 Z8.7 E1
G1 X144.289 Y102.615 Z8.7 E1
G1 X146.071 Y102.615 Z8.7 E1
G1 X146.071 Y100.832 Z8.7 E1
G1 X146.142 Y100.683 Z8.7 E1
G1 X146.264 Y100.639 Z8.7 E1
G1 X148.047 Y100.639 Z8.7 E1
G1 X148.047 Y88.98 Z8.7 E1
G1 X148.082 Y88.908 Z8.7 E1
G0 X157.982 Y101.023 Z8.7
G1 X157.923 Y100.896 Z8.7 E1
G1 X157.923 Y93.188 Z8.7 E1
G1 X154.423 Y93.188 Z8.7 E1
G1 X154.423 Y94.97 Z8.7 E1
G1 X154.351 Y95.12 Z8.7 E1
G1 X154.23 Y95.163 Z8.7 E1
G1 X152.447 Y95.163 Z8.7 E1
G1 X152.447 Y100.639 Z8.7 E1
G1 X154.23 Y100.639 Z8.7 E1
G1 X154.351 Y100.683 Z8.7 E1
G1 X154.423 Y100.832 Z8.7 E1
G1 X154.423 Y102.614 Z8.7 E1
G1 X156.173 Y102.614 Z8.7 E1
G1 X156.329 Y102.66 Z8.7 E1
G1 X156.398 Y102.807 Z8.7 E1
G1 X156.398 Y104.59 Z8.7 E1
G1 X165.824 Y104.59 Z8.7 E1
G1 X165.824 Y102.84 Z8.7 E1
G1 X165.87 Y102.683 Z8.7 E1
G1 X166.017 Y102.615 Z8.7 E1
G1 X167.8 Y102.615 Z8.7 E1
G1 X167.8 Y100.832 Z8.7 E1
G1 X167.871 Y100.683 Z8.7 E1
G1 X167.993 Y100.639 Z8.7 E1
G1 X169.775 Y100.639 Z8.7 E1
G1 X169.775 Y77.386 Z8.7 E1
G1 X167.993 Y77.386 Z8.7 E1
G1 X167.871 Y77.342 Z8.7 E1
G1 X167.8 Y77.193 Z8.7 E1
G1 X167.8 Y75.41 Z8.7 E1
G1 X166.049 Y75.41 Z8.7 E1
G1 X165.902 Y75.372 Z8.7 E1
G1 X165.824 Y75.217 Z8.7 E1
G1 X165.824 Y73.435 Z8.7 E1
G1 X164.299 Y73.435 Z8.7 E1
G1 X164.299 Y87.069 Z8.7 E1
G1 X164.243 Y87.205 Z8.7 E1
G1 X164.106 Y87.262 Z8.7 E1
G1 X158.116 Y87.262 Z8.7 E1
G1 X157.991 Y87.216 Z8.7 E1
G1 X157.923 Y87.069 Z8.7 E1
G1 X157.923 Y73.435 Z8.7 E1
G1 X156.398 Y73.435 Z8.7 E1
G1 X156.398 Y75.218 Z8.7 E1
G1 X156.321 Y75.372 Z8.7 E1
G1 X156.205 Y75.41 Z8.7 E1
G1 X154.423 Y75.41 Z8.7 E1
G1 X154.423 Y77.193 Z8.7 E1
G1 X154.351 Y77.342 Z8.7 E1
G1 X154.23 Y77.385 Z8.7 E1
G1 X152.447 Y77.385 Z8.7 E1
G1 X152.447 Y90.763 Z8.7 E1
G1 X164.106 Y90.763 Z8.7 E1
G1 X164.243 Y90.82 Z8.7 E1
G1 X164.299 Y90.955 Z8.7 E1
G1 X164.299 Y100.832 Z8.7 E1
G1 X164.254 Y101.02 Z8.7 E1
G1 X164.106 Y101.089 Z8.7 E1
G1 X158.148 Y101.089 Z8.7 E1
G1 X158.027 Y101.054 Z8.7 E1
G0 X15.768 Y76.994 Z9.0
G1 X15.746 Y77.005 Z9.0 E1
G1 X15.701 Y77.193 Z9.0 E1
G1 X15.701 Y100.896 Z9.0 E1
G1 X15.77 Y101.044 Z9.0 E1
G1 X15.926 Y101.089 Z9.0 E1
G1 X21.884 Y101.089 Z9.0 E1
G1 X22.032 Y101.02 Z9.0 E1
G1 X22.077 Y100.832 Z9.0 E1
G1 X22.077 Y77.129 Z9.0 E1
G1 X22.008 Y76.981 Z9.0 E1
G1 X21.852 Y76.936 Z9.0 E1
G1 X15.894 Y76.936 Z9.0 E1
G1 X15.823 Y76.969 Z9.0 E1
G0 X25.638 Y77.319 Z9.0
G1 X25.577 Y77.193 Z9.0 E1
G1 X25.577 Y75.41 Z9.0 E1
G1 X23.827 Y75.41 Z9.0 E1
G1 X23.671 Y75.365 Z9.0 E1
G1 X23.602 Y75.218 Z9.0 E1
G1 X23.602 Y73.435 Z9.0 E1
G1 X14.176 Y73.435 Z9.0 E1
G1 X14.176 Y75.185 Z9.0 E1
G1 X14.13 Y75.342 Z9.0 E1
G1 X13.983 Y75.41 Z9.0 E1
G1 X12.2 Y75.41 Z9.0 E1
G1 X12.2 Y77.193 Z9.0 E1
G1 X12.129 Y77.342 Z9.0 E1
G1 X12.007 Y77.385 Z9.0 E1
G1 X10.225 Y77.385 Z9.0 E1
G1 X10.225 Y100.639 Z9.0 E1
G1 X12.007 Y100.639 Z9.0 E1
G1 X12.129 Y100.683 Z9.0 E1
G1 X12.2 Y100.832 Z9.0 E1
G1 X12.2 Y102.615 Z9.0 E1
G1 X13.951 Y102.615 Z9.0 E1
G1 X14.107 Y102.66 Z9.0 E1
G1 X14.176 Y102.807 Z9.0 E1
G1 X14.176 Y104.59 Z9.0 E1
G1 X23.602 Y104.59 Z9.0 E1
G1 X23.602 Y102.84 Z9.0 E1
G1 X23.647 Y102.683 Z9.0 E1
G1 X23.795 Y102.615 Z9.0 E1
G1 X25.577 Y102.615 Z9.0 E1
G1 X25.577 Y100.832 Z9.0 E1
G1 X25.649 Y100.683 Z9.0 E1
G1 X25.77 Y100.639 Z9.0 E1
G1 X27.553 Y100.639 Z9.0 E1
G1 X27.553 Y77.385 Z9.0 E1
G1 X25.77 Y77.385 Z9.0 E1
G1 X25.681 Y77.354 Z9.0 E1
G0 X49.346 Y76.994 Z9.0
G1 X49.474 Y76.936 Z9.0 E1
G1 X55.432 Y76.936 Z9.0 E1
G1 X55.588 Y76.981 Z9.0 E1
G1 X55.657 Y77.129 Z9.0 E1
G1 X55.657 Y104.59 Z9.0 E1
G1 X57.182 Y104.59 Z9.0 E1
G1 X57.182 Y102.807 Z9.0 E1
G1 X57.26 Y102.653 Z9.0 E1
G1 X57.375 Y102.615 Z9.0 E1
G1 X59.158 Y102.615 Z9.0 E1
G1 X59.158 Y100.832 Z9.0 E1
G1 X59.229 Y100.683 Z9.0 E1
G1 X59.351 Y100.639 Z9.0 E1
G1 X61.133 Y100.639 Z9.0 E1
G1 X61.133 Y77.385 Z9.0 E1
G1 X59.351 Y77.385 Z9.0 E1
G1 X59.229 Y77.342 Z9.0 E1
G1 X59.158 Y77.193 Z9.0 E1
G1 X59.158 Y75.41 Z9.0 E1
G1 X57.407 Y75.41 Z9.0 E1
G1 X57.251 Y75.365 Z9.0 E1
G1 X57.182 Y75.217 Z9.0 E1
G1 X57.182 Y73.435 Z9.0 E1
G1 X49.474 Y73.435 Z9.0 E1
G1 X49.358 Y73.396 Z9.0 E1
G1 X49.281 Y73.242 Z9.0 E1
G1 X49.281 Y71.46 Z9.0 E1
G1 X43.805 Y71.46 Z9.0 E1
G1 X43.805 Y73.242 Z9.0 E1
G1 X43.757 Y73.37 Z9.0 E1
G1 X43.612 Y73.435 Z9.0 E1
G1 X35.904 Y73.435 Z9.0 E1
G1 X35.904 Y75.185 Z9.0 E1
G1 X35.859 Y75.341 Z9.0 E1
G1 X35.711 Y75.41 Z9.0 E1
G1 X33.929 Y75.41 Z9.0 E1
G1 X33.929 Y77.193 Z9.0 E1
G1 X33.858 Y77.342 Z9.0 E1
G1 X33.736 Y77.385 Z9.0 E1
G1 X31.954 Y77.385 Z9.0 E1
G1 X31.954 Y100.639 Z9.0 E1
G1 X33.736 Y100.639 Z9.0 E1
G1 X33.858 Y100.683 Z9.0 E1
G1 X33.929 Y100.832 Z9.0 E1
G1 X33.929 Y102.615 Z9.0 E1
G1 X35.679 Y102.615 Z9.0 E1
G1 X35.827 Y102.653 Z9.0 E1
G1 X35.904 Y102.807 Z9.0 E1
G1 X35.904 Y104.59 Z9.0 E1
G1 X37.429 Y104.59 Z9.0 E1
G1 X37.43 Y77.193 Z9.0 E1
G1 X37.475 Y77.005 Z9.0 E1
G1 X37.622 Y76.936 Z9.0 E1
G1 X43.612 Y76.936 Z9.0 E1
G1 X43.757 Y77.001 Z9.0 E1
G1 X43.805 Y77.129 Z9.0 E1
G1 X43.805 Y104.59 Z9.0 E1
G1 X49.281 Y104.59 Z9.0 E1
G1 X49.281 Y77.129 Z9.0 E1
G1 X49.315 Y77.04 Z9.0 E1
G0 X77.323 Y87.208 Z9.0
G1 X77.329 Y87.205 Z9.0 E1
G1 X77.386 Y87.069 Z9.0 E1
G1 X77.386 Y77.129 Z9.0 E1
G1 X77.318 Y76.982 Z9.0 E1
G1 X77.193 Y76.936 Z9.0 E1
G1 X71.203 Y76.936 Z9.0 E1
G1 X71.055 Y77.005 Z9.0 E1
G1 X71.01 Y77.193 Z9.0 E1
G1 X71.01 Y87.069 Z9.0 E1
G1 X71.058 Y87.197 Z9.0 E1
G1 X71.203 Y87.262 Z9.0 E1
G1 X77.193 Y87.262 Z9.0 E1
G1 X77.267 Y87.231 Z9.0 E1
G0 X65.469 Y87.204 Z9.0
G1 X65.341 Y87.262 Z9.0 E1
G1 X63.558 Y87.262 Z9.0 E1
G1 X63.558 Y90.763 Z9.0 E1
G1 X65.341 Y90.763 Z9.0 E1
G1 X65.485 Y90.828 Z9.0 E1
G1 X65.534 Y90.955 Z9.0 E1
G1 X65.534 Y104.59 Z9.0 E1
G1 X71.01 Y104.59 Z9.0 E1
G1 X71.01 Y90.955 Z9.0 E1
G1 X71.058 Y90.828 Z9.0 E1
G1 X71.203 Y90.763 Z9.0 E1
G1 X77.193 Y90.763 Z9.0 E1
G1 X77.329 Y90.819 Z9.0 E1
G1 X77.386 Y90.955 Z9.0 E1
G1 X77.386 Y104.59 Z9.0 E1
G1 X78.911 Y104.59 Z9.0 E1
G1 X78.911 Y102.807 Z9.0 E1
G1 X78.988 Y102.653 Z9.0 E1
G1 X79.104 Y102.615 Z9.0 E1
G1 X80.886 Y102.615 Z9.0 E1
G1 X80.886 Y100.832 Z9.0 E1
G1 X80.957 Y100.683 Z9.0 E1
G1 X81.079 Y100.639 Z9.0 E1
G1 X82.861 Y100.639 Z9.0 E1
G1 X82.862 Y73.435 Z9.0 E1
G1 X69.485 Y73.435 Z9.0 E1
G1 X69.485 Y75.185 Z9.0 E1
G1 X69.439 Y75.342 Z9.0 E1
G1 X69.292 Y75.41 Z9.0 E1
G1 X67.509 Y75.41 Z9.0 E1
G1 X67.509 Y77.193 Z9.0 E1
G1 X67.438 Y77.342 Z9.0 E1
G1 X67.316 Y77.385 Z9.0 E1
G1 X65.534 Y77.385 Z9.0 E1
G1 X65.534 Y87.069 Z9.0 E1
G1 X65.5 Y87.158 Z9.0 E1
G0 X99.055 Y77.001 Z9.0
G1 X99.046 Y76.982 Z9.0 E1
G1 X98.921 Y76.936 Z9.0 E1
G1 X92.931 Y76.936 Z9.0 E1
G1 X92.783 Y77.005 Z9.0 E1
G1 X92.738 Y77.193 Z9.0 E1
G1 X92.738 Y87.069 Z9.0 E1
G1 X92.786 Y87.197 Z9.0 E1
G1 X92.931 Y87.262 Z9.0 E1
G1 X98.921 Y87.262 Z9.0 E1
G1 X99.069 Y87.193 Z9.0 E1
G1 X99.114 Y87.005 Z9.0 E1
G1 X99.114 Y77.129 Z9.0 E1
G1 X99.08 Y77.056 Z9.0 E1
G0 X92.803 Y93.131 Z9.0
G1 X92.786 Y93.123 Z9.0 E1
G1 X92.738 Y92.995 Z9.0 E1
G1 X92.738 Y90.955 Z9.0 E1
G1 X92.786 Y90.828 Z9.0 E1
G1 X92.931 Y90.763 Z9.0 E1
G1 X100.64 Y90.763 Z9.0 E1
G1 X100.64 Y89.012 Z9.0 E1
G1 X100.685 Y88.856 Z9.0 E1
G1 X100.832 Y88.787 Z9.0 E1
G1 X102.615 Y88.787 Z9.0 E1
G1 X102.615 Y87.005 Z9.0 E1
G1 X102.686 Y86.855 Z9.0 E1
G1 X102.807 Y86.812 Z9.0 E1
G1 X104.59 Y86.812 Z9.0 E1
G1 X104.59 Y73.435 Z9.0 E1
G1 X91.213 Y73.435 Z9.0 E1
G1 X91.213 Y75.185 Z9.0 E1
G1 X91.168 Y75.342 Z9.0 E1
G1 X91.02 Y75.41 Z9.0 E1
G1 X89.237 Y75.41 Z9.0 E1
G1 X89.237 Y77.193 Z9.0 E1
G1 X89.166 Y77.342 Z9.0 E1
G1 X89.045 Y77.385 Z9.0 E1
G1 X87.262 Y77.385 Z9.0 E1
G1 X87.262 Y87.069 Z9.0 E1
G1 X87.214 Y87.197 Z9.0 E1
G1 X87.069 Y87.262 Z9.0 E1
G1 X85.287 Y87.262 Z9.0 E1
G1 X85.287 Y90.763 Z9.0 E1
G1 X87.069 Y90.763 Z9.0 E1
G1 X87.214 Y90.828 Z9.0 E1
G1 X87.262 Y90.955 Z9.0 E1
G1 X87.262 Y92.995 Z9.0 E1
G1 X87.214 Y93.123 Z9.0 E1
G1 X87.069 Y93.188 Z9.0 E1
G1 X85.287 Y93.188 Z9.0 E1
G1 X85.287 Y96.689 Z9.0 E1
G1 X87.069 Y96.689 Z9.0 E1
G1 X87.214 Y96.754 Z9.0 E1
G1 X87.262 Y96.882 Z9.0 E1
G1 X87.262 Y108.54 Z9.0 E1
G1 X92.738 Y108.541 Z9.0 E1
G1 X92.738 Y96.882 Z9.0 E1
G1 X92.786 Y96.754 Z9.0 E1
G1 X92.931 Y96.689 Z9.0 E1
G1 X98.921 Y96.689 Z9.0 E1
G1 X99.046 Y96.735 Z9.0 E1
G1 X99.114 Y96.882 Z9.0 E1
G1 X99.114 Y108.54 Z9.0 E1
G1 X100.903 Y108.54 Z9.0 E1
G1 X100.903 Y106.758 Z9.0 E1
G1 X100.966 Y106.615 Z9.0 E1
G1 X101.095 Y106.565 Z9.0 E1
G1 X102.615 Y106.565 Z9.0 E1
G1 X102.615 Y104.783 Z9.0 E1
G1 X102.686 Y104.633 Z9.0 E1
G1 X102.807 Y104.59 Z9.0 E1
G1 X104.59 Y104.59 Z9.0 E1
G1 X104.59 Y93.188 Z9.0 E1
G1 X92.931 Y93.188 Z9.0 E1
G1 X92.857 Y93.155 Z9.0 E1
G0 X124.403 Y80.952 Z9.0
G1 X124.414 Y80.929 Z9.0 E1
G1 X124.536 Y80.886 Z9.0 E1
G1 X126.318 Y80.886 Z9.0 E1
G1 X126.318 Y73.435 Z9.0 E1
G1 X112.941 Y73.435 Z9.0 E1
G1 X112.941 Y75.185 Z9.0 E1
G1 X112.896 Y75.342 Z9.0 E1
G1 X112.748 Y75.41 Z9.0 E1
G1 X110.966 Y75.41 Z9.0 E1
G1 X110.966 Y77.193 Z9.0 E1
G1 X110.894 Y77.342 Z9.0 E1
G1 X110.773 Y77.385 Z9.0 E1
G1 X108.99 Y77.385 Z9.0 E1
G1 X108.99 Y104.59 Z9.0 E1
G1 X122.368 Y104.59 Z9.0 E1
G1 X122.368 Y102.84 Z9.0 E1
G1 X122.413 Y102.683 Z9.0 E1
G1 X122.56 Y102.615 Z9.0 E1
G1 X124.343 Y102.614 Z9.0 E1
G1 X124.343 Y100.832 Z9.0 E1
G1 X124.42 Y100.678 Z9.0 E1
G1 X124.536 Y100.639 Z9.0 E1
G1 X126.318 Y100.639 Z9.0 E1
G1 X126.318 Y97.139 Z9.0 E1
G1 X124.568 Y97.139 Z9.0 E1
G1 X124.42 Y97.1 Z9.0 E1
G1 X124.343 Y96.946 Z9.0 E1
G1 X124.343 Y95.163 Z9.0 E1
G1 X122.593 Y95.163 Z9.0 E1
G1 X122.445 Y95.125 Z9.0 E1
G1 X122.368 Y94.97 Z9.0 E1
G1 X122.368 Y93.188 Z9.0 E1
G1 X120.842 Y93.188 Z9.0 E1
G1 X120.842 Y100.832 Z9.0 E1
G1 X120.797 Y101.02 Z9.0 E1
G1 X120.649 Y101.089 Z9.0 E1
G1 X114.659 Y101.089 Z9.0 E1
G1 X114.534 Y101.043 Z9.0 E1
G1 X114.466 Y100.896 Z9.0 E1
G1 X114.466 Y77.193 Z9.0 E1
G1 X114.512 Y77.005 Z9.0 E1
G1 X114.659 Y76.936 Z9.0 E1
G1 X120.649 Y76.936 Z9.0 E1
G1 X120.775 Y76.982 Z9.0 E1
G1 X120.842 Y77.129 Z9.0 E1
G1 X120.842 Y84.837 Z9.0 E1
G1 X122.368 Y84.837 Z9.0 E1
G1 X122.368 Y83.054 Z9.0 E1
G1 X122.445 Y82.9 Z9.0 E1
G1 X122.56 Y82.861 Z9.0 E1
G1 X124.343 Y82.861 Z9.0 E1
G1 X124.343 Y81.079 Z9.0 E1
G1 X124.377 Y81.006 Z9.0 E1
G0 X148.109 Y88.855 Z9.0
G1 X148.122 Y88.827 Z9.0 E1
G1 X148.239 Y88.787 Z9.0 E1
G1 X150.022 Y88.787 Z9.0 E1
G1 X150.022 Y87.262 Z9.0 E1
G1 X148.239 Y87.262 Z9.0 E1
G1 X148.122 Y87.222 Z9.0 E1
G1 X148.047 Y87.069 Z9.0 E1
G1 X148.047 Y77.385 Z9.0 E1
G1 X146.264 Y77.385 Z9.0 E1
G1 X146.142 Y77.342 Z9.0 E1
G1 X146.071 Y77.193 Z9.0 E1
G1 X146.071 Y75.41 Z9.0 E1
G1 X144.321 Y75.41 Z9.0 E1
G1 X144.173 Y75.372 Z9.0 E1
G1 X144.096 Y75.217 Z9.0 E1
G1 X144.096 Y73.435 Z9.0 E1
G1 X142.571 Y73.435 Z9.0 E1
G1 X142.571 Y87.069 Z9.0 E1
G1 X142.515 Y87.205 Z9.0 E1
G1 X142.378 Y87.262 Z9.0 E1
G1 X136.388 Y87.262 Z9.0 E1
G1 X136.243 Y87.197 Z9.0 E1
G1 X136.195 Y87.069 Z9.0 E1
G1 X136.195 Y73.435 Z9.0 E1
G1 X134.669 Y73.435 Z9.0 E1
G1 X134.669 Y75.218 Z9.0 E1
G1 X134.592 Y75.372 Z9.0 E1
G1 X134.477 Y75.41 Z9.0 E1
G1 X132.694 Y75.41 Z9.0 E1
G1 X132.694 Y77.193 Z9.0 E1
G1 X132.623 Y77.342 Z9.0 E1
G1 X132.501 Y77.385 Z9.0 E1
G1 X130.719 Y77.385 Z9.0 E1
G1 X130.719 Y87.069 Z9.0 E1
G1 X130.67 Y87.197 Z9.0 E1
G1 X130.526 Y87.262 Z9.0 E1
G1 X128.744 Y87.262 Z9.0 E1
G1 X128.744 Y89.012 Z9.0 E1
G1 X128.705 Y89.16 Z9.0 E1
G1 X128.551 Y89.237 Z9.0 E1
G1 X126.768 Y89.237 Z9.0 E1
G1 X126.768 Y90.763 Z9.0 E1
G1 X130.526 Y90.763 Z9.0 E1
G1 X130.67 Y90.828 Z9.0 E1
G1 X130.719 Y90.955 Z9.0 E1
G1 X130.719 Y104.59 Z9.0 E1
G1 X136.195 Y104.59 Z9.0 E1
G1 X136.195 Y90.955 Z9.0 E1
G1 X136.243 Y90.828 Z9.0 E1
G1 X136.388 Y90.763 Z9.0 E1
G1 X142.378 Y90.763 Z9.0 E1
G1 X142.515 Y90.82 Z9.0 E1
G1 X142.571 Y90.955 Z9.0 E1
G1 X142.571 Y104.59 Z9.0 E1
G1 X144.096 Y104.59 Z9.0 E1
G1 X144.096 Y102.807 Z9.0 E1
G1 X144.173 Y102.653 Z9.0 E1
G1 X144.289 Y102.615 Z9.0 E1
G1 X146.071 Y102.615 Z9.0 E1
G1 X146.071 Y100.832 Z9.0 E1
G1 X146.142 Y100.683 Z9.0 E1
G1 X146.264 Y100.639 Z9.0 E1
G1 X148.047 Y100.639 Z9.0 E1
G1 X148.047 Y88.98 Z9.0 E1
G1 X148.082 Y88.908 Z9.0 E1
G0 X157.982 Y101.023 Z9.0
G1 X157.923 Y100.896 Z9.0 E1
G1 X157.923 Y93.188 Z9.0 E1
G1 X154.423 Y93.188 Z9.0 E1
G1 X154.423 Y94.97 Z9.0 E1
G1 X154.351 Y95.12 Z9.0 E1
G1 X154.23 Y95.163 Z9.0 E1
G1 X152.447 Y95.163 Z9.0 E1
G1 X152.447 Y100.639 Z9.0 E1
G1 X154.23 Y100.639 Z9.0 E1
G1 X154.351 Y100.683 Z9.0 E1
G1 X154.423 Y100.832 Z9.0 E1
G1 X154.423 Y102.614 Z9.0 E1
G1 X156.173 Y102.614 Z9.0 E1
G1 X156.329 Y102.66 Z9.0 E1
G1 X156.398 Y102.807 Z9.0 E1
G1 X156.398 Y104.59 Z9.0 E1
G1 X165.824 Y104.59 Z9.0 E1
G1 X165.824 Y102.84 Z9.0 E1
G1 X165.87 Y102.683 Z9.0 E1
G1 X166.017 Y102.615 Z9.0 E1
G1 X167.8 Y102.615 Z9.0 E1
G1 X167.8 Y100.832 Z9.0 E1
G1 X167.871 Y100.683 Z9.0 E1
G1 X167.993 Y100.639 Z9.0 E1
G1 X169.775 Y100.639 Z9.0 E1
G1 X169.775 Y77.386 Z9.0 E1
G1 X167.993 Y77.386 Z9.0 E1
G1 X167.871 Y77.342 Z9.0 E1
G1 X167.8 Y77.193 Z9.0 E1
G1 X167.8 Y75.41 Z9.0 E1
G1 X166.049 Y75.41 Z9.0 E1
G1 X165.902 Y75.372 Z9.0 E1
G1 X165.824 Y75.217 Z9.0 E1
G1 X165.824 Y73.435 Z9.0 E1
G1 X164.299 Y73.435 Z9.0 E1
G1 X164.299 Y87.069 Z9.0 E1
G1 X164.243 Y87.205 Z9.0 E1
G1 X164.106 Y87.262 Z9.0 E1
G1 X158.116 Y87.262 Z9.0 E1
G1 X157.991 Y87.216 Z9.0 E1
G1 X157.923 Y87.069 Z9.0 E1
G1 X157.923 Y73.435 Z9.0 E1
G1 X156.398 Y73.435 Z9.0 E1
G1 X156.398 Y75.218 Z9.0 E1
G1 X156.321 Y75.372 Z9.0 E1
G1 X156.205 Y75.41 Z9.0 E1
G1 X154.423 Y75.41 Z9.0 E1
G1 X154.423 Y77.193 Z9.0 E1
G1 X154.351 Y77.342 Z9.0 E1
G1 X154.23 Y77.385 Z9.0 E1
G1 X152.447 Y77.385 Z9.0 E1
G1 X152.447 Y90.763 Z9.0 E1
G1 X164.106 Y90.763 Z9.0 E1
G1 X164.243 Y90.82 Z9.0 E1
G1 X164.299 Y90.955 Z9.0 E1
G1 X164.299 Y100.832 Z9.0 E1
G1 X164.254 Y101.02 Z9.0 E1
G1 X164.106 Y101.089 Z9.0 E1
G1 X158.148 Y101.089 Z9.0 E1
G1 X158.027 Y101.054 Z9.0 E1
G0 X15.768 Y76.994 Z9.3
G1 X15.746 Y77.005 Z9.3 E1
G1 X15.701 Y77.193 Z9.3 E1
G1 X15.701 Y100.896 Z9.3 E1
G1 X15.77 Y101.044 Z9.3 E1
G1 X15.926 Y101.089 Z9.3 E1
G1 X21.884 Y101.089 Z9.3 E1
G1 X22.032 Y101.02 Z9.3 E1
G1 X22.077 Y100.832 Z9.3 E1
G1 X22.077 Y77.129 Z9.3 E1
G1 X22.008 Y76.981 Z9.3 E1
G1 X21.852 Y76.936 Z9.3 E1
G1 X15.894 Y76.936 Z9.3 E1
G1 X15.823 Y76.969 Z9.3 E1
G0 X25.638 Y77.319 Z9.3
G1 X25.577 Y77.193 Z9.3 E1
G1 X25.577 Y75.41 Z9.3 E1
G1 X23.827 Y75.41 Z9.3 E1
G1 X23.671 Y75.365 Z9.3 E1
G1 X23.602 Y75.218 Z9.3 E1
G1 X23.602 Y73.435 Z9.3 E1
G1 X14.176 Y73.435 Z9.3 E1
G1 X14.176 Y75.185 Z9.3 E1
G1 X14.13 Y75.342 Z9.3 E1
G1 X13.983 Y75.41 Z9.3 E1
G1 X12.2 Y75.41 Z9.3 E1
G1 X12.2 Y77.193 Z9.3 E1
G1 X12.129 Y77.342 Z9.3 E1
G1 X12.007 Y77.385 Z9.3 E1
G1 X10.225 Y77.385 Z9.3 E1
G1 X10.225 Y100.639 Z9.3 E1
G1 X12.007 Y100.639 Z9.3 E1
G1 X12.129 Y100.683 Z9.3 E1
G1 X12.2 Y100.832 Z9.3 E1
G1 X12.2 Y102.615 Z9.3 E1
G1 X13.951 Y102.615 Z9.3 E1
G1 X14.107 Y102.66 Z9.3 E1
G1 X14.176 Y102.807 Z9.3 E1
G1 X14.176 Y104.59 Z9.3 E1
G1 X23.602 Y104.59 Z9.3 E1
G1 X23.602 Y102.84 Z9.3 E1
G1 X23.647 Y102.683 Z9.3 E1
G1 X23.795 Y102.615 Z9.3 E1
G1 X25.577 Y102.615 Z9.3 E1
G1 X25.577 Y100.832 Z9.3 E1
G1 X25.649 Y100.683 Z9.3 E1
G1 X25.77 Y100.639 Z9.3 E1
G1 X27.553 Y100.639 Z9.3 E1
G1 X27.553 Y77.385 Z9.3 E1
G1 X25.77 Y77.385 Z9.3 E1
G1 X25.681 Y77.354 Z9.3 E1
G0 X49.346 Y76.994 Z9.3
G1 X49.474 Y76.936 Z9.3 E1
G1 X55.432 Y76.936 Z9.3 E1
G1 X55.588 Y76.981 Z9.3 E1
G1 X55.657 Y77.129 Z9.3 E1
G1 X55.657 Y104.59 Z9.3 E1
G1 X57.182 Y104.59 Z9.3 E1
G1 X57.182 Y102.807 Z9.3 E1
G1 X57.26 Y102.653 Z9.3 E1
G1 X57.375 Y102.615 Z9.3 E1
G1 X59.158 Y102.615 Z9.3 E1
G1 X59.158 Y100.832 Z9.3 E1
G1 X59.229 Y100.683 Z9.3 E1
G1 X59.351 Y100.639 Z9.3 E1
G1 X61.133 Y100.639 Z9.3 E1
G1 X61.133 Y77.385 Z9.3 E1
G1 X59.351 Y77.385 Z9.3 E1
G1 X59.229 Y77.342 Z9.3 E1
G1 X59.158 Y77.193 Z9.3 E1
G1 X59.158 Y75.41 Z9.3 E1
G1 X57.407 Y75.41 Z9.3 E1
G1 X57.251 Y75.365 Z9.3 E1
G1 X57.182 Y75.217 Z9.3 E1
G1 X57.182 Y73.435 Z9.3 E1
G1 X49.474 Y73.435 Z9.3 E1
G1 X49.358 Y73.396 Z9.3 E1
G1 X49.281 Y73.242 Z9.3 E1
G1 X49.281 Y71.46 Z9.3 E1
G1 X43.805 Y71.46 Z9.3 E1
G1 X43.805 Y73.242 Z9.3 E1
G1 X43.757 Y73.37 Z9.3 E1
G1 X43.612 Y73.435 Z9.3 E1
G1 X35.904 Y73.435 Z9.3 E1
G1 X35.904 Y75.185 Z9.3 E1
G1 X35.859 Y75.341 Z9.3 E1
G1 X35.711 Y75.41 Z9.3 E1
G1 X33.929 Y75.41 Z9.3 E1
G1 X33.929 Y77.193 Z9.3 E1
G1 X33.858 Y77.342 Z9.3 E1
G1 X33.736 Y77.385 Z9.3 E1
G1 X31.954 Y77.385 Z9.3 E1
G1 X31.954 Y100.639 Z9.3 E1
G1 X33.736 Y100.639 Z9.3 E1
G1 X33.858 Y100.683 Z9.3 E1
G1 X33.929 Y100.832 Z9.3 E1
G1 X33.929 Y102.615 Z9.3 E1
G1 X35.679 Y102.615 Z9.3 E1
G1 X35.827 Y102.653 Z9.3 E1
G1 X35.904 Y102.807 Z9.3 E1
G1 X35.904 Y104.59 Z9.3 E1
G1 X37.429 Y104.59 Z9.3 E1
G1 X37.43 Y77.193 Z9.3 E1
G1 X37.475 Y77.005 Z9.3 E1
G1 X37.622 Y76.936 Z9.3 E1
G1 X43.612 Y76.936 Z9.3 E1
G1 X43.757 Y77.001 Z9.3 E1
G1 X43.805 Y77.129 Z9.3 E1
G1 X43.805 Y104.59 Z9.3 E1
G1 X49.281 Y104.59 Z9.3 E1
G1 X49.281 Y77.129 Z9.3 E1
G1 X49.315 Y77.04 Z9.3 E1
G0 X77.323 Y87.208 Z9.3
G1 X77.329 Y87.205 Z9.3 E1
G1 X77.386 Y87.069 Z9.3 E1
G1 X77.386 Y77.129 Z9.3 E1
G1 X77.318 Y76.982 Z9.3 E1
G1 X77.193 Y76.936 Z9.3 E1
G1 X71.203 Y76.936 Z9.3 E1
G1 X71.055 Y77.005 Z9.3 E1
G1 X71.01 Y77.193 Z9.3 E1
G1 X71.01 Y87.069 Z9.3 E1
G1 X71.058 Y87.197 Z9.3 E1
G1 X71.203 Y87.262 Z9.3 E1
G1 X77.193 Y87.262 Z9.3 E1
G1 X77.267 Y87.231 Z9.3 E1
G0 X65.469 Y87.204 Z9.3
G1 X65.341 Y87.262 Z9.3 E1
G1 X63.558 Y87.262 Z9.3 E1
G1 X63.558 Y90.763 Z9.3 E1
G1 X65.341 Y90.763 Z9.3 E1
G1 X65.485 Y90.828 Z9.3 E1
G1 X65.534 Y90.955 Z9.3 E1
G1 X65.534 Y104.59 Z9.3 E1
G1 X71.01 Y104.59 Z9.3 E1
G1 X71.01 Y90.955 Z9.3 E1
G1 X71.058 Y90.828 Z9.3 E1
G1 X71.203 Y90.763 Z9.3 E1
G1 X77.193 Y90.763 Z9.3 E1
G1 X77.329 Y90.819 Z9.3 E1
G1 X77.386 Y90.955 Z9.3 E1
G1 X77.386 Y104.59 Z9.3 E1
G1 X78.911 Y104.59 Z9.3 E1
G1 X78.911 Y102.807 Z9.3 E1
G1 X78.988 Y102.653 Z9.3 E1
G1 X79.104 Y102.615 Z9.3 E1
G1 X80.886 Y102.615 Z9.3 E1
G1 X80.886 Y100.832 Z9.3 E1
G1 X80.957 Y100.683 Z9.3 E1
G1 X81.079 Y100.639 Z9.3 E1
G1 X82.861 Y100.639 Z9.3 E1
G1 X82.862 Y73.435 Z9.3 E1
G1 X69.485 Y73.435 Z9.3 E1
G1 X69.485 Y75.185 Z9.3 E1
G1 X69.439 Y75.342 Z9.3 E1
G1 X69.292 Y75.41 Z9.3 E1
G1 X67.509 Y75.41 Z9.3 E1
G1 X67.509 Y77.193 Z9.3 E1
G1 X67.438 Y77.342 Z9.3 E1
G1 X67.316 Y77.385 Z9.3 E1
G1 X65.534 Y77.385 Z9.3 E1
G1 X65.534 Y87.069 Z9.3 E1
G1 X65.5 Y87.158 Z9.3 E1
G0 X99.055 Y77.001 Z9.3
G1 X99.046 Y76.982 Z9.3 E1
G1 X98.921 Y76.936 Z9.3 E1
G1 X92.931 Y76.936 Z9.3 E1
G1 X92.783 Y77.005 Z9.3 E1
G1 X92.738 Y77.193 Z9.3 E1
G1 X92.738 Y87.069 Z9.3 E1
G1 X92.786 Y87.197 Z9.3 E1
G1 X92.931 Y87.262 Z9.3 E1
G1 X98.921 Y87.262 Z9.3 E1
G1 X99.069 Y87.193 Z9.3 E1
G1 X99.114 Y87.005 Z9.3 E1
G1 X99.114 Y77.129 Z9.3 E1
G1 X99.08 Y77.056 Z9.3 E1
G0 X92.803 Y93.131 Z9.3
G1 X92.786 Y93.123 Z9.3 E1
G1 X92.738 Y92.995 Z9.3 E1
G1 X92.738 Y90.955 Z9.3 E1
G1 X92.786 Y90.828 Z9.3 E1
G1 X92.931 Y90.763 Z9.3 E1
G1 X100.64 Y90.763 Z9.3 E1
G1 X100.64 Y89.012 Z9.3 E1
G1 X100.685 Y88.856 Z9.3 E1
G1 X100.832 Y88.787 Z9.3 E1
G1 X102.615 Y88.787 Z9.3 E1
G1 X102.615 Y87.005 Z9.3 E1
G1 X102.686 Y86.855 Z9.3 E1
G1 X102.807 Y86.812 Z9.3 E1
G1 X104.59 Y86.812 Z9.3 E1
G1 X104.59 Y73.435 Z9.3 E1
G1 X91.213 Y73.435 Z9.3 E1
G1 X91.213 Y75.185 Z9.3 E1
G1 X91.168 Y75.342 Z9.3 E1
G1 X91.02 Y75.41 Z9.3 E1
G1 X89.237 Y75.41 Z9.3 E1
G1 X89.237 Y77.193 Z9.3 E1
G1 X89.166 Y77.342 Z9.3 E1
G1 X89.045 Y77.385 Z9.3 E1
G1 X87.262 Y77.385 Z9.3 E1
G1 X87.262 Y87.069 Z9.3 E1
G1 X87.214 Y87.197 Z9.3 E1
G1 X87.069 Y87.262 Z9.3 E1
G1 X85.287 Y87.262 Z9.3 E1
G1 X85.287 Y90.763 Z9.3 E1
G1 X87.069 Y90.763 Z9.3 E1
G1 X87.214 Y90.828 Z9.3 E1
G1 X87.262 Y90.955 Z9.3 E1
G1 X87.262 Y92.995 Z9.3 E1
G1 X87.214 Y93.123 Z9.3 E1
G1 X87.069 Y93.188 Z9.3 E1
G1 X85.287 Y93.188 Z9.3 E1
G1 X85.287 Y96.689 Z9.3 E1
G1 X87.069 Y96.689 Z9.3 E1
G1 X87.214 Y96.754 Z9.3 E1
G1 X87.262 Y96.882 Z9.3 E1
G1 X87.262 Y108.54 Z9.3 E1
G1 X92.738 Y108.541 Z9.3 E1
G1 X92.738 Y96.882 Z9.3 E1
G1 X92.786 Y96.754 Z9.3 E1
G1 X92.931 Y96.689 Z9.3 E1
G1 X98.921 Y96.689 Z9.3 E1
G1 X99.046 Y96.735 Z9.3 E1
G1 X99.114 Y96.882 Z9.3 E1
G1 X99.114 Y108.54 Z9.3 E1
G1 X100.903 Y108.54 Z9.3 E1
G1 X100.903 Y106.758 Z9.3 E1
G1 X100.966 Y106.615 Z9.3 E1
G1 X101.095 Y106.565 Z9.3 E1
G1 X102.615 Y106.565 Z9.3 E1
G1 X102.615 Y104.783 Z9.3 E1
G1 X102.686 Y104.633 Z9.3 E1
G1 X102.807 Y104.59 Z9.3 E1
G1 X104.59 Y104.59 Z9.3 E1
G1 X104.59 Y93.188 Z9.3 E1
G1 X92.931 Y93.188 Z9.3 E1
G1 X92.857 Y93.155 Z9.3 E1
G0 X124.403 Y80.952 Z9.3
G1 X124.414 Y80.929 Z9.3 E1
G1 X124.536 Y80.886 Z9.3 E1
G1 X126.318 Y80.886 Z9.3 E1
G1 X126.318 Y73.435 Z9.3 E1
G1 X112.941 Y73.435 Z9.3 E1
G1 X112.941 Y75.185 Z9.3 E1
G1 X112.896 Y75.342 Z9.3 E1
G1 X112.748 Y75.41 Z9.3 E1
G1 X110.966 Y75.41 Z9.3 E1
G1 X110.966 Y77.193 Z9.3 E1
G1 X110.894 Y77.342 Z9.3 E1
G1 X110.773 Y77.385 Z9.3 E1
G1 X108.99 Y77.385 Z9.3 E1
G1 X108.99 Y104.59 Z9.3 E1
G1 X122.368 Y104.59 Z9.3 E1
G1 X122.368 Y102.84 Z9.3 E1
G1 X122.413 Y102.683 Z9.3 E1
G1 X122.56 Y102.615 Z9.3 E1
G1 X124.343 Y102.614 Z9.3 E1
G1 X124.343 Y100.832 Z9.3 E1
G1 X124.42 Y100.678 Z9.3 E1
G1 X124.536 Y100.639 Z9.3 E1
G1 X126.318 Y100.639 Z9.3 E1
G1 X126.318 Y97.139 Z9.3 E1
G1 X124.568 Y97.139 Z9.3 E1
G1 X124.42 Y97.1 Z9.3 E1
G1 X124.343 Y96.946 Z9.3 E1
G1 X124.343 Y95.163 Z9.3 E1
G1 X122.593 Y95.163 Z9.3 E1
G1 X122.445 Y95.125 Z9.3 E1
G1 X122.368 Y94.97 Z9.3 E1
G1 X122.368 Y93.188 Z9.3 E1
G1 X120.842 Y93.188 Z9.3 E1
G1 X120.842 Y100.832 Z9.3 E1
G1 X120.797 Y101.02 Z9.3 E1
G1 X120.649 Y101.089 Z9.3 E1
G1 X114.659 Y101.089 Z9.3 E1
G1 X114.534 Y101.043 Z9.3 E1
G1 X114.466 Y100.896 Z9.3 E1
G1 X114.466 Y77.193 Z9.3 E1
G1 X114.512 Y77.005 Z9.3 E1
G1 X114.659 Y76.936 Z9.3 E1
G1 X120.649 Y76.936 Z9.3 E1
G1 X120.775 Y76.982 Z9.3 E1
G1 X120.842 Y77.129 Z9.3 E1
G1 X120.842 Y84.837 Z9.3 E1
G1 X122.368 Y84.837 Z9.3 E1
G1 X122.368 Y83.054 Z9.3 E1
G1 X122.445 Y82.9 Z9.3 E1
G1 X122.56 Y82.861 Z9.3 E1
G1 X124.343 Y82.861 Z9.3 E1
G1 X124.343 Y81.079 Z9.3 E1
G1 X124.377 Y81.006 Z9.3 E1
G0 X148.109 Y88.855 Z9.3
G1 X148.122 Y88.827 Z9.3 E1
G1 X148.239 Y88.787 Z9.3 E1
G1 X150.022 Y88.787 Z9.3 E1
G1 X150.022 Y87.262 Z9.3 E1
G1 X148.239 Y87.262 Z9.3 E1
G1 X148.122 Y87.222 Z9.3 E1
G1 X148.047 Y87.069 Z9.3 E1
G1 X148.047 Y77.385 Z9.3 E1
G1 X146.264 Y77.385 Z9.3 E1
G1 X146.142 Y77.342 Z9.3 E1
G1 X146.071 Y77.193 Z9.3 E1
G1 X146.071 Y75.41 Z9.3 E1
G1 X144.321 Y75.41 Z9.3 E1
G1 X144.173 Y75.372 Z9.3 E1
G1 X144.096 Y75.217 Z9.3 E1
G1 X144.096 Y73.435 Z9.3 E1
G1 X142.571 Y73.435 Z9.3 E1
G1 X142.571 Y87.069 Z9.3 E1
G1 X142.515 Y87.205 Z9.3 E1
G1 X142.378 Y87.262 Z9.3 E1
G1 X136.388 Y87.262 Z9.3 E1
G1 X136.243 Y87.197 Z9.3 E1
G1 X136.195 Y87.069 Z9.3 E1
G1 X136.195 Y73.435 Z9.3 E1
G1 X134.669 Y73.435 Z9.3 E1
G1 X134.669 Y75.218 Z9.3 E1
G1 X134.592 Y75.372 Z9.3 E1
G1 X134.477 Y75.41 Z9.3 E1
G1 X132.694 Y75.41 Z9.3 E1
G1 X132.694 Y77.193 Z9.3 E1
G1 X132.623 Y77.342 Z9.3 E1
G1 X132.501 Y77.385 Z9.3 E1
G1 X130.719 Y77.385 Z9.3 E1
G1 X130.719 Y87.069 Z9.3 E1
G1 X130.67 Y87.197 Z9.3 E1
G1 X130.526 Y87.262 Z9.3 E1
G1 X128.744 Y87.262 Z9.3 E1
G1 X128.744 Y89.012 Z9.3 E1
G1 X128.705 Y89.16 Z9.3 E1
G1 X128.551 Y89.237 Z9.3 E1
G1 X126.768 Y89.237 Z9.3 E1
G1 X126.768 Y90.763 Z9.3 E1
G1 X130.526 Y90.763 Z9.3 E1
G1 X130.67 Y90.828 Z9.3 E1
G1 X130.719 Y90.955 Z9.3 E1
G1 X130.719 Y104.59 Z9.3 E1
G1 X136.195 Y104.59 Z9.3 E1
G1 X136.195 Y90.955 Z9.3 E1
G1 X136.243 Y90.828 Z9.3 E1
G1 X136.388 Y90.763 Z9.3 E1
G1 X142.378 Y90.763 Z9.3 E1
G1 X142.515 Y90.82 Z9.3 E1
G1 X142.571 Y90.955 Z9.3 E1
G1 X142.571 Y104.59 Z9.3 E1
G1 X144.096 Y104.59 Z9.3 E1
G1 X144.096 Y102.807 Z9.3 E1
G1 X144.173 Y102.653 Z9.3 E1
G1 X144.289 Y102.615 Z9.3 E1
G1 X146.071 Y102.615 Z9.3 E1
G1 X146.071 Y100.832 Z9.3 E1
G1 X146.142 Y100.683 Z9.3 E1
G1 X146.264 Y100.639 Z9.3 E1
G1 X148.047 Y100.639 Z9.3 E1
G1 X148.047 Y88.98 Z9.3 E1
G1 X148.082 Y88.908 Z9.3 E1
G0 X157.982 Y101.023 Z9.3
G1 X157.923 Y100.896 Z9.3 E1
G1 X157.923 Y93.188 Z9.3 E1
G1 X154.423 Y93.188 Z9.3 E1
G1 X154.423 Y94.97 Z9.3 E1
G1 X154.351 Y95.12 Z9.3 E1
G1 X154.23 Y95.163 Z9.3 E1
G1 X152.447 Y95.163 Z9.3 E1
G1 X152.447 Y100.639 Z9.3 E1
G1 X154.23 Y100.639 Z9.3 E1
G1 X154.351 Y100.683 Z9.3 E1
G1 X154.423 Y100.832 Z9.3 E1
G1 X154.423 Y102.614 Z9.3 E1
G1 X156.173 Y102.614 Z9.3 E1
G1 X156.329 Y102.66 Z9.3 E1
G1 X156.398 Y102.807 Z9.3 E1
G1 X156.398 Y104.59 Z9.3 E1
G1 X165.824 Y104.59 Z9.3 E1
G1 X165.824 Y102.84 Z9.3 E1
G1 X165.87 Y102.683 Z9.3 E1
G1 X166.017 Y102.615 Z9.3 E1
G1 X167.8 Y102.615 Z9.3 E1
G1 X167.8 Y100.832 Z9.3 E1
G1 X167.871 Y100.683 Z9.3 E1
G1 X167.993 Y100.639 Z9.3 E1
G1 X169.775 Y100.639 Z9.3 E1
G1 X169.775 Y77.386 Z9.3 E1
G1 X167.993 Y77.386 Z9.3 E1
G1 X167.871 Y77.342 Z9.3 E1
G1 X167.8 Y77.193 Z9.3 E1
G1 X167.8 Y75.41 Z9.3 E1
G1 X166.049 Y75.41 Z9.3 E1
G1 X165.902 Y75.372 Z9.3 E1
G1 X165.824 Y75.217 Z9.3 E1
G1 X165.824 Y73.435 Z9.3 E1
G1 X164.299 Y73.435 Z9.3 E1
G1 X164.299 Y87.069 Z9.3 E1
G1 X164.243 Y87.205 Z9.3 E1
G1 X164.106 Y87.262 Z9.3 E1
G1 X158.116 Y87.262 Z9.3 E1
G1 X157.991 Y87.216 Z9.3 E1
G1 X157.923 Y87.069 Z9.3 E1
G1 X157.923 Y73.435 Z9.3 E1
G1 X156.398 Y73.435 Z9.3 E1
G1 X156.398 Y75.218 Z9.3 E1
G1 X156.321 Y75.372 Z9.3 E1
G1 X156.205 Y75.41 Z9.3 E1
G1 X154.423 Y75.41 Z9.3 E1
G1 X154.423 Y77.193 Z9.3 E1
G1 X154.351 Y77.342 Z9.3 E1
G1 X154.23 Y77.385 Z9.3 E1
G1 X152.447 Y77.385 Z9.3 E1
G1 X152.447 Y90.763 Z9.3 E1
G1 X164.106 Y90.763 Z9.3 E1
G1 X164.243 Y90.82 Z9.3 E1
G1 X164.299 Y90.955 Z9.3 E1
G1 X164.299 Y100.832 Z9.3 E1
G1 X164.254 Y101.02 Z9.3 E1
G1 X164.106 Y101.089 Z9.3 E1
G1 X158.148 Y101.089 Z9.3 E1
G1 X158.027 Y101.054 Z9.3 E1
G0 X15.768 Y76.994 Z9.6
G1 X15.746 Y77.005 Z9.6 E1
G1 X15.701 Y77.193 Z9.6 E1
G1 X15.701 Y100.896 Z9.6 E1
G1 X15.77 Y101.044 Z9.6 E1
G1 X15.926 Y101.089 Z9.6 E1
G1 X21.884 Y101.089 Z9.6 E1
G1 X22.032 Y101.02 Z9.6 E1
G1 X22.077 Y100.832 Z9.6 E1
G1 X22.077 Y77.129 Z9.6 E1
G1 X22.008 Y76.981 Z9.6 E1
G1 X21.852 Y76.936 Z9.6 E1
G1 X15.894 Y76.936 Z9.6 E1
G1 X15.823 Y76.969 Z9.6 E1
G0 X25.638 Y77.319 Z9.6
G1 X25.577 Y77.193 Z9.6 E1
G1 X25.577 Y75.41 Z9.6 E1
G1 X23.827 Y75.41 Z9.6 E1
G1 X23.671 Y75.365 Z9.6 E1
G1 X23.602 Y75.218 Z9.6 E1
G1 X23.602 Y73.435 Z9.6 E1
G1 X14.176 Y73.435 Z9.6 E1
G1 X14.176 Y75.185 Z9.6 E1
G1 X14.13 Y75.342 Z9.6 E1
G1 X13.983 Y75.41 Z9.6 E1
G1 X12.2 Y75.41 Z9.6 E1
G1 X12.2 Y77.193 Z9.6 E1
G1 X12.129 Y77.342 Z9.6 E1
G1 X12.007 Y77.385 Z9.6 E1
G1 X10.225 Y77.385 Z9.6 E1
G1 X10.225 Y100.639 Z9.6 E1
G1 X12.007 Y100.639 Z9.6 E1
G1 X12.129 Y100.683 Z9.6 E1
G1 X12.2 Y100.832 Z9.6 E1
G1 X12.2 Y102.615 Z9.6 E1
G1 X13.951 Y102.615 Z9.6 E1
G1 X14.107 Y102.66 Z9.6 E1
G1 X14.176 Y102.807 Z9.6 E1
G1 X14.176 Y104.59 Z9.6 E1
G1 X23.602 Y104.59 Z9.6 E1
G1 X23.602 Y102.84 Z9.6 E1
G1 X23.647 Y102.683 Z9.6 E1
G1 X23.795 Y102.615 Z9.6 E1
G1 X25.577 Y102.615 Z9.6 E1
G1 X25.577 Y100.832 Z9.6 E1
G1 X25.649 Y100.683 Z9.6 E1
G1 X25.77 Y100.639 Z9.6 E1
G1 X27.553 Y100.639 Z9.6 E1
G1 X27.553 Y77.385 Z9.6 E1
G1 X25.77 Y77.385 Z9.6 E1
G1 X25.681 Y77.354 Z9.6 E1
G0 X49.346 Y76.994 Z9.6
G1 X49.474 Y76.936 Z9.6 E1
G1 X55.432 Y76.936 Z9.6 E1
G1 X55.588 Y76.981 Z9.6 E1
G1 X55.657 Y77.129 Z9.6 E1
G1 X55.657 Y104.59 Z9.6 E1
G1 X57.182 Y104.59 Z9.6 E1
G1 X57.182 Y102.807 Z9.6 E1
G1 X57.26 Y102.653 Z9.6 E1
G1 X57.375 Y102.615 Z9.6 E1
G1 X59.158 Y102.615 Z9.6 E1
G1 X59.158 Y100.832 Z9.6 E1
G1 X59.229 Y100.683 Z9.6 E1
G1 X59.351 Y100.639 Z9.6 E1
G1 X61.133 Y100.639 Z9.6 E1
G1 X61.133 Y77.385 Z9.6 E1
G1 X59.351 Y77.385 Z9.6 E1
G1 X59.229 Y77.342 Z9.6 E1
G1 X59.158 Y77.193 Z9.6 E1
G1 X59.158 Y75.41 Z9.6 E1
G1 X57.407 Y75.41 Z9.6 E1
G1 X57.251 Y75.365 Z9.6 E1
G1 X57.182 Y75.217 Z9.6 E1
G1 X57.182 Y73.435 Z9.6 E1
G1 X49.474 Y73.435 Z9.6 E1
G1 X49.358 Y73.396 Z9.6 E1
G1 X49.281 Y73.242 Z9.6 E1
G1 X49.281 Y71.46 Z9.6 E1
G1 X43.805 Y71.46 Z9.6 E1
G1 X43.805 Y73.242 Z9.6 E1
G1 X43.757 Y73.37 Z9.6 E1
G1 X43.612 Y73.435 Z9.6 E1
G1 X35.904 Y73.435 Z9.6 E1
G1 X35.904 Y75.185 Z9.6 E1
G1 X35.859 Y75.341 Z9.6 E1
G1 X35.711 Y75.41 Z9.6 E1
G1 X33.929 Y75.41 Z9.6 E1
G1 X33.929 Y77.193 Z9.6 E1
G1 X33.858 Y77.342 Z9.6 E1
G1 X33.736 Y77.385 Z9.6 E1
G1 X31.954 Y77.385 Z9.6 E1
G1 X31.954 Y100.639 Z9.6 E1
G1 X33.736 Y100.639 Z9.6 E1
G1 X33.858 Y100.683 Z9.6 E1
G1 X33.929 Y100.832 Z9.6 E1
G1 X33.929 Y102.615 Z9.6 E1
G1 X35.679 Y102.615 Z9.6 E1
G1 X35.827 Y102.653 Z9.6 E1
G1 X35.904 Y102.807 Z9.6 E1
G1 X35.904 Y104.59 Z9.6 E1
G1 X37.429 Y104.59 Z9.6 E1
G1 X37.43 Y77.193 Z9.6 E1
G1 X37.475 Y77.005 Z9.6 E1
G1 X37.622 Y76.936 Z9.6 E1
G1 X43.612 Y76.936 Z9.6 E1
G1 X43.757 Y77.001 Z9.6 E1
G1 X43.805 Y77.129 Z9.6 E1
G1 X43.805 Y104.59 Z9.6 E1
G1 X49.281 Y104.59 Z9.6 E1
G1 X49.281 Y77.129 Z9.6 E1
G1 X49.315 Y77.04 Z9.6 E1
G0 X77.323 Y87.208 Z9.6
G1 X77.329 Y87.205 Z9.6 E1
G1 X77.386 Y87.069 Z9.6 E1
G1 X77.386 Y77.129 Z9.6 E1
G1 X77.318 Y76.982 Z9.6 E1
G1 X77.193 Y76.936 Z9.6 E1
G1 X71.203 Y76.936 Z9.6 E1
G1 X71.055 Y77.005 Z9.6 E1
G1 X71.01 Y77.193 Z9.6 E1
G1 X71.01 Y87.069 Z9.6 E1
G1 X71.058 Y87.197 Z9.6 E1
G1 X71.203 Y87.262 Z9.6 E1
G1 X77.193 Y87.262 Z9.6 E1
G1 X77.267 Y87.231 Z9.6 E1
G0 X65.469 Y87.204 Z9.6
G1 X65.341 Y87.262 Z9.6 E1
G1 X63.558 Y87.262 Z9.6 E1
G1 X63.558 Y90.763 Z9.6 E1
G1 X65.341 Y90.763 Z9.6 E1
G1 X65.485 Y90.828 Z9.6 E1
G1 X65.534 Y90.955 Z9.6 E1
G1 X65.534 Y104.59 Z9.6 E1
G1 X71.01 Y104.59 Z9.6 E1
G1 X71.01 Y90.955 Z9.6 E1
G1 X71.058 Y90.828 Z9.6 E1
G1 X71.203 Y90.763 Z9.6 E1
G1 X77.193 Y90.763 Z9.6 E1
G1 X77.329 Y90.819 Z9.6 E1
G1 X77.386 Y90.955 Z9.6 E1
G1 X77.386 Y104.59 Z9.6 E1
G1 X78.911 Y104.59 Z9.6 E1
G1 X78.911 Y102.807 Z9.6 E1
G1 X78.988 Y102.653 Z9.6 E1
G1 X79.104 Y102.615 Z9.6 E1
G1 X80.886 Y102.615 Z9.6 E1
G1 X80.886 Y100.832 Z9.6 E1
G1 X80.957 Y100.683 Z9.6 E1
G1 X81.079 Y100.639 Z9.6 E1
G1 X82.861 Y100.639 Z9.6 E1
G1 X82.862 Y73.435 Z9.6 E1
G1 X69.485 Y73.435 Z9.6 E1
G1 X69.485 Y75.185 Z9.6 E1
G1 X69.439 Y75.342 Z9.6 E1
G1 X69.292 Y75.41 Z9.6 E1
G1 X67.509 Y75.41 Z9.6 E1
G1 X67.509 Y77.193 Z9.6 E1
G1 X67.438 Y77.342 Z9.6 E1
G1 X67.316 Y77.385 Z9.6 E1
G1 X65.534 Y77.385 Z9.6 E1
G1 X65.534 Y87.069 Z9.6 E1
G1 X65.5 Y87.158 Z9.6 E1
G0 X99.055 Y77.001 Z9.6
G1 X99.046 Y76.982 Z9.6 E1
G1 X98.921 Y76.936 Z9.6 E1
G1 X92.931 Y76.936 Z9.6 E1
G1 X92.783 Y77.005 Z9.6 E1
G1 X92.738 Y77.193 Z9.6 E1
G1 X92.738 Y87.069 Z9.6 E1
G1 X92.786 Y87.197 Z9.6 E1
G1 X92.931 Y87.262 Z9.6 E1
G1 X98.921 Y87.262 Z9.6 E1
G1 X99.069 Y87.193 Z9.6 E1
G1 X99.114 Y87.005 Z9.6 E1
G1 X99.114 Y77.129 Z9.6 E1
G1 X99.08 Y77.056 Z9.6 E1
G0 X92.803 Y93.131 Z9.6
G1 X92.786 Y93.123 Z9.6 E1
G1 X92.738 Y92.995 Z9.6 E1
G1 X92.738 Y90.955 Z9.6 E1
G1 X92.786 Y90.828 Z9.6 E1
G1 X92.931 Y90.763 Z9.6 E1
G1 X100.64 Y90.763 Z9.6 E1
G1 X100.64 Y89.012 Z9.6 E1
G1 X100.685 Y88.856 Z9.6 E1
G1 X100.832 Y88.787 Z9.6 E1
G1 X102.615 Y88.787 Z9.6 E1
G1 X102.615 Y87.005 Z9.6 E1
G1 X102.686 Y86.855 Z9.6 E1
G1 X102.807 Y86.812 Z9.6 E1
G1 X104.59 Y86.812 Z9.6 E1
G1 X104.59 Y73.435 Z9.6 E1
G1 X91.213 Y73.435 Z9.6 E1
G1 X91.213 Y75.185 Z9.6 E1
G1 X91.168 Y75.342 Z9.6 E1
G1 X91.02 Y75.41 Z9.6 E1
G1 X89.237 Y75.41 Z9.6 E1
G1 X89.237 Y77.193 Z9.6 E1
G1 X89.166 Y77.342 Z9.6 E1
G1 X89.045 Y77.385 Z9.6 E1
G1 X87.262 Y77.385 Z9.6 E1
G1 X87.262 Y87.069 Z9.6 E1
G1 X87.214 Y87.197 Z9.6 E1
G1 X87.069 Y87.262 Z9.6 E1
G1 X85.287 Y87.262 Z9.6 E1
G1 X85.287 Y90.763 Z9.6 E1
G1 X87.069 Y90.763 Z9.6 E1
G1 X87.214 Y90.828 Z9.6 E1
G1 X87.262 Y90.955 Z9.6 E1
G1 X87.262 Y92.995 Z9.6 E1
G1 X87.214 Y93.123 Z9.6 E1
G1 X87.069 Y93.188 Z9.6 E1
G1 X85.287 Y93.188 Z9.6 E1
G1 X85.287 Y96.689 Z9.6 E1
G1 X87.069 Y96.689 Z9.6 E1
G1 X87.214 Y96.754 Z9.6 E1
G1 X87.262 Y96.882 Z9.6 E1
G1 X87.262 Y108.54 Z9.6 E1
G1 X92.738 Y108.541 Z9.6 E1
G1 X92.738 Y96.882 Z9.6 E1
G1 X92.786 Y96.754 Z9.6 E1
G1 X92.931 Y96.689 Z9.6 E1
G1 X98.921 Y96.689 Z9.6 E1
G1 X99.046 Y96.735 Z9.6 E1
G1 X99.114 Y96.882 Z9.6 E1
G1 X99.114 Y108.54 Z9.6 E1
G1 X100.903 Y108.54 Z9.6 E1
G1 X100.903 Y106.758 Z9.6 E1
G1 X100.966 Y106.615 Z9.6 E1
G1 X101.095 Y106.565 Z9.6 E1
G1 X102.615 Y106.565 Z9.6 E1
G1 X102.615 Y104.783 Z9.6 E1
G1 X102.686 Y104.633 Z9.6 E1
G1 X102.807 Y104.59 Z9.6 E1
G1 X104.59 Y104.59 Z9.6 E1
G1 X104.59 Y93.188 Z9.6 E1
G1 X92.931 Y93.188 Z9.6 E1
G1 X92.857 Y93.155 Z9.6 E1
G0 X124.403 Y80.952 Z9.6
G1 X124.414 Y80.929 Z9.6 E1
G1 X124.536 Y80.886 Z9.6 E1
G1 X126.318 Y80.886 Z9.6 E1
G1 X126.318 Y73.435 Z9.6 E1
G1 X112.941 Y73.435 Z9.6 E1
G1 X112.941 Y75.185 Z9.6 E1
G1 X112.896 Y75.342 Z9.6 E1
G1 X112.748 Y75.41 Z9.6 E1
G1 X110.966 Y75.41 Z9.6 E1
G1 X110.966 Y77.193 Z9.6 E1
G1 X110.894 Y77.342 Z9.6 E1
G1 X110.773 Y77.385 Z9.6 E1
G1 X108.99 Y77.385 Z9.6 E1
G1 X108.99 Y104.59 Z9.6 E1
G1 X122.368 Y104.59 Z9.6 E1
G1 X122.368 Y102.84 Z9.6 E1
G1 X122.413 Y102.683 Z9.6 E1
G1 X122.56 Y102.615 Z9.6 E1
G1 X124.343 Y102.614 Z9.6 E1
G1 X124.343 Y100.832 Z9.6 E1
G1 X124.42 Y100.678 Z9.6 E1
G1 X124.536 Y100.639 Z9.6 E1
G1 X126.318 Y100.639 Z9.6 E1
G1 X126.318 Y97.139 Z9.6 E1
G1 X124.568 Y97.139 Z9.6 E1
G1 X124.42 Y97.1 Z9.6 E1
G1 X124.343 Y96.946 Z9.6 E1
G1 X124.343 Y95.163 Z9.6 E1
G1 X122.593 Y95.163 Z9.6 E1
G1 X122.445 Y95.125 Z9.6 E1
G1 X122.368 Y94.97 Z9.6 E1
G1 X122.368 Y93.188 Z9.6 E1
G1 X120.842 Y93.188 Z9.6 E1
G1 X120.842 Y100.832 Z9.6 E1
G1 X120.797 Y101.02 Z9.6 E1
G1 X120.649 Y101.089 Z9.6 E1
G1 X114.659 Y101.089 Z9.6 E1
G1 X114.534 Y101.043 Z9.6 E1
G1 X114.466 Y100.896 Z9.6 E1
G1 X114.466 Y77.193 Z9.6 E1
G1 X114.512 Y77.005 Z9.6 E1
G1 X114.659 Y76.936 Z9.6 E1
G1 X120.649 Y76.936 Z9.6 E1
G1 X120.775 Y76.982 Z9.6 E1
G1 X120.842 Y77.129 Z9.6 E1
G1 X120.842 Y84.837 Z9.6 E1
G1 X122.368 Y84.837 Z9.6 E1
G1 X122.368 Y83.054 Z9.6 E1
G1 X122.445 Y82.9 Z9.6 E1
G1 X122.56 Y82.861 Z9.6 E1
G1 X124.343 Y82.861 Z9.6 E1
G1 X124.343 Y81.079 Z9.6 E1
G1 X124.377 Y81.006 Z9.6 E1
G0 X148.109 Y88.855 Z9.6
G1 X148.122 Y88.827 Z9.6 E1
G1 X148.239 Y88.787 Z9.6 E1
G1 X150.022 Y88.787 Z9.6 E1
G1 X150.022 Y87.262 Z9.6 E1
G1 X148.239 Y87.262 Z9.6 E1
G1 X148.122 Y87.222 Z9.6 E1
G1 X148.047 Y87.069 Z9.6 E1
G1 X148.047 Y77.385 Z9.6 E1
G1 X146.264 Y77.385 Z9.6 E1
G1 X146.142 Y77.342 Z9.6 E1
G1 X146.071 Y77.193 Z9.6 E1
G1 X146.071 Y75.41 Z9.6 E1
G1 X144.321 Y75.41 Z9.6 E1
G1 X144.173 Y75.372 Z9.6 E1
G1 X144.096 Y75.217 Z9.6 E1
G1 X144.096 Y73.435 Z9.6 E1
G1 X142.571 Y73.435 Z9.6 E1
G1 X142.571 Y87.069 Z9.6 E1
G1 X142.515 Y87.205 Z9.6 E1
G1 X142.378 Y87.262 Z9.6 E1
G1 X136.388 Y87.262 Z9.6 E1
G1 X136.243 Y87.197 Z9.6 E1
G1 X136.195 Y87.069 Z9.6 E1
G1 X136.195 Y73.435 Z9.6 E1
G1 X134.669 Y73.435 Z9.6 E1
G1 X134.669 Y75.218 Z9.6 E1
G1 X134.592 Y75.372 Z9.6 E1
G1 X134.477 Y75.41 Z9.6 E1
G1 X132.694 Y75.41 Z9.6 E1
G1 X132.694 Y77.193 Z9.6 E1
G1 X132.623 Y77.342 Z9.6 E1
G1 X132.501 Y77.385 Z9.6 E1
G1 X130.719 Y77.385 Z9.6 E1
G1 X130.719 Y87.069 Z9.6 E1
G1 X130.67 Y87.197 Z9.6 E1
G1 X130.526 Y87.262 Z9.6 E1
G1 X128.744 Y87.262 Z9.6 E1
G1 X128.744 Y89.012 Z9.6 E1
G1 X128.705 Y89.16 Z9.6 E1
G1 X128.551 Y89.237 Z9.6 E1
G1 X126.768 Y89.237 Z9.6 E1
G1 X126.768 Y90.763 Z9.6 E1
G1 X130.526 Y90.763 Z9.6 E1
G1 X130.67 Y90.828 Z9.6 E1
G1 X130.719 Y90.955 Z9.6 E1
G1 X130.719 Y104.59 Z9.6 E1
G1 X136.195 Y104.59 Z9.6 E1
G1 X136.195 Y90.955 Z9.6 E1
G1 X136.243 Y90.828 Z9.6 E1
G1 X136.388 Y90.763 Z9.6 E1
G1 X142.378 Y90.763 Z9.6 E1
G1 X142.515 Y90.82 Z9.6 E1
G1 X142.571 Y90.955 Z9.6 E1
G1 X142.571 Y104.59 Z9.6 E1
G1 X144.096 Y104.59 Z9.6 E1
G1 X144.096 Y102.807 Z9.6 E1
G1 X144.173 Y102.653 Z9.6 E1
G1 X144.289 Y102.615 Z9.6 E1
G1 X146.071 Y102.615 Z9.6 E1
G1 X146.071 Y100.832 Z9.6 E1
G1 X146.142 Y100.683 Z9.6 E1
G1 X146.264 Y100.639 Z9.6 E1
G1 X148.047 Y100.639 Z9.6 E1
G1 X148.047 Y88.98 Z9.6 E1
G1 X148.082 Y88.908 Z9.6 E1
G0 X157.982 Y101.023 Z9.6
G1 X157.923 Y100.896 Z9.6 E1
G1 X157.923 Y93.188 Z9.6 E1
G1 X154.423 Y93.188 Z9.6 E1
G1 X154.423 Y94.97 Z9.6 E1
G1 X154.351 Y95.12 Z9.6 E1
G1 X154.23 Y95.163 Z9.6 E1
G1 X152.447 Y95.163 Z9.6 E1
G1 X152.447 Y100.639 Z9.6 E1
G1 X154.23 Y100.639 Z9.6 E1
G1 X154.351 Y100.683 Z9.6 E1
G1 X154.423 Y100.832 Z9.6 E1
G1 X154.423 Y102.614 Z9.6 E1
G1 X156.173 Y102.614 Z9.6 E1
G1 X156.329 Y102.66 Z9.6 E1
G1 X156.398 Y102.807 Z9.6 E1
G1 X156.398 Y104.59 Z9.6 E1
G1 X165.824 Y104.59 Z9.6 E1
G1 X165.824 Y102.84 Z9.6 E1
G1 X165.87 Y102.683 Z9.6 E1
G1 X166.017 Y102.615 Z9.6 E1
G1 X167.8 Y102.615 Z9.6 E1
G1 X167.8 Y100.832 Z9.6 E1
G1 X167.871 Y100.683 Z9.6 E1
G1 X167.993 Y100.639 Z9.6 E1
G1 X169.775 Y100.639 Z9.6 E1
G1 X169.775 Y77.386 Z9.6 E1
G1 X167.993 Y77.386 Z9.6 E1
G1 X167.871 Y77.342 Z9.6 E1
G1 X167.8 Y77.193 Z9.6 E1
G1 X167.8 Y75.41 Z9.6 E1
G1 X166.049 Y75.41 Z9.6 E1
G1 X165.902 Y75.372 Z9.6 E1
G1 X165.824 Y75.217 Z9.6 E1
G1 X165.824 Y73.435 Z9.6 E1
G1 X164.299 Y73.435 Z9.6 E1
G1 X164.299 Y87.069 Z9.6 E1
G1 X164.243 Y87.205 Z9.6 E1
G1 X164.106 Y87.262 Z9.6 E1
G1 X158.116 Y87.262 Z9.6 E1
G1 X157.991 Y87.216 Z9.6 E1
G1 X157.923 Y87.069 Z9.6 E1
G1 X157.923 Y73.435 Z9.6 E1
G1 X156.398 Y73.435 Z9.6 E1
G1 X156.398 Y75.218 Z9.6 E1
G1 X156.321 Y75.372 Z9.6 E1
G1 X156.205 Y75.41 Z9.6 E1
G1 X154.423 Y75.41 Z9.6 E1
G1 X154.423 Y77.193 Z9.6 E1
G1 X154.351 Y77.342 Z9.6 E1
G1 X154.23 Y77.385 Z9.6 E1
G1 X152.447 Y77.385 Z9.6 E1
G1 X152.447 Y90.763 Z9.6 E1
G1 X164.106 Y90.763 Z9.6 E1
G1 X164.243 Y90.82 Z9.6 E1
G1 X164.299 Y90.955 Z9.6 E1
G1 X164.299 Y100.832 Z9.6 E1
G1 X164.254 Y101.02 Z9.6 E1
G1 X164.106 Y101.089 Z9.6 E1
G1 X158.148 Y101.089 Z9.6 E1
G1 X158.027 Y101.054 Z9.6 E1
G0 X15.768 Y76.994 Z9.9
G1 X15.746 Y77.005 Z9.9 E1
G1 X15.701 Y77.193 Z9.9 E1
G1 X15.701 Y100.896 Z9.9 E1
G1 X15.77 Y101.044 Z9.9 E1
G1 X15.926 Y101.089 Z9.9 E1
G1 X21.884 Y101.089 Z9.9 E1
G1 X22.032 Y101.02 Z9.9 E1
G1 X22.077 Y100.832 Z9.9 E1
G1 X22.077 Y77.129 Z9.9 E1
G1 X22.008 Y76.981 Z9.9 E1
G1 X21.852 Y76.936 Z9.9 E1
G1 X15.894 Y76.936 Z9.9 E1
G1 X15.823 Y76.969 Z9.9 E1
G0 X25.638 Y77.319 Z9.9
G1 X25.577 Y77.193 Z9.9 E1
G1 X25.577 Y75.41 Z9.9 E1
G1 X23.827 Y75.41 Z9.9 E1
G1 X23.671 Y75.365 Z9.9 E1
G1 X23.602 Y75.218 Z9.9 E1
G1 X23.602 Y73.435 Z9.9 E1
G1 X14.176 Y73.435 Z9.9 E1
G1 X14.176 Y75.185 Z9.9 E1
G1 X14.13 Y75.342 Z9.9 E1
G1 X13.983 Y75.41 Z9.9 E1
G1 X12.2 Y75.41 Z9.9 E1
G1 X12.2 Y77.193 Z9.9 E1
G1 X12.129 Y77.342 Z9.9 E1
G1 X12.007 Y77.385 Z9.9 E1
G1 X10.225 Y77.385 Z9.9 E1
G1 X10.225 Y100.639 Z9.9 E1
G1 X12.007 Y100.639 Z9.9 E1
G1 X12.129 Y100.683 Z9.9 E1
G1 X12.2 Y100.832 Z9.9 E1
G1 X12.2 Y102.615 Z9.9 E1
G1 X13.951 Y102.615 Z9.9 E1
G1 X14.107 Y102.66 Z9.9 E1
G1 X14.176 Y102.807 Z9.9 E1
G1 X14.176 Y104.59 Z9.9 E1
G1 X23.602 Y104.59 Z9.9 E1
G1 X23.602 Y102.84 Z9.9 E1
G1 X23.647 Y102.683 Z9.9 E1
G1 X23.795 Y102.615 Z9.9 E1
G1 X25.577 Y102.615 Z9.9 E1
G1 X25.577 Y100.832 Z9.9 E1
G1 X25.649 Y100.683 Z9.9 E1
G1 X25.77 Y100.639 Z9.9 E1
G1 X27.553 Y100.639 Z9.9 E1
G1 X27.553 Y77.385 Z9.9 E1
G1 X25.77 Y77.385 Z9.9 E1
G1 X25.681 Y77.354 Z9.9 E1
G0 X49.346 Y76.994 Z9.9
G1 X49.474 Y76.936 Z9.9 E1
G1 X55.432 Y76.936 Z9.9 E1
G1 X55.588 Y76.981 Z9.9 E1
G1 X55.657 Y77.129 Z9.9 E1
G1 X55.657 Y104.59 Z9.9 E1
G1 X57.182 Y104.59 Z9.9 E1
G1 X57.182 Y102.807 Z9.9 E1
G1 X57.26 Y102.653 Z9.9 E1
G1 X57.375 Y102.615 Z9.9 E1
G1 X59.158 Y102.615 Z9.9 E1
G1 X59.158 Y100.832 Z9.9 E1
G1 X59.229 Y100.683 Z9.9 E1
G1 X59.351 Y100.639 Z9.9 E1
G1 X61.133 Y100.639 Z9.9 E1
G1 X61.133 Y77.385 Z9.9 E1
G1 X59.351 Y77.385 Z9.9 E1
G1 X59.229 Y77.342 Z9.9 E1
G1 X59.158 Y77.193 Z9.9 E1
G1 X59.158 Y75.41 Z9.9 E1
G1 X57.407 Y75.41 Z9.9 E1
G1 X57.251 Y75.365 Z9.9 E1
G1 X57.182 Y75.217 Z9.9 E1
G1 X57.182 Y73.435 Z9.9 E1
G1 X49.474 Y73.435 Z9.9 E1
G1 X49.358 Y73.396 Z9.9 E1
G1 X49.281 Y73.242 Z9.9 E1
G1 X49.281 Y71.46 Z9.9 E1
G1 X43.805 Y71.46 Z9.9 E1
G1 X43.805 Y73.242 Z9.9 E1
G1 X43.757 Y73.37 Z9.9 E1
G1 X43.612 Y73.435 Z9.9 E1
G1 X35.904 Y73.435 Z9.9 E1
G1 X35.904 Y75.185 Z9.9 E1
G1 X35.859 Y75.341 Z9.9 E1
G1 X35.711 Y75.41 Z9.9 E1
G1 X33.929 Y75.41 Z9.9 E1
G1 X33.929 Y77.193 Z9.9 E1
G1 X33.858 Y77.342 Z9.9 E1
G1 X33.736 Y77.385 Z9.9 E1
G1 X31.954 Y77.385 Z9.9 E1
G1 X31.954 Y100.639 Z9.9 E1
G1 X33.736 Y100.639 Z9.9 E1
G1 X33.858 Y100.683 Z9.9 E1
G1 X33.929 Y100.832 Z9.9 E1
G1 X33.929 Y102.615 Z9.9 E1
G1 X35.679 Y102.615 Z9.9 E1
G1 X35.827 Y102.653 Z9.9 E1
G1 X35.904 Y102.807 Z9.9 E1
G1 X35.904 Y104.59 Z9.9 E1
G1 X37.429 Y104.59 Z9.9 E1
G1 X37.43 Y77.193 Z9.9 E1
G1 X37.475 Y77.005 Z9.9 E1
G1 X37.622 Y76.936 Z9.9 E1
G1 X43.612 Y76.936 Z9.9 E1
G1 X43.757 Y77.001 Z9.9 E1
G1 X43.805 Y77.129 Z9.9 E1
G1 X43.805 Y104.59 Z9.9 E1
G1 X49.281 Y104.59 Z9.9 E1
G1 X49.281 Y77.129 Z9.9 E1
G1 X49.315 Y77.04 Z9.9 E1
G0 X77.323 Y87.208 Z9.9
G1 X77.329 Y87.205 Z9.9 E1
G1 X77.386 Y87.069 Z9.9 E1
G1 X77.386 Y77.129 Z9.9 E1
G1 X77.318 Y76.982 Z9.9 E1
G1 X77.193 Y76.936 Z9.9 E1
G1 X71.203 Y76.936 Z9.9 E1
G1 X71.055 Y77.005 Z9.9 E1
G1 X71.01 Y77.193 Z9.9 E1
G1 X71.01 Y87.069 Z9.9 E1
G1 X71.058 Y87.197 Z9.9 E1
G1 X71.203 Y87.262 Z9.9 E1
G1 X77.193 Y87.262 Z9.9 E1
G1 X77.267 Y87.231 Z9.9 E1
G0 X65.469 Y87.204 Z9.9
G1 X65.341 Y87.262 Z9.9 E1
G1 X63.558 Y87.262 Z9.9 E1
G1 X63.558 Y90.763 Z9.9 E1
G1 X65.341 Y90.763 Z9.9 E1
G1 X65.485 Y90.828 Z9.9 E1
G1 X65.534 Y90.955 Z9.9 E1
G1 X65.534 Y104.59 Z9.9 E1
G1 X71.01 Y104.59 Z9.9 E1
G1 X71.01 Y90.955 Z9.9 E1
G1 X71.058 Y90.828 Z9.9 E1
G1 X71.203 Y90.763 Z9.9 E1
G1 X77.193 Y90.763 Z9.9 E1
G1 X77.329 Y90.819 Z9.9 E1
G1 X77.386 Y90.955 Z9.9 E1
G1 X77.386 Y104.59 Z9.9 E1
G1 X78.911 Y104.59 Z9.9 E1
G1 X78.911 Y102.807 Z9.9 E1
G1 X78.988 Y102.653 Z9.9 E1
G1 X79.104 Y102.615 Z9.9 E1
G1 X80.886 Y102.615 Z9.9 E1
G1 X80.886 Y100.832 Z9.9 E1
G1 X80.957 Y100.683 Z9.9 E1
G1 X81.079 Y100.639 Z9.9 E1
G1 X82.861 Y100.639 Z9.9 E1
G1 X82.862 Y73.435 Z9.9 E1
G1 X69.485 Y73.435 Z9.9 E1
G1 X69.485 Y75.185 Z9.9 E1
G1 X69.439 Y75.342 Z9.9 E1
G1 X69.292 Y75.41 Z9.9 E1
G1 X67.509 Y75.41 Z9.9 E1
G1 X67.509 Y77.193 Z9.9 E1
G1 X67.438 Y77.342 Z9.9 E1
G1 X67.316 Y77.385 Z9.9 E1
G1 X65.534 Y77.385 Z9.9 E1
G1 X65.534 Y87.069 Z9.9 E1
G1 X65.5 Y87.158 Z9.9 E1
G0 X99.055 Y77.001 Z9.9
G1 X99.046 Y76.982 Z9.9 E1
G1 X98.921 Y76.936 Z9.9 E1
G1 X92.931 Y76.936 Z9.9 E1
G1 X92.783 Y77.005 Z9.9 E1
G1 X92.738 Y77.193 Z9.9 E1
G1 X92.738 Y87.069 Z9.9 E1
G1 X92.786 Y87.197 Z9.9 E1
G1 X92.931 Y87.262 Z9.9 E1
G1 X98.921 Y87.262 Z9.9 E1
G1 X99.069 Y87.193 Z9.9 E1
G1 X99.114 Y87.005 Z9.9 E1
G1 X99.114 Y77.129 Z9.9 E1
G1 X99.08 Y77.056 Z9.9 E1
G0 X92.803 Y93.131 Z9.9
G1 X92.786 Y93.123 Z9.9 E1
G1 X92.738 Y92.995 Z9.9 E1
G1 X92.738 Y90.955 Z9.9 E1
G1 X92.786 Y90.828 Z9.9 E1
G1 X92.931 Y90.763 Z9.9 E1
G1 X100.64 Y90.763 Z9.9 E1
G1 X100.64 Y89.012 Z9.9 E1
G1 X100.685 Y88.856 Z9.9 E1
G1 X100.832 Y88.787 Z9.9 E1
G1 X102.615 Y88.787 Z9.9 E1
G1 X102.615 Y87.005 Z9.9 E1
G1 X102.686 Y86.855 Z9.9 E1
G1 X102.807 Y86.812 Z9.9 E1
G1 X104.59 Y86.812 Z9.9 E1
G1 X104.59 Y73.435 Z9.9 E1
G1 X91.213 Y73.435 Z9.9 E1
G1 X91.213 Y75.185 Z9.9 E1
G1 X91.168 Y75.342 Z9.9 E1
G1 X91.02 Y75.41 Z9.9 E1
G1 X89.237 Y75.41 Z9.9 E1
G1 X89.237 Y77.193 Z9.9 E1
G1 X89.166 Y77.342 Z9.9 E1
G1 X89.045 Y77.385 Z9.9 E1
G1 X87.262 Y77.385 Z9.9 E1
G1 X87.262 Y87.069 Z9.9 E1
G1 X87.214 Y87.197 Z9.9 E1
G1 X87.069 Y87.262 Z9.9 E1
G1 X85.287 Y87.262 Z9.9 E1
G1 X85.287 Y90.763 Z9.9 E1
G1 X87.069 Y90.763 Z9.9 E1
G1 X87.214 Y90.828 Z9.9 E1
G1 X87.262 Y90.955 Z9.9 E1
G1 X87.262 Y92.995 Z9.9 E1
G1 X87.214 Y93.123 Z9.9 E1
G1 X87.069 Y93.188 Z9.9 E1
G1 X85.287 Y93.188 Z9.9 E1
G1 X85.287 Y96.689 Z9.9 E1
G1 X87.069 Y96.689 Z9.9 E1
G1 X87.214 Y96.754 Z9.9 E1
G1 X87.262 Y96.882 Z9.9 E1
G1 X87.262 Y108.54 Z9.9 E1
G1 X92.738 Y108.541 Z9.9 E1
G1 X92.738 Y96.882 Z9.9 E1
G1 X92.786 Y96.754 Z9.9 E1
G1 X92.931 Y96.689 Z9.9 E1
G1 X98.921 Y96.689 Z9.9 E1
G1 X99.046 Y96.735 Z9.9 E1
G1 X99.114 Y96.882 Z9.9 E1
G1 X99.114 Y108.54 Z9.9 E1
G1 X100.903 Y108.54 Z9.9 E1
G1 X100.903 Y106.758 Z9.9 E1
G1 X100.966 Y106.615 Z9.9 E1
G1 X101.095 Y106.565 Z9.9 E1
G1 X102.615 Y106.565 Z9.9 E1
G1 X102.615 Y104.783 Z9.9 E1
G1 X102.686 Y104.633 Z9.9 E1
G1 X102.807 Y104.59 Z9.9 E1
G1 X104.59 Y104.59 Z9.9 E1
G1 X104.59 Y93.188 Z9.9 E1
G1 X92.931 Y93.188 Z9.9 E1
G1 X92.857 Y93.155 Z9.9 E1
G0 X124.403 Y80.952 Z9.9
G1 X124.414 Y80.929 Z9.9 E1
G1 X124.536 Y80.886 Z9.9 E1
G1 X126.318 Y80.886 Z9.9 E1
G1 X126.318 Y73.435 Z9.9 E1
G1 X112.941 Y73.435 Z9.9 E1
G1 X112.941 Y75.185 Z9.9 E1
G1 X112.896 Y75.342 Z9.9 E1
G1 X112.748 Y75.41 Z9.9 E1
G1 X110.966 Y75.41 Z9.9 E1
G1 X110.966 Y77.193 Z9.9 E1
G1 X110.894 Y77.342 Z9.9 E1
G1 X110.773 Y77.385 Z9.9 E1
G1 X108.99 Y77.385 Z9.9 E1
G1 X108.99 Y104.59 Z9.9 E1
G1 X122.368 Y104.59 Z9.9 E1
G1 X122.368 Y102.84 Z9.9 E1
G1 X122.413 Y102.683 Z9.9 E1
G1 X122.56 Y102.615 Z9.9 E1
G1 X124.343 Y102.614 Z9.9 E1
G1 X124.343 Y100.832 Z9.9 E1
G1 X124.42 Y100.678 Z9.9 E1
G1 X124.536 Y100.639 Z9.9 E1
G1 X126.318 Y100.639 Z9.9 E1
G1 X126.318 Y97.139 Z9.9 E1
G1 X124.568 Y97.139 Z9.9 E1
G1 X124.42 Y97.1 Z9.9 E1
G1 X124.343 Y96.946 Z9.9 E1
G1 X124.343 Y95.163 Z9.9 E1
G1 X122.593 Y95.163 Z9.9 E1
G1 X122.445 Y95.125 Z9.9 E1
G1 X122.368 Y94.97 Z9.9 E1
G1 X122.368 Y93.188 Z9.9 E1
G1 X120.842 Y93.188 Z9.9 E1
G1 X120.842 Y100.832 Z9.9 E1
G1 X120.797 Y101.02 Z9.9 E1
G1 X120.649 Y101.089 Z9.9 E1
G1 X114.659 Y101.089 Z9.9 E1
G1 X114.534 Y101.043 Z9.9 E1
G1 X114.466 Y100.896 Z9.9 E1
G1 X114.466 Y77.193 Z9.9 E1
G1 X114.512 Y77.005 Z9.9 E1
G1 X114.659 Y76.936 Z9.9 E1
G1 X120.649 Y76.936 Z9.9 E1
G1 X120.775 Y76.982 Z9.9 E1
G1 X120.842 Y77.129 Z9.9 E1
G1 X120.842 Y84.837 Z9.9 E1
G1 X122.368 Y84.837 Z9.9 E1
G1 X122.368 Y83.054 Z9.9 E1
G1 X122.445 Y82.9 Z9.9 E1
G1 X122.56 Y82.861 Z9.9 E1
G1 X124.343 Y82.861 Z9.9 E1
G1 X124.343 Y81.079 Z9.9 E1
G1 X124.377 Y81.006 Z9.9 E1
G0 X148.109 Y88.855 Z9.9
G1 X148.122 Y88.827 Z9.9 E1
G1 X148.239 Y88.787 Z9.9 E1
G1 X150.022 Y88.787 Z9.9 E1
G1 X150.022 Y87.262 Z9.9 E1
G1 X148.239 Y87.262 Z9.9 E1
G1 X148.122 Y87.222 Z9.9 E1
G1 X148.047 Y87.069 Z9.9 E1
G1 X148.047 Y77.385 Z9.9 E1
G1 X146.264 Y77.385 Z9.9 E1
G1 X146.142 Y77.342 Z9.9 E1
G1 X146.071 Y77.193 Z9.9 E1
G1 X146.071 Y75.41 Z9.9 E1
G1 X144.321 Y75.41 Z9.9 E1
G1 X144.173 Y75.372 Z9.9 E1
G1 X144.096 Y75.217 Z9.9 E1
G1 X144.096 Y73.435 Z9.9 E1
G1 X142.571 Y73.435 Z9.9 E1
G1 X142.571 Y87.069 Z9.9 E1
G1 X142.515 Y87.205 Z9.9 E1
G1 X142.378 Y87.262 Z9.9 E1
G1 X136.388 Y87.262 Z9.9 E1
G1 X136.243 Y87.197 Z9.9 E1
G1 X136.195 Y87.069 Z9.9 E1
G1 X136.195 Y73.435 Z9.9 E1
G1 X134.669 Y73.435 Z9.9 E1
G1 X134.669 Y75.218 Z9.9 E1
G1 X134.592 Y75.372 Z9.9 E1
G1 X134.477 Y75.41 Z9.9 E1
G1 X132.694 Y75.41 Z9.9 E1
G1 X132.694 Y77.193 Z9.9 E1
G1 X132.623 Y77.342 Z9.9 E1
G1 X132.501 Y77.385 Z9.9 E1
G1 X130.719 Y77.385 Z9.9 E1
G1 X130.719 Y87.069 Z9.9 E1
G1 X130.67 Y87.197 Z9.9 E1
G1 X130.526 Y87.262 Z9.9 E1
G1 X128.744 Y87.262 Z9.9 E1
G1 X128.744 Y89.012 Z9.9 E1
G1 X128.705 Y89.16 Z9.9 E1
G1 X128.551 Y89.237 Z9.9 E1
G1 X126.768 Y89.237 Z9.9 E1
G1 X126.768 Y90.763 Z9.9 E1
G1 X130.526 Y90.763 Z9.9 E1
G1 X130.67 Y90.828 Z9.9 E1
G1 X130.719 Y90.955 Z9.9 E1
G1 X130.719 Y104.59 Z9.9 E1
G1 X136.195 Y104.59 Z9.9 E1
G1 X136.195 Y90.955 Z9.9 E1
G1 X136.243 Y90.828 Z9.9 E1
G1 X136.388 Y90.763 Z9.9 E1
G1 X142.378 Y90.763 Z9.9 E1
G1 X142.515 Y90.82 Z9.9 E1
G1 X142.571 Y90.955 Z9.9 E1
G1 X142.571 Y104.59 Z9.9 E1
G1 X144.096 Y104.59 Z9.9 E1
G1 X144.096 Y102.807 Z9.9 E1
G1 X144.173 Y102.653 Z9.9 E1
G1 X144.289 Y102.615 Z9.9 E1
G1 X146.071 Y102.615 Z9.9 E1
G1 X146.071 Y100.832 Z9.9 E1
G1 X146.142 Y100.683 Z9.9 E1
G1 X146.264 Y100.639 Z9.9 E1
G1 X148.047 Y100.639 Z9.9 E1
G1 X148.047 Y88.98 Z9.9 E1
G1 X148.082 Y88.908 Z9.9 E1
G0 X157.982 Y101.023 Z9.9
G1 X157.923 Y100.896 Z9.9 E1
G1 X157.923 Y93.188 Z9.9 E1
G1 X154.423 Y93.188 Z9.9 E1
G1 X154.423 Y94.97 Z9.9 E1
G1 X154.351 Y95.12 Z9.9 E1
G1 X154.23 Y95.163 Z9.9 E1
G1 X152.447 Y95.163 Z9.9 E1
G1 X152.447 Y100.639 Z9.9 E1
G1 X154.23 Y100.639 Z9.9 E1
G1 X154.351 Y100.683 Z9.9 E1
G1 X154.423 Y100.832 Z9.9 E1
G1 X154.423 Y102.614 Z9.9 E1
G1 X156.173 Y102.614 Z9.9 E1
G1 X156.329 Y102.66 Z9.9 E1
G1 X156.398 Y102.807 Z9.9 E1
G1 X156.398 Y104.59 Z9.9 E1
G1 X165.824 Y104.59 Z9.9 E1
G1 X165.824 Y102.84 Z9.9 E1
G1 X165.87 Y102.683 Z9.9 E1
G1 X166.017 Y102.615 Z9.9 E1
G1 X167.8 Y102.615 Z9.9 E1
G1 X167.8 Y100.832 Z9.9 E1
G1 X167.871 Y100.683 Z9.9 E1
G1 X167.993 Y100.639 Z9.9 E1
G1 X169.775 Y100.639 Z9.9 E1
G1 X169.775 Y77.386 Z9.9 E1
G1 X167.993 Y77.386 Z9.9 E1
G1 X167.871 Y77.342 Z9.9 E1
G1 X167.8 Y77.193 Z9.9 E1
G1 X167.8 Y75.41 Z9.9 E1
G1 X166.049 Y75.41 Z9.9 E1
G1 X165.902 Y75.372 Z9.9 E1
G1 X165.824 Y75.217 Z9.9 E1
G1 X165.824 Y73.435 Z9.9 E1
G1 X164.299 Y73.435 Z9.9 E1
G1 X164.299 Y87.069 Z9.9 E1
G1 X164.243 Y87.205 Z9.9 E1
G1 X164.106 Y87.262 Z9.9 E1
G1 X158.116 Y87.262 Z9.9 E1
G1 X157.991 Y87.216 Z9.9 E1
G1 X157.923 Y87.069 Z9.9 E1
G1 X157.923 Y73.435 Z9.9 E1
G1 X156.398 Y73.435 Z9.9 E1
G1 X156.398 Y75.218 Z9.9 E1
G1 X156.321 Y75.372 Z9.9 E1
G1 X156.205 Y75.41 Z9.9 E1
G1 X154.423 Y75.41 Z9.9 E1
G1 X154.423 Y77.193 Z9.9 E1
G1 X154.351 Y77.342 Z9.9 E1
G1 X154.23 Y77.385 Z9.9 E1
G1 X152.447 Y77.385 Z9.9 E1
G1 X152.447 Y90.763 Z9.9 E1
G1 X164.106 Y90.763 Z9.9 E1
G1 X164.243 Y90.82 Z9.9 E1
G1 X164.299 Y90.955 Z9.9 E1
G1 X164.299 Y100.832 Z9.9 E1
G1 X164.254 Y101.02 Z9.9 E1
G1 X164.106 Y101.089 Z9.9 E1
G1 X158.148 Y101.089 Z9.9 E1
G1 X158.027 Y101.054 Z9.9 E1
